2026-06-04 14:21:22 | WARNING  | main:87 | [PYTENSOR] g++ compiler not found — running on the Python backend (slower, but fully functional).  To enable the faster C backend: conda install -c conda-forge m2w64-toolchain  (Windows/conda)  |  sudo apt-get install g++ build-essential  (Linux/WSL)
2026-06-04 14:21:22 | INFO     | config:655 | [CONFIG] Loaded YAML config from: smoke_config_clara.yaml
2026-06-04 14:21:22 | INFO     | config:741 | [CONFIG] Schema built:
DataSchema: weekly data
  Date: date  |  Response: response_metric_inbound_signups_total
  Media channels: 4
    clara_dv360               -> media_clicks_clara_dv360 (clicks, type=paid_display)
    clara_google              -> media_clicks_clara_google (clicks, type=paid_search)
    clara_linkedin            -> media_clicks_clara_linkedin (clicks, type=paid_social)
    clara_meta                -> media_clicks_clara_meta (clicks, type=paid_social)
2026-06-04 14:21:22 | DEBUG    | priors:948 |   Partial match: 'paid_display' -> 'display'
2026-06-04 14:21:22 | INFO     | pipeline:351 | ======================================================================
2026-06-04 14:21:22 | INFO     | pipeline:352 |   BAYESIAN MARKET MIX MODEL - PRODUCTION PIPELINE (~60+ min (depends on settings))
2026-06-04 14:21:22 | INFO     | pipeline:353 | ======================================================================
2026-06-04 14:21:22 | INFO     | pipeline:354 |   CSV          : wkly_clara_data_31Jul 2.csv
2026-06-04 14:21:22 | INFO     | pipeline:355 |   Response     : response_metric_inbound_signups_total
2026-06-04 14:21:22 | INFO     | pipeline:356 |   Frequency    : weekly | dayfirst=True | holdout=0
2026-06-04 14:21:22 | INFO     | pipeline:357 |   Spend prefix : spends_
2026-06-04 14:21:22 | INFO     | pipeline:358 |   Media cols   : [prefix-based auto]
2026-06-04 14:21:22 | INFO     | pipeline:359 |   Output dir   : mmm_outputs_smoke
2026-06-04 14:21:22 | INFO     | pipeline:360 |   Hierarchical : False | two-timescale adstock: False | synergies: False
2026-06-04 14:21:22 | INFO     | pipeline:361 |   Baseline     : linear_trend
2026-06-04 14:21:22 | INFO     | pipeline:362 |   Ranking      : lexicographic
2026-06-04 14:21:22 | INFO     | pipeline:363 |   Hybrid fast  : False
2026-06-04 14:21:22 | INFO     | pipeline:364 |   Runtime mode : standard
2026-06-04 14:21:22 | INFO     | pipeline:365 |   Quality gate : accept quality_flag <= 2 | reject_if_all_bad=False
2026-06-04 14:21:22 | INFO     | pipeline:366 |   Skip Stage 0 : True
2026-06-04 14:21:22 | INFO     | pipeline:367 |   Skip MAP     : True
2026-06-04 14:21:22 | INFO     | pipeline:368 |   Use lag      : False
2026-06-04 14:21:22 | INFO     | pipeline:369 |   Time-varying betas : False
2026-06-04 14:21:22 | INFO     | pipeline:370 |   Dynamic saturation: False
2026-06-04 14:21:22 | INFO     | pipeline:371 |   Strict validation : False
2026-06-04 14:21:22 | INFO     | pipeline:372 |   Outlier detection : True
2026-06-04 14:21:22 | INFO     | pipeline:373 |   Stationarity test : True
2026-06-04 14:21:22 | INFO     | pipeline:374 |   Channel priors: custom (4 channels)
2026-06-04 14:21:22 | INFO     | pipeline:375 | ======================================================================
2026-06-04 14:21:22 | INFO     | pipeline:528 | 
[PREP] Loading and preprocessing data...
2026-06-04 14:21:22 | INFO     | data_prep:445 | Loading data from: wkly_clara_data_31Jul 2.csv
2026-06-04 14:21:22 | INFO     | data_prep:494 |   Rows after filter: 84
2026-06-04 14:21:22 | INFO     | data_prep:495 |   Date range: 2024-01-01 00:00:00 -> 2025-08-04 00:00:00
2026-06-04 14:21:22 | WARNING  | data_prep:518 | Response has <=0 values. (auto) Clipped to 0 for log1p/sqrt.
2026-06-04 14:21:22 | WARNING  | data_prep:556 | [DATA_PREP] Detected 1 outlier(s) in the response after transform. Review data quality or enable robust handling.
2026-06-04 14:21:22 | INFO     | data_prep:569 | [DATA_PREP] Stationarity checks: adf_stat=-14.9473, adf_pvalue=0.0000, kpss_stat=0.8009, kpss_pvalue=0.0100
2026-06-04 14:21:22 | INFO     | data_prep:581 |   Response transform: log1p | min=0, max=373, mean=161
2026-06-04 14:21:22 | INFO     | data_prep:612 |   Per-channel variable selections:
2026-06-04 14:21:22 | INFO     | data_prep:614 |     clara_dv360                    -> media_clicks_clara_dv360
2026-06-04 14:21:22 | INFO     | data_prep:614 |     clara_google                   -> media_clicks_clara_google
2026-06-04 14:21:22 | INFO     | data_prep:614 |     clara_linkedin                 -> media_clicks_clara_linkedin
2026-06-04 14:21:22 | INFO     | data_prep:614 |     clara_meta                     -> media_clicks_clara_meta
2026-06-04 14:21:22 | INFO     | data_prep:630 |   Media columns selected: ['media_clicks_clara_dv360', 'media_clicks_clara_google', 'media_clicks_clara_linkedin', 'media_clicks_clara_meta']
2026-06-04 14:21:22 | WARNING  | data_prep:766 | [DATA_PREP] fourier_order capped: requested 2 but T=84 weekly periods only supports 1 (need ~52 observations per order). Using fourier_order=1.
2026-06-04 14:21:22 | INFO     | data_prep:774 |   Fourier seasonality: frequency=weekly, period=52.18, order=1
2026-06-04 14:21:22 | INFO     | data_prep:811 |   T=84 weekly | C=4 channels | Fourier order=1
2026-06-04 14:21:22 | INFO     | data_prep:837 |   Channel families: ['generic']
2026-06-04 14:21:22 | INFO     | data_prep:839 |     media_clicks_clara_dv360            -> generic
2026-06-04 14:21:22 | INFO     | data_prep:839 |     media_clicks_clara_google           -> generic
2026-06-04 14:21:22 | INFO     | data_prep:839 |     media_clicks_clara_linkedin         -> generic
2026-06-04 14:21:22 | INFO     | data_prep:839 |     media_clicks_clara_meta             -> generic
2026-06-04 14:21:22 | DEBUG    | data_prep:1155 |   [RESET_MASK] 3 restart event(s) across 4 channels (gap threshold = 4 weeks)
2026-06-04 14:21:22 | INFO     | pipeline:532 | [PREP] Done in 0.1s
2026-06-04 14:21:22 | INFO     | priors:295 | [PRIOR-CFG] Validated 4 per-channel prior configs. Channels using defaults: []
2026-06-04 14:21:22 | INFO     | pipeline:615 | [S0] Skipped - using hybrid fast-scan winners if available
2026-06-04 14:21:22 | INFO     | pipeline:630 | 
[SPECS] Per-channel transform assignments:
2026-06-04 14:21:22 | INFO     | pipeline:632 |   [0] media_clicks_clara_dv360       -> geometric+softplus
2026-06-04 14:21:22 | INFO     | pipeline:632 |   [1] media_clicks_clara_google      -> geometric+softplus
2026-06-04 14:21:22 | INFO     | pipeline:632 |   [2] media_clicks_clara_linkedin    -> geometric+softplus
2026-06-04 14:21:22 | INFO     | pipeline:632 |   [3] media_clicks_clara_meta        -> geometric+softplus
2026-06-04 14:21:22 | INFO     | pipeline:634 | 
[GRID] Building full hyperparameter grid...
2026-06-04 14:21:22 | INFO     | config:329 | Full grid: 48 configurations
2026-06-04 14:21:22 | INFO     | config:361 | Pruned grid: 48 -> 48 unique (lag x fourier x adstock x sat) combinations
2026-06-04 14:21:22 | INFO     | pipeline:659 | [S1] MAP pre-screen skipped (pruned grid small enough or skip_map=True)
2026-06-04 14:21:22 | INFO     | pipeline_stages:426 | ============================================================
2026-06-04 14:21:22 | INFO     | pipeline_stages:427 | STAGE 1b - FAST MCMC SCAN
2026-06-04 14:21:22 | INFO     | pipeline_stages:430 |   Configs: 4 | Fast mode: 120 draws, 1 chain(s)
2026-06-04 14:21:22 | INFO     | pipeline_stages:431 |   Keeping top-1 for full refit
2026-06-04 14:21:22 | INFO     | pipeline_stages:433 |   Per-channel transforms: ENABLED
2026-06-04 14:21:22 | INFO     | pipeline_stages:434 | ============================================================
2026-06-04 14:21:22 | INFO     | pipeline_stages:440 | 
  [ 1/4] Fast MCMC: lag4_fo1_geometric_softplus_ta95
2026-06-04 14:21:49 | DEBUG    | model_builder:1433 |   Sampling complete in 26.1s
2026-06-04 14:21:49 | WARNING  | metrics:217 | R-hat cannot be computed with only 1 chain - returning sentinel 1.0. Use chains >= 2 for production runs.
2026-06-04 14:21:49 | INFO     | metrics:1114 |   Temporal CV: 3 folds | mean MAPE=17.80% | mean RMSE=39.15
2026-06-04 14:21:49 | INFO     | pipeline_stages:463 |     [OK] qf=2 | MAPE=17.98% | R2=0.5187 | R-hat=1.0000 [estimated] | divs=0 | wall=26s
2026-06-04 14:21:49 | INFO     | pipeline_stages:440 | 
  [ 2/4] Fast MCMC: lag4_fo1_geometric_hill_ta95
2026-06-04 14:22:07 | DEBUG    | model_builder:1433 |   Sampling complete in 18.3s
2026-06-04 14:22:07 | WARNING  | metrics:217 | R-hat cannot be computed with only 1 chain - returning sentinel 1.0. Use chains >= 2 for production runs.
2026-06-04 14:22:08 | INFO     | metrics:1114 |   Temporal CV: 3 folds | mean MAPE=16.23% | mean RMSE=35.46
2026-06-04 14:22:08 | INFO     | pipeline_stages:463 |     [OK] qf=2 | MAPE=17.06% | R2=0.5512 | R-hat=1.0000 [estimated] | divs=0 | wall=18s
2026-06-04 14:22:08 | INFO     | pipeline_stages:440 | 
  [ 3/4] Fast MCMC: lag4_fo1_geometric_logistic_ta95
2026-06-04 14:22:25 | DEBUG    | model_builder:1433 |   Sampling complete in 16.9s
2026-06-04 14:22:25 | WARNING  | metrics:217 | R-hat cannot be computed with only 1 chain - returning sentinel 1.0. Use chains >= 2 for production runs.
2026-06-04 14:22:25 | INFO     | metrics:1114 |   Temporal CV: 3 folds | mean MAPE=16.70% | mean RMSE=37.58
2026-06-04 14:22:25 | INFO     | pipeline_stages:463 |     [OK] qf=2 | MAPE=17.30% | R2=0.5338 | R-hat=1.0000 [estimated] | divs=0 | wall=17s
2026-06-04 14:22:25 | INFO     | pipeline_stages:440 | 
  [ 4/4] Fast MCMC: lag4_fo1_geometric_exponential_ta95
2026-06-04 14:22:41 | DEBUG    | model_builder:1433 |   Sampling complete in 16.1s
2026-06-04 14:22:41 | WARNING  | metrics:217 | R-hat cannot be computed with only 1 chain - returning sentinel 1.0. Use chains >= 2 for production runs.
2026-06-04 14:22:41 | INFO     | metrics:1114 |   Temporal CV: 3 folds | mean MAPE=17.41% | mean RMSE=39.16
2026-06-04 14:22:41 | INFO     | pipeline_stages:463 |     [OK] qf=2 | MAPE=17.97% | R2=0.5063 | R-hat=1.0000 [estimated] | divs=0 | wall=16s
2026-06-04 14:22:41 | WARNING  | pipeline_stages:493 | [S1b] No models passed quality_flag <= 1. Falling back to top-K by ranking.
2026-06-04 14:22:41 | INFO     | pipeline_stages:502 | 
  Top-1 survivors for full refit:
2026-06-04 14:22:41 | INFO     | pipeline_stages:507 |     1. lag4_fo1_geometric_softplus_ta95                        | MAPE=17.98% | R-hat=1.0000 | LOO=N/A
2026-06-04 14:22:41 | INFO     | pipeline:78 | [TIMER] stage_1b_mcmc        1.3 min (79.4 s)  [4 models]
2026-06-04 14:22:41 | INFO     | pipeline_stages:544 | ============================================================
2026-06-04 14:22:41 | INFO     | pipeline_stages:545 | STAGE 2 - FULL REFIT
2026-06-04 14:22:41 | INFO     | pipeline_stages:546 |   Models to refit: 1 | Full settings: 50 draws, 2 chain(s)
2026-06-04 14:22:41 | INFO     | pipeline_stages:548 |   Per-channel transforms: ENABLED
2026-06-04 14:22:41 | INFO     | pipeline_stages:550 |     [0] media_clicks_clara_dv360       -> geometric+softplus
2026-06-04 14:22:41 | INFO     | pipeline_stages:550 |     [1] media_clicks_clara_google      -> geometric+softplus
2026-06-04 14:22:41 | INFO     | pipeline_stages:550 |     [2] media_clicks_clara_linkedin    -> geometric+softplus
2026-06-04 14:22:41 | INFO     | pipeline_stages:550 |     [3] media_clicks_clara_meta        -> geometric+softplus
2026-06-04 14:22:41 | INFO     | pipeline_stages:551 | ============================================================
2026-06-04 14:22:41 | INFO     | pipeline_stages:569 | 
  [1/1] Full refit: lag4_fo1_geometric_softplus_ta95
2026-06-04 14:23:04 | DEBUG    | model_builder:1433 |   Sampling complete in 22.6s
2026-06-04 14:23:04 | INFO     | metrics:1114 |   Temporal CV: 3 folds | mean MAPE=17.57% | mean RMSE=39.42
2026-06-04 14:23:04 | INFO     | pipeline_stages:590 |     [OK] qf=2 | MAPE=17.78% | R2=0.5120 | R-hat=1.2236 | divs=0 | LOO=-51.41 | ESS=48 | wall=23s
2026-06-04 14:23:04 | INFO     | pipeline_stages:647 | 
  == Per-Channel Transform Summary ==
2026-06-04 14:23:04 | INFO     | pipeline_stages:650 |                     channel   adstock saturation  use_lag  lag_mode  lam_mean  alpha_sat_mean  beta_mean
   media_clicks_clara_dv360 geometric   softplus    False       NaN    0.4533          0.5202     0.0908
  media_clicks_clara_google geometric   softplus    False       NaN    0.7175          1.4215     0.3197
media_clicks_clara_linkedin geometric   softplus    False       NaN    0.5702          0.5883     0.1388
    media_clicks_clara_meta geometric   softplus    False       NaN    0.5864          0.9486     0.1838
2026-06-04 14:23:04 | INFO     | pipeline_stages:656 | 
  [BEST] BEST MODEL: lag4_fo1_geometric_softplus_ta95
2026-06-04 14:23:04 | INFO     | pipeline_stages:657 |     MAPE       : 17.7751%
2026-06-04 14:23:04 | INFO     | pipeline_stages:658 |     R2         : 0.5120
2026-06-04 14:23:04 | INFO     | pipeline_stages:659 |     Pearson r  : 0.7489
2026-06-04 14:23:04 | INFO     | pipeline_stages:660 |     Max R-hat  : 1.22359
2026-06-04 14:23:04 | INFO     | pipeline_stages:661 |     ESS bulk   : 48
2026-06-04 14:23:04 | INFO     | pipeline_stages:662 |     ESS tail   : 16
2026-06-04 14:23:04 | INFO     | pipeline_stages:663 |     Divergences: 0
2026-06-04 14:23:04 | INFO     | pipeline_stages:664 |     LOO-IC     : -51.4086
2026-06-04 14:23:04 | INFO     | pipeline_stages:665 |     WAIC       : -51.3908
2026-06-04 14:23:04 | INFO     | pipeline:78 | [TIMER] stage_2_full         0.4 min (23.1 s)  [1 models]
2026-06-04 14:23:04 | INFO     | pipeline:692 | 
[ANALYSIS] Computing channel contributions...
2026-06-04 14:23:04 | INFO     | pipeline:697 | 
  Channel Contribution Summary:
2026-06-04 14:23:04 | INFO     | pipeline:698 |                     channel  mean_share_pct  roi_proxy  hdi_90_low  hdi_90_high
  media_clicks_clara_google         59.2640   8.003646   54.829537   121.898129
    media_clicks_clara_meta         18.9436  10.439286    0.694024    49.609560
media_clicks_clara_linkedin         12.6111  18.347839    1.074280    40.872600
   media_clicks_clara_dv360          9.1814  17.163114    0.162488    32.457246
2026-06-04 14:23:04 | INFO     | pipeline:702 | 
  Component Contribution Summary:
2026-06-04 14:23:04 | INFO     | pipeline:703 |   component     group  share_abs_pct  mean_effect
media_total     media      49.942068     1.177169
   baseline non_media      48.480461    -1.142718
seasonality non_media       1.577472     0.037182
2026-06-04 14:23:04 | INFO     | pipeline:78 | [TIMER] analysis             0.0 min (0.0 s)
2026-06-04 14:23:04 | INFO     | pipeline:719 | 
======================================================================
2026-06-04 14:23:04 | INFO     | pipeline:720 |   PIPELINE COMPLETE
2026-06-04 14:23:04 | INFO     | pipeline:721 | ======================================================================
2026-06-04 14:23:04 | INFO     | pipeline:722 |   Total wall time   : 1.7 minutes
2026-06-04 14:23:04 | INFO     | pipeline:723 |   Best model key    : lag4_fo1_geometric_softplus_ta95
2026-06-04 14:23:04 | INFO     | pipeline:724 |   Fourier order     : 1
2026-06-04 14:23:04 | INFO     | pipeline:725 |   Max adstock lag   : 4
2026-06-04 14:23:04 | INFO     | pipeline:728 |   Quality flag      : 2 (0=best, 2=poor)
2026-06-04 14:23:04 | INFO     | pipeline:729 |   MAPE              : 17.7751%
2026-06-04 14:23:04 | INFO     | pipeline:730 |   R2                : 0.5120
2026-06-04 14:23:04 | INFO     | pipeline:731 |   Pearson r         : 0.7489
2026-06-04 14:23:04 | INFO     | pipeline:732 |   Max R-hat         : 1.22359
2026-06-04 14:23:04 | INFO     | pipeline:733 |   ESS bulk (min)    : 48
2026-06-04 14:23:04 | INFO     | pipeline:734 |   ESS tail (min)    : 16
2026-06-04 14:23:04 | INFO     | pipeline:735 |   Divergences       : 0
2026-06-04 14:23:04 | INFO     | pipeline:736 |   LOO-IC            : -51.4086 +/- 13.9667
2026-06-04 14:23:04 | INFO     | pipeline:737 |   WAIC              : -51.3908
2026-06-04 14:23:04 | INFO     | pipeline:741 | 
[PLOTS] Generating diagnostic plots...
2026-06-04 14:23:04 | INFO     | plots:1110 | Generating plots...
2026-06-04 14:23:05 | INFO     | plots:50 |   Saved: mmm_outputs_smoke\01_actual_vs_fitted.png
2026-06-04 14:23:05 | INFO     | plots:50 |   Saved: mmm_outputs_smoke\02_media_contributions.png
2026-06-04 14:23:05 | INFO     | plots:50 |   Saved: mmm_outputs_smoke\03_channel_share.png
2026-06-04 14:23:06 | INFO     | plots:50 |   Saved: mmm_outputs_smoke\04_convergence_diagnostics.png
2026-06-04 14:23:06 | INFO     | plots:50 |   Saved: mmm_outputs_smoke\05_posterior_betas.png
2026-06-04 14:23:06 | INFO     | plots:50 |   Saved: mmm_outputs_smoke\06_component_share.png
2026-06-04 14:23:07 | INFO     | plots:50 |   Saved: mmm_outputs_smoke\07_az_trace.png
2026-06-04 14:23:08 | WARNING  | plots:1126 |   Plot plot_posterior_predictive_check failed: `num_pp_samples` must be an integer between 1 and 100.
2026-06-04 14:23:08 | DEBUG    | plots:1127 | Traceback (most recent call last):
  File "C:\Users\SnehaM\Downloads\Bayesian_Code - Sneha-0406\Bayesian_Code\plots.py", line 670, in plot_posterior_predictive_check
    az.plot_ppc(ppc, group="posterior_predictive", data_pairs={"y_obs": "y_obs"},
  File "C:\Users\SnehaM\AppData\Local\Programs\Python\Python310\lib\site-packages\arviz\plots\ppcplot.py", line 223, in plot_ppc
    raise TypeError("`group` argument must be either `posterior` or `prior`")
TypeError: `group` argument must be either `posterior` or `prior`

During handling of the above exception, another exception occurred:

Traceback (most recent call last):
  File "C:\Users\SnehaM\Downloads\Bayesian_Code - Sneha-0406\Bayesian_Code\plots.py", line 1124, in generate_all_plots
    fn(*args)
  File "C:\Users\SnehaM\Downloads\Bayesian_Code - Sneha-0406\Bayesian_Code\plots.py", line 673, in plot_posterior_predictive_check
    az.plot_ppc(ppc, group="posterior", data_pairs={"y_obs": "y_obs"},
  File "C:\Users\SnehaM\AppData\Local\Programs\Python\Python310\lib\site-packages\arviz\plots\ppcplot.py", line 302, in plot_ppc
    raise TypeError(f"`num_pp_samples` must be an integer between 1 and {total_pp_samples}.")
TypeError: `num_pp_samples` must be an integer between 1 and 100.

2026-06-04 14:23:08 | INFO     | plots:50 |   Saved: mmm_outputs_smoke\09_full_contribution_bar.png
2026-06-04 14:23:08 | WARNING  | plots:710 |   [INTERACTIVE] Plotly not installed — skipping interactive plots.
  Fix: pip install plotly
2026-06-04 14:23:08 | INFO     | plots:1136 |   All plots saved to: mmm_outputs_smoke
2026-06-04 14:23:08 | INFO     | pipeline:78 | [TIMER] plots                0.1 min (3.5 s)
2026-06-04 14:23:08 | INFO     | pipeline:746 | 
[EXPORT] Writing output files...
2026-06-04 14:23:08 | INFO     | export:363 | Exporting results...
2026-06-04 14:23:08 | INFO     | export:411 |   Saved: mmm_outputs_smoke\model_results\best_model.json
2026-06-04 14:23:08 | INFO     | export:422 |   Saved: mmm_outputs_smoke\model_results\scan_stage1b.csv
2026-06-04 14:23:08 | INFO     | export:422 |   Saved: mmm_outputs_smoke\model_results\scan_stage2.csv
2026-06-04 14:23:08 | INFO     | export:427 |   Saved: mmm_outputs_smoke\model_results\channel_contributions.csv
2026-06-04 14:23:08 | INFO     | export:438 |   Saved: mmm_outputs_smoke\model_results\component_contributions.csv
2026-06-04 14:23:08 | INFO     | export:444 |   Saved: mmm_outputs_smoke\model_results\channel_transform_summary.csv
2026-06-04 14:23:08 | INFO     | export:497 |   Saved: mmm_outputs_smoke\model_results\media_share_weekly.csv
2026-06-04 14:23:08 | INFO     | export:511 |   Saved: mmm_outputs_smoke\model_results\az_summary.csv
2026-06-04 14:23:08 | INFO     | export:532 |   Saved: mmm_outputs_smoke\model_results\model_summary.txt
2026-06-04 14:23:08 | INFO     | export:536 |   All exports complete -> mmm_outputs_smoke\model_results
2026-06-04 14:23:08 | INFO     | priors:600 |   Saved: mmm_outputs_smoke\model_results\return_index.csv
2026-06-04 14:23:08 | INFO     | priors:617 |   Saved: mmm_outputs_smoke\model_results\return_index.xlsx
2026-06-04 14:23:08 | INFO     | export:546 |   Return index summary:
                 channel_id modeled_metric  mean_return_index  mean_return_index_spend  lower_bound  upper_bound  mean_contribution_signups  mean_weekly_metric_value  mean_weekly_spend
media_clicks_clara_linkedin         Clicks            18.3478                  15.5932       1.3907      56.7070                    19.6711                   1072.12            1261.51
   media_clicks_clara_dv360         Clicks            17.1631                  60.8037       0.3084      51.9963                    14.3085                    833.68             235.32
    media_clicks_clara_meta         Clicks            10.4393                  17.0515       0.5411      23.3832                    29.5235                   2828.12            1731.43
  media_clicks_clara_google         Clicks             8.0036                   9.8259       4.8131      11.5000                    92.4658                  11552.96            9410.40
2026-06-04 14:23:08 | INFO     | priors:653 |   Saved: mmm_outputs_smoke\model_results\channel_prior_config.csv
2026-06-04 14:23:08 | INFO     | export:568 |   Saved: mmm_outputs_smoke\model_results\stage_timings.csv
2026-06-04 14:23:09 | INFO     | export:296 |   Saved: mmm_outputs_smoke\model_results\model_results.xlsx
2026-06-04 14:23:09 | INFO     | pipeline:78 | [TIMER] export               0.0 min (1.1 s)
2026-06-04 14:23:09 | INFO     | pipeline:121 | [STATE] Saving posterior trace...
2026-06-04 14:23:09 | INFO     | pipeline:123 |   trace.nc  — 0.8 MB
2026-06-04 14:23:09 | INFO     | pipeline:131 |   prep.pkl  — 0.0 MB
2026-06-04 14:23:09 | INFO     | pipeline:165 |   best_cfg.json saved
2026-06-04 14:23:09 | INFO     | pipeline:769 | 
[STATE] Model state saved. Run post-pipeline analysis when ready:
  optimisation: section detected in YAML — run standalone scripts to apply it:
  python analyze.py curves    --config <yaml>   ← response curves
  python analyze.py optimise  --config <yaml>   ← forward budget optimisation
  python analyze.py reverse   --config <yaml>   ← reverse optimisation
  python analyze.py scenarios --config <yaml>   ← scenario comparison
  python analyze.py report    --config <yaml>   ← full HTML report
  python analyze.py all       --config <yaml>   ← run everything
2026-06-04 14:32:20 | INFO     | pipeline:196 | [LOAD] trace.nc  <- mmm_outputs_smoke\trace.nc
2026-06-04 14:32:20 | INFO     | pipeline:199 | [LOAD] prep.pkl  <- mmm_outputs_smoke\prep.pkl
2026-06-04 14:32:20 | DEBUG    | optimisation:1877 |   [CPP] Loaded source CSV: wkly_clara_data_31Jul 2.csv
2026-06-04 14:32:20 | INFO     | optimisation:1903 |   [CPP] media_clicks_clara_dv360                  Clicks           CPC (GBP / click) = 0.275386  [computed from data]
2026-06-04 14:32:20 | INFO     | optimisation:1903 |   [CPP] media_clicks_clara_google                 Clicks           CPC (GBP / click) = 0.814544  [computed from data]
2026-06-04 14:32:20 | INFO     | optimisation:1903 |   [CPP] media_clicks_clara_linkedin               Clicks           CPC (GBP / click) = 1.176655  [computed from data]
2026-06-04 14:32:20 | INFO     | optimisation:1903 |   [CPP] media_clicks_clara_meta                   Clicks           CPC (GBP / click) = 0.612221  [computed from data]
2026-06-04 14:32:20 | INFO     | analyze:99 | 
  Channel metric types and cost-per-unit rates:
  Channel                                       Metric           Rate
  --------------------------------------------------------------------------------
  media_clicks_clara_dv360                      Clicks           0.275386  (CPC (GBP / click))
  media_clicks_clara_google                     Clicks           0.814544  (CPC (GBP / click))
  media_clicks_clara_linkedin                   Clicks           1.176655  (CPC (GBP / click))
  media_clicks_clara_meta                       Clicks           0.612221  (CPC (GBP / click))
2026-06-04 14:32:20 | INFO     | analyze:150 | 
[CURVES] Computing steady-state response curves...
2026-06-04 14:32:20 | INFO     | analysis:509 |   [RC] media_clicks_clara_dv360       max_response=0.2002 (@ spend=1.500 scaled)
2026-06-04 14:32:20 | INFO     | analysis:509 |   [RC] media_clicks_clara_google      max_response=3.3369 (@ spend=1.500 scaled)
2026-06-04 14:32:20 | INFO     | analysis:509 |   [RC] media_clicks_clara_linkedin    max_response=0.4284 (@ spend=1.500 scaled)
2026-06-04 14:32:20 | INFO     | analysis:509 |   [RC] media_clicks_clara_meta        max_response=0.9754 (@ spend=1.500 scaled)
2026-06-04 14:32:20 | INFO     | analysis:515 |   Response curves computed for 4 channels x 100 spend points.
2026-06-04 14:32:20 | INFO     | analysis:509 |   [RC] media_clicks_clara_dv360       max_response=0.2002 (@ spend=1.500 scaled)
2026-06-04 14:32:20 | INFO     | analysis:509 |   [RC] media_clicks_clara_google      max_response=3.3369 (@ spend=1.500 scaled)
2026-06-04 14:32:20 | INFO     | analysis:509 |   [RC] media_clicks_clara_linkedin    max_response=0.4284 (@ spend=1.500 scaled)
2026-06-04 14:32:20 | INFO     | analysis:509 |   [RC] media_clicks_clara_meta        max_response=0.9754 (@ spend=1.500 scaled)
2026-06-04 14:32:20 | INFO     | analysis:515 |   Response curves computed for 4 channels x 101 spend points.
2026-06-04 14:32:20 | INFO     | analysis:554 |   Marginal ROI curves computed.
2026-06-04 14:32:20 | INFO     | analysis:509 |   [RC] media_clicks_clara_dv360       max_response=0.5336 (@ spend=5.000 scaled)
2026-06-04 14:32:20 | INFO     | analysis:509 |   [RC] media_clicks_clara_google      max_response=11.1168 (@ spend=5.000 scaled)
2026-06-04 14:32:20 | INFO     | analysis:509 |   [RC] media_clicks_clara_linkedin    max_response=1.2535 (@ spend=5.000 scaled)
2026-06-04 14:32:20 | INFO     | analysis:509 |   [RC] media_clicks_clara_meta        max_response=3.1461 (@ spend=5.000 scaled)
2026-06-04 14:32:20 | INFO     | analysis:515 |   Response curves computed for 4 channels x 200 spend points.
2026-06-04 14:32:20 | INFO     | analysis:633 |   [SATURATION] Analysis complete for 4 channels.
2026-06-04 14:32:20 | INFO     | analyze:161 | [CURVES] Saving plots...
2026-06-04 14:32:21 | INFO     | analysis:884 |   Saved: mmm_outputs_smoke\response_curves\response_curves.png
2026-06-04 14:32:21 | INFO     | analysis:967 |   Saved: mmm_outputs_smoke\response_curves\response_curve_media_clicks_clara_dv360.png
2026-06-04 14:32:22 | INFO     | analysis:967 |   Saved: mmm_outputs_smoke\response_curves\response_curve_media_clicks_clara_google.png
2026-06-04 14:32:22 | INFO     | analysis:967 |   Saved: mmm_outputs_smoke\response_curves\response_curve_media_clicks_clara_linkedin.png
2026-06-04 14:32:22 | INFO     | analysis:967 |   Saved: mmm_outputs_smoke\response_curves\response_curve_media_clicks_clara_meta.png
2026-06-04 14:32:22 | INFO     | analyze:172 |   Saved: mmm_outputs_smoke\response_curves\response_curves.csv
2026-06-04 14:32:22 | INFO     | analyze:172 |   Saved: mmm_outputs_smoke\response_curves\marginal_roi.csv
2026-06-04 14:32:22 | INFO     | analyze:172 |   Saved: mmm_outputs_smoke\response_curves\saturation_analysis.csv
2026-06-04 14:32:22 | INFO     | analyze:175 | [CURVES] Computing multi-period response curves (1M/3M/6M/1Y)...
2026-06-04 14:32:22 | INFO     | analysis:770 |   [RC-MP] 1M   media_clicks_clara_dv360       obs_spend=GBP 918  max_resp=1.5719
2026-06-04 14:32:22 | INFO     | analysis:770 |   [RC-MP] 1M   media_clicks_clara_google      obs_spend=GBP 37,642  max_resp=20.1948
2026-06-04 14:32:22 | INFO     | analysis:770 |   [RC-MP] 1M   media_clicks_clara_linkedin    obs_spend=GBP 5,046  max_resp=0.8815
2026-06-04 14:32:22 | INFO     | analysis:770 |   [RC-MP] 1M   media_clicks_clara_meta        obs_spend=GBP 6,926  max_resp=3.0387
2026-06-04 14:32:22 | INFO     | analysis:770 |   [RC-MP] 3M   media_clicks_clara_dv360       obs_spend=GBP 2,985  max_resp=5.2801
2026-06-04 14:32:22 | INFO     | analysis:770 |   [RC-MP] 3M   media_clicks_clara_google      obs_spend=GBP 122,335  max_resp=74.7030
2026-06-04 14:32:22 | INFO     | analysis:770 |   [RC-MP] 3M   media_clicks_clara_linkedin    obs_spend=GBP 16,400  max_resp=2.9556
2026-06-04 14:32:22 | INFO     | analysis:770 |   [RC-MP] 3M   media_clicks_clara_meta        obs_spend=GBP 22,509  max_resp=10.4314
2026-06-04 14:32:22 | INFO     | analysis:770 |   [RC-MP] 6M   media_clicks_clara_dv360       obs_spend=GBP 5,969  max_resp=10.6532
2026-06-04 14:32:22 | INFO     | analysis:770 |   [RC-MP] 6M   media_clicks_clara_google      obs_spend=GBP 244,670  max_resp=155.3514
2026-06-04 14:32:23 | INFO     | analysis:770 |   [RC-MP] 6M   media_clicks_clara_linkedin    obs_spend=GBP 32,799  max_resp=5.9837
2026-06-04 14:32:23 | INFO     | analysis:770 |   [RC-MP] 6M   media_clicks_clara_meta        obs_spend=GBP 45,017  max_resp=21.2217
2026-06-04 14:32:23 | INFO     | analysis:770 |   [RC-MP] 1Y   media_clicks_clara_dv360       obs_spend=GBP 11,938  max_resp=21.4024
2026-06-04 14:32:23 | INFO     | analysis:770 |   [RC-MP] 1Y   media_clicks_clara_google      obs_spend=GBP 489,341  max_resp=316.8960
2026-06-04 14:32:23 | INFO     | analysis:770 |   [RC-MP] 1Y   media_clicks_clara_linkedin    obs_spend=GBP 65,599  max_resp=12.0590
2026-06-04 14:32:23 | INFO     | analysis:770 |   [RC-MP] 1Y   media_clicks_clara_meta        obs_spend=GBP 90,035  max_resp=42.8181
2026-06-04 14:32:23 | INFO     | analysis:777 |   Multi-period response curves: 4 periods x 4 channels x 150 points.
2026-06-04 14:32:23 | INFO     | analyze:180 |   Saved: mmm_outputs_smoke\response_curves\response_curves_multiperiod.csv
2026-06-04 14:32:23 | INFO     | analyze:184 | [CURVES] Done.
2026-06-04 14:33:49 | INFO     | pipeline:196 | [LOAD] trace.nc  <- mmm_outputs_smoke\trace.nc
2026-06-04 14:33:50 | INFO     | pipeline:199 | [LOAD] prep.pkl  <- mmm_outputs_smoke\prep.pkl
2026-06-04 14:33:50 | DEBUG    | optimisation:1877 |   [CPP] Loaded source CSV: wkly_clara_data_31Jul 2.csv
2026-06-04 14:33:50 | INFO     | optimisation:1903 |   [CPP] media_clicks_clara_dv360                  Clicks           CPC (GBP / click) = 0.275386  [computed from data]
2026-06-04 14:33:50 | INFO     | optimisation:1903 |   [CPP] media_clicks_clara_google                 Clicks           CPC (GBP / click) = 0.814544  [computed from data]
2026-06-04 14:33:50 | INFO     | optimisation:1903 |   [CPP] media_clicks_clara_linkedin               Clicks           CPC (GBP / click) = 1.176655  [computed from data]
2026-06-04 14:33:50 | INFO     | optimisation:1903 |   [CPP] media_clicks_clara_meta                   Clicks           CPC (GBP / click) = 0.612221  [computed from data]
2026-06-04 14:33:50 | INFO     | analyze:99 | 
  Channel metric types and cost-per-unit rates:
  Channel                                       Metric           Rate
  --------------------------------------------------------------------------------
  media_clicks_clara_dv360                      Clicks           0.275386  (CPC (GBP / click))
  media_clicks_clara_google                     Clicks           0.814544  (CPC (GBP / click))
  media_clicks_clara_linkedin                   Clicks           1.176655  (CPC (GBP / click))
  media_clicks_clara_meta                       Clicks           0.612221  (CPC (GBP / click))
2026-06-04 14:33:50 | INFO     | analyze:204 | 
[OPTIMISE] Forward optimisation | period=monthly | budget=observed mean
2026-06-04 14:33:50 | INFO     | optimisation:460 |   [OPT] total_budget not specified — using observed monthly spend: 54,932.21
2026-06-04 14:33:50 | INFO     | optimisation:467 |   [OPT FORWARD] period=monthly (4.35 model-periods) | total_budget_spend=54,932.21 | per-period-spend=12,632.9341
2026-06-04 14:33:50 | INFO     | optimisation:501 |   [ACHIEVABILITY] response achievable within bounds: [162.2179, 226.9754]
2026-06-04 14:33:55 | WARNING  | optimisation:565 |   [OPTIMISE] 1/100 SLSQP runs did not converge — using current spend allocation as fallback for those samples.
2026-06-04 14:33:55 | WARNING  | optimisation:571 |   [OPTIMISE] 1/100 samples violated bounds or budget constraint (>1% tolerance).
2026-06-04 14:33:55 | INFO     | optimisation:671 |   [OPTIMISE FORWARD] expected_response=173.4536 | current_response=166.7771 | pct_change=+4.0% | convergence=99.0%
2026-06-04 14:33:55 | INFO     | optimisation:677 | 
                    channel  current_spend_£  optimal_spend_£_mean  pct_change_spend  current_response  response_mean  pct_change_response  current_roi  optimal_roi
   media_clicks_clara_dv360           998.31               3472.86            247.88           15.2210        24.0097                57.74     0.015247     0.006914
  media_clicks_clara_google         40919.56              38537.10             -5.82           98.6139        93.5716                -5.11     0.002410     0.002428
media_clicks_clara_linkedin          5485.49               3341.52            -39.08           21.6097        20.8533                -3.50     0.003939     0.006241
    media_clicks_clara_meta          7528.85               9606.93             27.60           31.3325        35.0190                11.77     0.004162     0.003645
                      TOTAL         54932.21              54958.40              0.05          166.7771       173.4536                 4.00     0.003036     0.003156
2026-06-04 14:33:55 | INFO     | analyze:215 |   Saved: mmm_outputs_smoke\budget_optimisation.csv
2026-06-04 14:33:56 | INFO     | export:332 |   Updated model_results.xlsx — added tabs: ['Forward Optimisation']
2026-06-04 14:33:56 | INFO     | analyze:239 | [OPTIMISE] Done.
2026-06-04 14:34:20 | INFO     | pipeline:196 | [LOAD] trace.nc  <- mmm_outputs_smoke\trace.nc
2026-06-04 14:34:20 | INFO     | pipeline:199 | [LOAD] prep.pkl  <- mmm_outputs_smoke\prep.pkl
2026-06-04 14:34:20 | DEBUG    | optimisation:1877 |   [CPP] Loaded source CSV: wkly_clara_data_31Jul 2.csv
2026-06-04 14:34:20 | INFO     | optimisation:1903 |   [CPP] media_clicks_clara_dv360                  Clicks           CPC (GBP / click) = 0.275386  [computed from data]
2026-06-04 14:34:20 | INFO     | optimisation:1903 |   [CPP] media_clicks_clara_google                 Clicks           CPC (GBP / click) = 0.814544  [computed from data]
2026-06-04 14:34:20 | INFO     | optimisation:1903 |   [CPP] media_clicks_clara_linkedin               Clicks           CPC (GBP / click) = 1.176655  [computed from data]
2026-06-04 14:34:20 | INFO     | optimisation:1903 |   [CPP] media_clicks_clara_meta                   Clicks           CPC (GBP / click) = 0.612221  [computed from data]
2026-06-04 14:34:20 | INFO     | analyze:99 | 
  Channel metric types and cost-per-unit rates:
  Channel                                       Metric           Rate
  --------------------------------------------------------------------------------
  media_clicks_clara_dv360                      Clicks           0.275386  (CPC (GBP / click))
  media_clicks_clara_google                     Clicks           0.814544  (CPC (GBP / click))
  media_clicks_clara_linkedin                   Clicks           1.176655  (CPC (GBP / click))
  media_clicks_clara_meta                       Clicks           0.612221  (CPC (GBP / click))
2026-06-04 14:34:20 | INFO     | analyze:260 | 
[REVERSE] Reverse optimisation | period=monthly | target=observed mean
2026-06-04 14:34:20 | INFO     | optimisation:749 |   [OPT REVERSE] target_response not specified — using observed monthly response: 699.3569
2026-06-04 14:34:20 | INFO     | optimisation:757 |   [OPT REVERSE] period=monthly (4.35 model-periods) | target_response=699.3569 | per-period-model=4.982342
2026-06-04 14:34:20 | INFO     | optimisation:788 |   [ACHIEVABILITY] response achievable within bounds: [162.2179, 226.9754] | target=699.3569 | achievable=False
2026-06-04 14:34:20 | WARNING  | optimisation:794 |   [OPTIMISE REVERSE] Target 699.3569 is outside achievable range [162.2179, 226.9754]. Results may not meet the target — consider relaxing channel bounds.
2026-06-04 14:34:22 | WARNING  | optimisation:860 |   [OPTIMISE REVERSE] 100/100 SLSQP runs did not converge — current spend used as fallback for those samples.
2026-06-04 14:34:22 | INFO     | optimisation:945 |   [OPTIMISE REVERSE] min_spend_£=57,550.95 | achieved=169.7110 | target=699.3569 | achievable=False | convergence=0.0%
2026-06-04 14:34:22 | INFO     | optimisation:951 | 
                    channel  current_spend_£  min_spend_£_mean  pct_change_spend  achieved_response_mean  current_cpa  optimal_cpa
   media_clicks_clara_dv360           998.31           2537.58            154.19                 18.7553    65.587315   135.299193
  media_clicks_clara_google         40919.56          40919.56             -0.00                 96.7923   414.947034   422.756608
media_clicks_clara_linkedin          5485.49           5485.49              0.00                 21.4549   253.843695   255.675736
    media_clicks_clara_meta          7528.85           8608.32             14.34                 32.7086   240.288992   263.182537
                      TOTAL         54932.21          57550.95              4.77                169.7110   329.375007   339.111529
2026-06-04 14:34:22 | INFO     | analyze:272 |   Saved: mmm_outputs_smoke\spend_target_optimisation.csv
2026-06-04 14:34:22 | INFO     | export:332 |   Updated model_results.xlsx — added tabs: ['Forward Optimisation', 'Reverse Optimisation']
2026-06-04 14:34:22 | INFO     | analyze:279 | [REVERSE] Done.
2026-06-04 14:34:41 | INFO     | pipeline:196 | [LOAD] trace.nc  <- mmm_outputs_smoke\trace.nc
2026-06-04 14:34:42 | INFO     | pipeline:199 | [LOAD] prep.pkl  <- mmm_outputs_smoke\prep.pkl
2026-06-04 14:34:42 | DEBUG    | optimisation:1877 |   [CPP] Loaded source CSV: wkly_clara_data_31Jul 2.csv
2026-06-04 14:34:42 | INFO     | optimisation:1903 |   [CPP] media_clicks_clara_dv360                  Clicks           CPC (GBP / click) = 0.275386  [computed from data]
2026-06-04 14:34:42 | INFO     | optimisation:1903 |   [CPP] media_clicks_clara_google                 Clicks           CPC (GBP / click) = 0.814544  [computed from data]
2026-06-04 14:34:42 | INFO     | optimisation:1903 |   [CPP] media_clicks_clara_linkedin               Clicks           CPC (GBP / click) = 1.176655  [computed from data]
2026-06-04 14:34:42 | INFO     | optimisation:1903 |   [CPP] media_clicks_clara_meta                   Clicks           CPC (GBP / click) = 0.612221  [computed from data]
2026-06-04 14:34:42 | INFO     | analyze:99 | 
  Channel metric types and cost-per-unit rates:
  Channel                                       Metric           Rate
  --------------------------------------------------------------------------------
  media_clicks_clara_dv360                      Clicks           0.275386  (CPC (GBP / click))
  media_clicks_clara_google                     Clicks           0.814544  (CPC (GBP / click))
  media_clicks_clara_linkedin                   Clicks           1.176655  (CPC (GBP / click))
  media_clicks_clara_meta                       Clicks           0.612221  (CPC (GBP / click))
2026-06-04 14:34:42 | INFO     | analyze:308 | 
[SCENARIOS] Running 5 scenario(s) | period=monthly
2026-06-04 14:34:42 | INFO     | analysis:1135 | 
[SCENARIO] -- Current spend (current) ----------------
2026-06-04 14:34:42 | INFO     | analysis:1251 |   [SCENARIO] Current spend: spend=£54,932 | response=166.7772 | ROI=0.0030
2026-06-04 14:34:42 | INFO     | analysis:1135 | 
[SCENARIO] -- -20% budget (budget_pct) ----------------
2026-06-04 14:34:42 | INFO     | optimisation:467 |   [OPT FORWARD] period=monthly (4.35 model-periods) | total_budget_spend=43,945.77 | per-period-spend=10,106.3473
2026-06-04 14:34:42 | INFO     | optimisation:501 |   [ACHIEVABILITY] response achievable within bounds: [102.8966, 416.1307]
2026-06-04 14:34:50 | WARNING  | optimisation:565 |   [OPTIMISE] 5/100 SLSQP runs did not converge — using current spend allocation as fallback for those samples.
2026-06-04 14:34:50 | WARNING  | optimisation:571 |   [OPTIMISE] 5/100 samples violated bounds or budget constraint (>1% tolerance).
2026-06-04 14:34:50 | INFO     | optimisation:671 |   [OPTIMISE FORWARD] expected_response=282.2018 | current_response=166.7771 | pct_change=+69.2% | convergence=95.0%
2026-06-04 14:34:50 | INFO     | optimisation:677 | 
                    channel  current_spend_£  optimal_spend_£_mean  pct_change_spend  current_response  response_mean  pct_change_response  current_roi  optimal_roi
   media_clicks_clara_dv360           998.31              18763.60           1779.54           15.2210       147.5596               869.45     0.015247     0.007864
  media_clicks_clara_google         40919.56              18997.04            -53.57           98.6139        71.7693               -27.22     0.002410     0.003778
media_clicks_clara_linkedin          5485.49                440.96            -91.96           21.6097        21.2035                -1.88     0.003939     0.048085
    media_clicks_clara_meta          7528.85               5744.16            -23.70           31.3325        41.6694                32.99     0.004162     0.007254
                      TOTAL         54932.21              43945.77            -20.00          166.7771       282.2018                69.21     0.003036     0.006422
2026-06-04 14:34:50 | INFO     | analysis:1251 |   [SCENARIO] -20% budget: spend=£43,946 | response=282.2018 | ROI=0.0064
2026-06-04 14:34:50 | INFO     | analysis:1135 | 
[SCENARIO] -- -10% budget (budget_pct) ----------------
2026-06-04 14:34:50 | INFO     | optimisation:467 |   [OPT FORWARD] period=monthly (4.35 model-periods) | total_budget_spend=49,438.99 | per-period-spend=11,369.6407
2026-06-04 14:34:50 | INFO     | optimisation:501 |   [ACHIEVABILITY] response achievable within bounds: [102.8966, 460.3716]
2026-06-04 14:35:07 | WARNING  | optimisation:565 |   [OPTIMISE] 8/100 SLSQP runs did not converge — using current spend allocation as fallback for those samples.
2026-06-04 14:35:07 | WARNING  | optimisation:571 |   [OPTIMISE] 8/100 samples violated bounds or budget constraint (>1% tolerance).
2026-06-04 14:35:07 | INFO     | optimisation:671 |   [OPTIMISE FORWARD] expected_response=302.6530 | current_response=166.7771 | pct_change=+81.5% | convergence=92.0%
2026-06-04 14:35:07 | INFO     | optimisation:677 | 
                    channel  current_spend_£  optimal_spend_£_mean  pct_change_spend  current_response  response_mean  pct_change_response  current_roi  optimal_roi
   media_clicks_clara_dv360           998.31              21825.03           2086.21           15.2210       164.1224               978.26     0.015247     0.007520
  media_clicks_clara_google         40919.56              22626.69            -44.70           98.6139        77.1716               -21.74     0.002410     0.003411
media_clicks_clara_linkedin          5485.49                889.34            -83.79           21.6097        23.8425                10.33     0.003939     0.026809
    media_clicks_clara_meta          7528.85               4097.92            -45.57           31.3325        37.5166                19.74     0.004162     0.009155
                      TOTAL         54932.21              49438.99            -10.00          166.7771       302.6530                81.47     0.003036     0.006122
2026-06-04 14:35:07 | INFO     | analysis:1251 |   [SCENARIO] -10% budget: spend=£49,439 | response=302.6530 | ROI=0.0061
2026-06-04 14:35:07 | INFO     | analysis:1135 | 
[SCENARIO] -- +10% budget (budget_pct) ----------------
2026-06-04 14:35:07 | INFO     | optimisation:467 |   [OPT FORWARD] period=monthly (4.35 model-periods) | total_budget_spend=60,425.43 | per-period-spend=13,896.2275
2026-06-04 14:35:07 | INFO     | optimisation:501 |   [ACHIEVABILITY] response achievable within bounds: [102.8966, 550.4698]
2026-06-04 14:35:46 | WARNING  | optimisation:565 |   [OPTIMISE] 19/100 SLSQP runs did not converge — using current spend allocation as fallback for those samples.
2026-06-04 14:35:46 | WARNING  | optimisation:571 |   [OPTIMISE] 19/100 samples violated bounds or budget constraint (>1% tolerance).
2026-06-04 14:35:46 | INFO     | optimisation:671 |   [OPTIMISE FORWARD] expected_response=292.8569 | current_response=166.7771 | pct_change=+75.6% | convergence=81.0%
2026-06-04 14:35:46 | INFO     | optimisation:677 | 
                    channel  current_spend_£  optimal_spend_£_mean  pct_change_spend  current_response  response_mean  pct_change_response  current_roi  optimal_roi
   media_clicks_clara_dv360           998.31              15980.23           1500.73           15.2210       124.3855               717.20     0.015247     0.007784
  media_clicks_clara_google         40919.56              32545.41            -20.46           98.6139        91.7848                -6.93     0.002410     0.002820
media_clicks_clara_linkedin          5485.49               1750.72            -68.08           21.6097        25.1888                16.56     0.003939     0.014388
    media_clicks_clara_meta          7528.85              10149.07             34.80           31.3325        51.4979                64.36     0.004162     0.005074
                      TOTAL         54932.21              60425.43             10.00          166.7771       292.8569                75.60     0.003036     0.004847
2026-06-04 14:35:46 | INFO     | analysis:1251 |   [SCENARIO] +10% budget: spend=£60,425 | response=292.8569 | ROI=0.0048
2026-06-04 14:35:46 | INFO     | analysis:1135 | 
[SCENARIO] -- +20% budget (budget_pct) ----------------
2026-06-04 14:35:46 | INFO     | optimisation:467 |   [OPT FORWARD] period=monthly (4.35 model-periods) | total_budget_spend=65,918.65 | per-period-spend=15,159.5209
2026-06-04 14:35:46 | INFO     | optimisation:501 |   [ACHIEVABILITY] response achievable within bounds: [102.8966, 596.2028]
2026-06-04 14:35:58 | WARNING  | optimisation:565 |   [OPTIMISE] 3/100 SLSQP runs did not converge — using current spend allocation as fallback for those samples.
2026-06-04 14:35:58 | WARNING  | optimisation:571 |   [OPTIMISE] 3/100 samples violated bounds or budget constraint (>1% tolerance).
2026-06-04 14:35:58 | INFO     | optimisation:671 |   [OPTIMISE FORWARD] expected_response=381.5226 | current_response=166.7771 | pct_change=+128.8% | convergence=97.0%
2026-06-04 14:35:58 | INFO     | optimisation:677 | 
                    channel  current_spend_£  optimal_spend_£_mean  pct_change_spend  current_response  response_mean  pct_change_response  current_roi  optimal_roi
   media_clicks_clara_dv360           998.31              27128.13           2617.42           15.2210       214.3069              1307.97     0.015247     0.007900
  media_clicks_clara_google         40919.56              28307.78            -30.82           98.6139        88.3097               -10.45     0.002410     0.003120
media_clicks_clara_linkedin          5485.49                856.66            -84.38           21.6097        25.3452                17.29     0.003939     0.029586
    media_clicks_clara_meta          7528.85               9626.07             27.86           31.3325        53.5609                70.94     0.004162     0.005564
                      TOTAL         54932.21              65918.65             20.00          166.7771       381.5226               128.76     0.003036     0.005788
2026-06-04 14:35:58 | INFO     | analysis:1251 |   [SCENARIO] +20% budget: spend=£65,919 | response=381.5226 | ROI=0.0058
2026-06-04 14:35:58 | INFO     | analysis:1259 | 
[SCENARIOS] Complete — 5 scenario(s) evaluated.
2026-06-04 14:35:58 | INFO     | analysis:1261 | 
     scenario  total_spend_£  pct_change_spend  total_response_mean  pct_change_response  overall_roi_£
Current spend       54932.21               0.0             166.7772                  0.0         0.0030
  -20% budget       43945.77             -20.0             282.2018                 69.2         0.0064
  -10% budget       49438.99             -10.0             302.6530                 81.5         0.0061
  +10% budget       60425.43              10.0             292.8569                 75.6         0.0048
  +20% budget       65918.65              20.0             381.5226                128.8         0.0058
2026-06-04 14:35:58 | INFO     | analyze:320 |   Saved: scenarios/scenario_comparison.csv + scenario_channel_detail.csv
2026-06-04 14:35:58 | INFO     | analysis:1440 |   Saved: mmm_outputs_smoke\scenarios\scenario_comparison.png
2026-06-04 14:35:59 | INFO     | analysis:1486 |   Saved: mmm_outputs_smoke\scenarios\scenario_roi_comparison.png
2026-06-04 14:35:59 | INFO     | analyze:327 | [SCENARIOS] Done.
2026-06-04 15:05:27 | INFO     | pipeline:196 | [LOAD] trace.nc  <- mmm_outputs_smoke\trace.nc
2026-06-04 15:05:28 | INFO     | pipeline:199 | [LOAD] prep.pkl  <- mmm_outputs_smoke\prep.pkl
2026-06-04 15:05:28 | DEBUG    | optimisation:1877 |   [CPP] Loaded source CSV: wkly_clara_data_31Jul 2.csv
2026-06-04 15:05:28 | INFO     | optimisation:1903 |   [CPP] media_clicks_clara_dv360                  Clicks           CPC (GBP / click) = 0.275386  [computed from data]
2026-06-04 15:05:28 | INFO     | optimisation:1903 |   [CPP] media_clicks_clara_google                 Clicks           CPC (GBP / click) = 0.814544  [computed from data]
2026-06-04 15:05:28 | INFO     | optimisation:1903 |   [CPP] media_clicks_clara_linkedin               Clicks           CPC (GBP / click) = 1.176655  [computed from data]
2026-06-04 15:05:28 | INFO     | optimisation:1903 |   [CPP] media_clicks_clara_meta                   Clicks           CPC (GBP / click) = 0.612221  [computed from data]
2026-06-04 15:05:28 | INFO     | analyze:99 | 
  Channel metric types and cost-per-unit rates:
  Channel                                       Metric           Rate
  --------------------------------------------------------------------------------
  media_clicks_clara_dv360                      Clicks           0.275386  (CPC (GBP / click))
  media_clicks_clara_google                     Clicks           0.814544  (CPC (GBP / click))
  media_clicks_clara_linkedin                   Clicks           1.176655  (CPC (GBP / click))
  media_clicks_clara_meta                       Clicks           0.612221  (CPC (GBP / click))
2026-06-04 15:05:28 | INFO     | analyze:428 | [REPORT 1/3] Response curves...
2026-06-04 15:05:28 | INFO     | analysis:509 |   [RC] media_clicks_clara_dv360       max_response=0.2002 (@ spend=1.500 scaled)
2026-06-04 15:05:28 | INFO     | analysis:509 |   [RC] media_clicks_clara_google      max_response=3.3369 (@ spend=1.500 scaled)
2026-06-04 15:05:28 | INFO     | analysis:509 |   [RC] media_clicks_clara_linkedin    max_response=0.4284 (@ spend=1.500 scaled)
2026-06-04 15:05:28 | INFO     | analysis:509 |   [RC] media_clicks_clara_meta        max_response=0.9754 (@ spend=1.500 scaled)
2026-06-04 15:05:28 | INFO     | analysis:515 |   Response curves computed for 4 channels x 100 spend points.
2026-06-04 15:05:28 | INFO     | analysis:509 |   [RC] media_clicks_clara_dv360       max_response=0.2002 (@ spend=1.500 scaled)
2026-06-04 15:05:28 | INFO     | analysis:509 |   [RC] media_clicks_clara_google      max_response=3.3369 (@ spend=1.500 scaled)
2026-06-04 15:05:28 | INFO     | analysis:509 |   [RC] media_clicks_clara_linkedin    max_response=0.4284 (@ spend=1.500 scaled)
2026-06-04 15:05:28 | INFO     | analysis:509 |   [RC] media_clicks_clara_meta        max_response=0.9754 (@ spend=1.500 scaled)
2026-06-04 15:05:28 | INFO     | analysis:515 |   Response curves computed for 4 channels x 101 spend points.
2026-06-04 15:05:28 | INFO     | analysis:554 |   Marginal ROI curves computed.
2026-06-04 15:05:28 | INFO     | analysis:509 |   [RC] media_clicks_clara_dv360       max_response=0.5336 (@ spend=5.000 scaled)
2026-06-04 15:05:28 | INFO     | analysis:509 |   [RC] media_clicks_clara_google      max_response=11.1168 (@ spend=5.000 scaled)
2026-06-04 15:05:28 | INFO     | analysis:509 |   [RC] media_clicks_clara_linkedin    max_response=1.2535 (@ spend=5.000 scaled)
2026-06-04 15:05:28 | INFO     | analysis:509 |   [RC] media_clicks_clara_meta        max_response=3.1461 (@ spend=5.000 scaled)
2026-06-04 15:05:28 | INFO     | analysis:515 |   Response curves computed for 4 channels x 200 spend points.
2026-06-04 15:05:28 | INFO     | analysis:633 |   [SATURATION] Analysis complete for 4 channels.
2026-06-04 15:05:29 | INFO     | analysis:884 |   Saved: mmm_outputs_smoke\response_curves\response_curves.png
2026-06-04 15:05:29 | INFO     | analysis:967 |   Saved: mmm_outputs_smoke\response_curves\response_curve_media_clicks_clara_dv360.png
2026-06-04 15:05:29 | INFO     | analysis:967 |   Saved: mmm_outputs_smoke\response_curves\response_curve_media_clicks_clara_google.png
2026-06-04 15:05:29 | INFO     | analysis:967 |   Saved: mmm_outputs_smoke\response_curves\response_curve_media_clicks_clara_linkedin.png
2026-06-04 15:05:30 | INFO     | analysis:967 |   Saved: mmm_outputs_smoke\response_curves\response_curve_media_clicks_clara_meta.png
2026-06-04 15:05:30 | INFO     | analyze:452 | [REPORT 2/3] Budget optimisation scenarios...
2026-06-04 15:05:30 | INFO     | optimisation:467 |   [OPT FORWARD] period=monthly (4.35 model-periods) | total_budget_spend=54,932.21 | per-period-spend=12,632.9341
2026-06-04 15:05:30 | INFO     | optimisation:501 |   [ACHIEVABILITY] response achievable within bounds: [145.0817, 190.1958]
2026-06-04 15:05:35 | INFO     | optimisation:671 |   [OPTIMISE FORWARD] expected_response=170.0082 | current_response=166.7771 | pct_change=+1.9% | convergence=100.0%
2026-06-04 15:05:35 | INFO     | optimisation:677 | 
                    channel  current_spend_£  optimal_spend_£_mean  pct_change_spend  current_response  response_mean  pct_change_response  current_roi  optimal_roi
   media_clicks_clara_dv360           998.31                950.39             -4.80           15.2210        15.3667                 0.96     0.015247     0.016169
  media_clicks_clara_google         40919.56              43655.98              6.69           98.6139       101.4214                 2.85     0.002410     0.002323
media_clicks_clara_linkedin          5485.49               3971.49            -27.60           21.6097        21.2028                -1.88     0.003939     0.005339
    media_clicks_clara_meta          7528.85               6354.35            -15.60           31.3325        32.0173                 2.19     0.004162     0.005039
                      TOTAL         54932.21              54932.21             -0.00          166.7771       170.0082                 1.94     0.003036     0.003095
2026-06-04 15:05:35 | INFO     | optimisation:467 |   [OPT FORWARD] period=monthly (4.35 model-periods) | total_budget_spend=43,945.77 | per-period-spend=10,106.3473
2026-06-04 15:05:35 | INFO     | optimisation:501 |   [ACHIEVABILITY] response achievable within bounds: [145.0817, 190.1958]
2026-06-04 15:05:39 | INFO     | optimisation:671 |   [OPTIMISE FORWARD] expected_response=153.5281 | current_response=166.7771 | pct_change=-7.9% | convergence=100.0%
2026-06-04 15:05:39 | INFO     | optimisation:677 | 
                    channel  current_spend_£  optimal_spend_£_mean  pct_change_spend  current_response  response_mean  pct_change_response  current_roi  optimal_roi
   media_clicks_clara_dv360           998.31                962.37             -3.60           15.2210        15.3823                 1.06     0.015247     0.015984
  media_clicks_clara_google         40919.56              32694.62            -20.10           98.6139        84.9868               -13.82     0.002410     0.002599
media_clicks_clara_linkedin          5485.49               3933.53            -28.29           21.6097        21.1486                -2.13     0.003939     0.005376
    media_clicks_clara_meta          7528.85               6355.25            -15.59           31.3325        32.0105                 2.16     0.004162     0.005037
                      TOTAL         54932.21              43945.77            -20.00          166.7771       153.5281                -7.94     0.003036     0.003494
2026-06-04 15:05:39 | INFO     | optimisation:467 |   [OPT FORWARD] period=monthly (4.35 model-periods) | total_budget_spend=49,438.99 | per-period-spend=11,369.6407
2026-06-04 15:05:39 | INFO     | optimisation:501 |   [ACHIEVABILITY] response achievable within bounds: [145.0817, 190.1958]
2026-06-04 15:05:44 | INFO     | optimisation:671 |   [OPTIMISE FORWARD] expected_response=161.6272 | current_response=166.7771 | pct_change=-3.1% | convergence=100.0%
2026-06-04 15:05:44 | INFO     | optimisation:677 | 
                    channel  current_spend_£  optimal_spend_£_mean  pct_change_spend  current_response  response_mean  pct_change_response  current_roi  optimal_roi
   media_clicks_clara_dv360           998.31                956.38             -4.20           15.2210        15.3741                 1.01     0.015247     0.016075
  media_clicks_clara_google         40919.56              38183.28             -6.69           98.6139        93.0807                -5.61     0.002410     0.002438
media_clicks_clara_linkedin          5485.49               3971.49            -27.60           21.6097        21.2028                -1.88     0.003939     0.005339
    media_clicks_clara_meta          7528.85               6327.84            -15.95           31.3325        31.9696                 2.03     0.004162     0.005052
                      TOTAL         54932.21              49438.99            -10.00          166.7771       161.6272                -3.09     0.003036     0.003269
2026-06-04 15:05:44 | INFO     | optimisation:467 |   [OPT FORWARD] period=monthly (4.35 model-periods) | total_budget_spend=60,425.43 | per-period-spend=13,896.2275
2026-06-04 15:05:44 | INFO     | optimisation:501 |   [ACHIEVABILITY] response achievable within bounds: [145.0817, 190.1958]
2026-06-04 15:05:52 | WARNING  | optimisation:565 |   [OPTIMISE] 2/100 SLSQP runs did not converge — using current spend allocation as fallback for those samples.
2026-06-04 15:05:52 | WARNING  | optimisation:571 |   [OPTIMISE] 2/100 samples violated bounds or budget constraint (>1% tolerance).
2026-06-04 15:05:52 | INFO     | optimisation:671 |   [OPTIMISE FORWARD] expected_response=178.4964 | current_response=166.7771 | pct_change=+7.0% | convergence=98.0%
2026-06-04 15:05:52 | INFO     | optimisation:677 | 
                    channel  current_spend_£  optimal_spend_£_mean  pct_change_spend  current_response  response_mean  pct_change_response  current_roi  optimal_roi
   media_clicks_clara_dv360           998.31                952.38             -4.60           15.2210        15.3620                 0.93     0.015247     0.016130
  media_clicks_clara_google         40919.56              49043.09             19.85           98.6139       109.8296                11.37     0.002410     0.002239
media_clicks_clara_linkedin          5485.49               4015.38            -26.80           21.6097        21.2083                -1.86     0.003939     0.005282
    media_clicks_clara_meta          7528.85               6414.58            -14.80           31.3325        32.0965                 2.44     0.004162     0.005004
                      TOTAL         54932.21              60425.43             10.00          166.7771       178.4964                 7.03     0.003036     0.002954
2026-06-04 15:05:52 | INFO     | optimisation:467 |   [OPT FORWARD] period=monthly (4.35 model-periods) | total_budget_spend=65,918.65 | per-period-spend=15,159.5209
2026-06-04 15:05:52 | INFO     | optimisation:501 |   [ACHIEVABILITY] response achievable within bounds: [145.0817, 190.1958]
2026-06-04 15:06:01 | INFO     | optimisation:671 |   [OPTIMISE FORWARD] expected_response=185.3772 | current_response=166.7771 | pct_change=+11.2% | convergence=100.0%
2026-06-04 15:06:01 | INFO     | optimisation:677 | 
                    channel  current_spend_£  optimal_spend_£_mean  pct_change_spend  current_response  response_mean  pct_change_response  current_roi  optimal_roi
   media_clicks_clara_dv360           998.31               1034.25              3.60           15.2210        15.4461                 1.48     0.015247     0.014935
  media_clicks_clara_google         40919.56              52653.50             28.68           98.6139       115.4758                17.10     0.002410     0.002193
media_clicks_clara_linkedin          5485.49               4685.47            -14.58           21.6097        21.5681                -0.19     0.003939     0.004603
    media_clicks_clara_meta          7528.85               7545.43              0.22           31.3325        32.8872                 4.96     0.004162     0.004359
                      TOTAL         54932.21              65918.65             20.00          166.7771       185.3772                11.15     0.003036     0.002812
2026-06-04 15:06:01 | INFO     | analyze:489 | [REPORT 3/3] Building HTML...
2026-06-04 15:06:01 | INFO     | analyze:531 | 
[REPORT] Saved: mmm_outputs_smoke\mmm_report.html
2026-06-04 15:06:01 | INFO     | analyze:532 | [REPORT] Open in any browser — all charts are embedded, no other files needed.
2026-06-04 16:45:26 | INFO     | analyze:542 | ============================================================
2026-06-04 16:45:26 | INFO     | analyze:543 |   FULL ANALYSIS (curves → optimise → reverse → scenarios → report)
2026-06-04 16:45:26 | INFO     | analyze:544 | ============================================================
2026-06-04 16:45:26 | INFO     | analyze:552 | 
──────────────────────────────────────────────────
  Response Curves
──────────────────────────────────────────────────
2026-06-04 16:45:32 | INFO     | pipeline:196 | [LOAD] trace.nc  <- mmm_outputs_smoke\trace.nc
2026-06-04 16:45:33 | INFO     | pipeline:199 | [LOAD] prep.pkl  <- mmm_outputs_smoke\prep.pkl
2026-06-04 16:45:33 | DEBUG    | optimisation:1877 |   [CPP] Loaded source CSV: wkly_clara_data_31Jul 2.csv
2026-06-04 16:45:33 | INFO     | optimisation:1903 |   [CPP] media_clicks_clara_dv360                  Clicks           CPC (GBP / click) = 0.275386  [computed from data]
2026-06-04 16:45:33 | INFO     | optimisation:1903 |   [CPP] media_clicks_clara_google                 Clicks           CPC (GBP / click) = 0.814544  [computed from data]
2026-06-04 16:45:33 | INFO     | optimisation:1903 |   [CPP] media_clicks_clara_linkedin               Clicks           CPC (GBP / click) = 1.176655  [computed from data]
2026-06-04 16:45:33 | INFO     | optimisation:1903 |   [CPP] media_clicks_clara_meta                   Clicks           CPC (GBP / click) = 0.612221  [computed from data]
2026-06-04 16:45:33 | INFO     | analyze:99 | 
  Channel metric types and cost-per-unit rates:
  Channel                                       Metric           Rate
  --------------------------------------------------------------------------------
  media_clicks_clara_dv360                      Clicks           0.275386  (CPC (GBP / click))
  media_clicks_clara_google                     Clicks           0.814544  (CPC (GBP / click))
  media_clicks_clara_linkedin                   Clicks           1.176655  (CPC (GBP / click))
  media_clicks_clara_meta                       Clicks           0.612221  (CPC (GBP / click))
2026-06-04 16:45:33 | INFO     | analyze:150 | 
[CURVES] Computing steady-state response curves...
2026-06-04 16:45:33 | INFO     | analysis:509 |   [RC] media_clicks_clara_dv360       max_response=0.2002 (@ spend=1.500 scaled)
2026-06-04 16:45:33 | INFO     | analysis:509 |   [RC] media_clicks_clara_google      max_response=3.3369 (@ spend=1.500 scaled)
2026-06-04 16:45:33 | INFO     | analysis:509 |   [RC] media_clicks_clara_linkedin    max_response=0.4284 (@ spend=1.500 scaled)
2026-06-04 16:45:33 | INFO     | analysis:509 |   [RC] media_clicks_clara_meta        max_response=0.9754 (@ spend=1.500 scaled)
2026-06-04 16:45:33 | INFO     | analysis:515 |   Response curves computed for 4 channels x 100 spend points.
2026-06-04 16:45:33 | INFO     | analysis:509 |   [RC] media_clicks_clara_dv360       max_response=0.2002 (@ spend=1.500 scaled)
2026-06-04 16:45:33 | INFO     | analysis:509 |   [RC] media_clicks_clara_google      max_response=3.3369 (@ spend=1.500 scaled)
2026-06-04 16:45:33 | INFO     | analysis:509 |   [RC] media_clicks_clara_linkedin    max_response=0.4284 (@ spend=1.500 scaled)
2026-06-04 16:45:33 | INFO     | analysis:509 |   [RC] media_clicks_clara_meta        max_response=0.9754 (@ spend=1.500 scaled)
2026-06-04 16:45:34 | INFO     | analysis:515 |   Response curves computed for 4 channels x 101 spend points.
2026-06-04 16:45:34 | INFO     | analysis:554 |   Marginal ROI curves computed.
2026-06-04 16:45:34 | INFO     | analysis:509 |   [RC] media_clicks_clara_dv360       max_response=0.5336 (@ spend=5.000 scaled)
2026-06-04 16:45:34 | INFO     | analysis:509 |   [RC] media_clicks_clara_google      max_response=11.1168 (@ spend=5.000 scaled)
2026-06-04 16:45:34 | INFO     | analysis:509 |   [RC] media_clicks_clara_linkedin    max_response=1.2535 (@ spend=5.000 scaled)
2026-06-04 16:45:34 | INFO     | analysis:509 |   [RC] media_clicks_clara_meta        max_response=3.1461 (@ spend=5.000 scaled)
2026-06-04 16:45:34 | INFO     | analysis:515 |   Response curves computed for 4 channels x 200 spend points.
2026-06-04 16:45:34 | INFO     | analysis:633 |   [SATURATION] Analysis complete for 4 channels.
2026-06-04 16:45:34 | INFO     | analyze:161 | [CURVES] Saving plots...
2026-06-04 16:45:34 | INFO     | analysis:884 |   Saved: mmm_outputs_smoke\response_curves\response_curves.png
2026-06-04 16:45:35 | INFO     | analysis:967 |   Saved: mmm_outputs_smoke\response_curves\response_curve_media_clicks_clara_dv360.png
2026-06-04 16:45:35 | INFO     | analysis:967 |   Saved: mmm_outputs_smoke\response_curves\response_curve_media_clicks_clara_google.png
2026-06-04 16:45:35 | INFO     | analysis:967 |   Saved: mmm_outputs_smoke\response_curves\response_curve_media_clicks_clara_linkedin.png
2026-06-04 16:45:36 | INFO     | analysis:967 |   Saved: mmm_outputs_smoke\response_curves\response_curve_media_clicks_clara_meta.png
2026-06-04 16:45:36 | INFO     | analyze:172 |   Saved: mmm_outputs_smoke\response_curves\response_curves.csv
2026-06-04 16:45:36 | INFO     | analyze:172 |   Saved: mmm_outputs_smoke\response_curves\marginal_roi.csv
2026-06-04 16:45:36 | INFO     | analyze:172 |   Saved: mmm_outputs_smoke\response_curves\saturation_analysis.csv
2026-06-04 16:45:36 | INFO     | analyze:175 | [CURVES] Computing multi-period response curves (1M/3M/6M/1Y)...
2026-06-04 16:45:36 | INFO     | analysis:770 |   [RC-MP] 1M   media_clicks_clara_dv360       obs_spend=GBP 918  max_resp=1.5719
2026-06-04 16:45:36 | INFO     | analysis:770 |   [RC-MP] 1M   media_clicks_clara_google      obs_spend=GBP 37,642  max_resp=20.1948
2026-06-04 16:45:36 | INFO     | analysis:770 |   [RC-MP] 1M   media_clicks_clara_linkedin    obs_spend=GBP 5,046  max_resp=0.8815
2026-06-04 16:45:36 | INFO     | analysis:770 |   [RC-MP] 1M   media_clicks_clara_meta        obs_spend=GBP 6,926  max_resp=3.0387
2026-06-04 16:45:36 | INFO     | analysis:770 |   [RC-MP] 3M   media_clicks_clara_dv360       obs_spend=GBP 2,985  max_resp=5.2801
2026-06-04 16:45:36 | INFO     | analysis:770 |   [RC-MP] 3M   media_clicks_clara_google      obs_spend=GBP 122,335  max_resp=74.7030
2026-06-04 16:45:36 | INFO     | analysis:770 |   [RC-MP] 3M   media_clicks_clara_linkedin    obs_spend=GBP 16,400  max_resp=2.9556
2026-06-04 16:45:36 | INFO     | analysis:770 |   [RC-MP] 3M   media_clicks_clara_meta        obs_spend=GBP 22,509  max_resp=10.4314
2026-06-04 16:45:36 | INFO     | analysis:770 |   [RC-MP] 6M   media_clicks_clara_dv360       obs_spend=GBP 5,969  max_resp=10.6532
2026-06-04 16:45:36 | INFO     | analysis:770 |   [RC-MP] 6M   media_clicks_clara_google      obs_spend=GBP 244,670  max_resp=155.3514
2026-06-04 16:45:36 | INFO     | analysis:770 |   [RC-MP] 6M   media_clicks_clara_linkedin    obs_spend=GBP 32,799  max_resp=5.9837
2026-06-04 16:45:36 | INFO     | analysis:770 |   [RC-MP] 6M   media_clicks_clara_meta        obs_spend=GBP 45,017  max_resp=21.2217
2026-06-04 16:45:36 | INFO     | analysis:770 |   [RC-MP] 1Y   media_clicks_clara_dv360       obs_spend=GBP 11,938  max_resp=21.4024
2026-06-04 16:45:36 | INFO     | analysis:770 |   [RC-MP] 1Y   media_clicks_clara_google      obs_spend=GBP 489,341  max_resp=316.8960
2026-06-04 16:45:36 | INFO     | analysis:770 |   [RC-MP] 1Y   media_clicks_clara_linkedin    obs_spend=GBP 65,599  max_resp=12.0590
2026-06-04 16:45:36 | INFO     | analysis:770 |   [RC-MP] 1Y   media_clicks_clara_meta        obs_spend=GBP 90,035  max_resp=42.8181
2026-06-04 16:45:36 | INFO     | analysis:777 |   Multi-period response curves: 4 periods x 4 channels x 150 points.
2026-06-04 16:45:36 | INFO     | analyze:180 |   Saved: mmm_outputs_smoke\response_curves\response_curves_multiperiod.csv
2026-06-04 16:45:36 | INFO     | analyze:184 | [CURVES] Done.
2026-06-04 16:45:36 | INFO     | analyze:552 | 
──────────────────────────────────────────────────
  Forward Optimisation
──────────────────────────────────────────────────
2026-06-04 16:45:36 | INFO     | pipeline:196 | [LOAD] trace.nc  <- mmm_outputs_smoke\trace.nc
2026-06-04 16:45:37 | INFO     | pipeline:199 | [LOAD] prep.pkl  <- mmm_outputs_smoke\prep.pkl
2026-06-04 16:45:37 | DEBUG    | optimisation:1877 |   [CPP] Loaded source CSV: wkly_clara_data_31Jul 2.csv
2026-06-04 16:45:37 | INFO     | optimisation:1903 |   [CPP] media_clicks_clara_dv360                  Clicks           CPC (GBP / click) = 0.275386  [computed from data]
2026-06-04 16:45:37 | INFO     | optimisation:1903 |   [CPP] media_clicks_clara_google                 Clicks           CPC (GBP / click) = 0.814544  [computed from data]
2026-06-04 16:45:37 | INFO     | optimisation:1903 |   [CPP] media_clicks_clara_linkedin               Clicks           CPC (GBP / click) = 1.176655  [computed from data]
2026-06-04 16:45:37 | INFO     | optimisation:1903 |   [CPP] media_clicks_clara_meta                   Clicks           CPC (GBP / click) = 0.612221  [computed from data]
2026-06-04 16:45:37 | INFO     | analyze:99 | 
  Channel metric types and cost-per-unit rates:
  Channel                                       Metric           Rate
  --------------------------------------------------------------------------------
  media_clicks_clara_dv360                      Clicks           0.275386  (CPC (GBP / click))
  media_clicks_clara_google                     Clicks           0.814544  (CPC (GBP / click))
  media_clicks_clara_linkedin                   Clicks           1.176655  (CPC (GBP / click))
  media_clicks_clara_meta                       Clicks           0.612221  (CPC (GBP / click))
2026-06-04 16:45:37 | INFO     | analyze:204 | 
[OPTIMISE] Forward optimisation | period=monthly | budget=observed mean
2026-06-04 16:45:37 | INFO     | optimisation:460 |   [OPT] total_budget not specified — using observed monthly spend: 54,932.21
2026-06-04 16:45:37 | INFO     | optimisation:467 |   [OPT FORWARD] period=monthly (4.35 model-periods) | total_budget_spend=54,932.21 | per-period-spend=12,632.9341
2026-06-04 16:45:37 | INFO     | optimisation:501 |   [ACHIEVABILITY] response achievable within bounds: [162.2179, 226.9754]
2026-06-04 16:45:39 | WARNING  | optimisation:565 |   [OPTIMISE] 1/100 SLSQP runs did not converge — using current spend allocation as fallback for those samples.
2026-06-04 16:45:39 | WARNING  | optimisation:571 |   [OPTIMISE] 1/100 samples violated bounds or budget constraint (>1% tolerance).
2026-06-04 16:45:39 | INFO     | optimisation:671 |   [OPTIMISE FORWARD] expected_response=173.4536 | current_response=166.7771 | pct_change=+4.0% | convergence=99.0%
2026-06-04 16:45:39 | INFO     | optimisation:677 | 
                    channel  current_spend_£  optimal_spend_£_mean  pct_change_spend  current_response  response_mean  pct_change_response  current_roi  optimal_roi
   media_clicks_clara_dv360           998.31               3472.86            247.88           15.2210        24.0097                57.74     0.015247     0.006914
  media_clicks_clara_google         40919.56              38537.10             -5.82           98.6139        93.5716                -5.11     0.002410     0.002428
media_clicks_clara_linkedin          5485.49               3341.52            -39.08           21.6097        20.8533                -3.50     0.003939     0.006241
    media_clicks_clara_meta          7528.85               9606.93             27.60           31.3325        35.0190                11.77     0.004162     0.003645
                      TOTAL         54932.21              54958.40              0.05          166.7771       173.4536                 4.00     0.003036     0.003156
2026-06-04 16:45:39 | INFO     | analyze:215 |   Saved: mmm_outputs_smoke\budget_optimisation.csv
2026-06-04 16:45:40 | INFO     | export:332 |   Updated model_results.xlsx — added tabs: ['Forward Optimisation', 'Reverse Optimisation']
2026-06-04 16:45:40 | INFO     | analyze:239 | [OPTIMISE] Done.
2026-06-04 16:45:40 | INFO     | analyze:552 | 
──────────────────────────────────────────────────
  Reverse Optimisation
──────────────────────────────────────────────────
2026-06-04 16:45:40 | INFO     | pipeline:196 | [LOAD] trace.nc  <- mmm_outputs_smoke\trace.nc
2026-06-04 16:45:40 | INFO     | pipeline:199 | [LOAD] prep.pkl  <- mmm_outputs_smoke\prep.pkl
2026-06-04 16:45:40 | DEBUG    | optimisation:1877 |   [CPP] Loaded source CSV: wkly_clara_data_31Jul 2.csv
2026-06-04 16:45:40 | INFO     | optimisation:1903 |   [CPP] media_clicks_clara_dv360                  Clicks           CPC (GBP / click) = 0.275386  [computed from data]
2026-06-04 16:45:40 | INFO     | optimisation:1903 |   [CPP] media_clicks_clara_google                 Clicks           CPC (GBP / click) = 0.814544  [computed from data]
2026-06-04 16:45:40 | INFO     | optimisation:1903 |   [CPP] media_clicks_clara_linkedin               Clicks           CPC (GBP / click) = 1.176655  [computed from data]
2026-06-04 16:45:40 | INFO     | optimisation:1903 |   [CPP] media_clicks_clara_meta                   Clicks           CPC (GBP / click) = 0.612221  [computed from data]
2026-06-04 16:45:40 | INFO     | analyze:99 | 
  Channel metric types and cost-per-unit rates:
  Channel                                       Metric           Rate
  --------------------------------------------------------------------------------
  media_clicks_clara_dv360                      Clicks           0.275386  (CPC (GBP / click))
  media_clicks_clara_google                     Clicks           0.814544  (CPC (GBP / click))
  media_clicks_clara_linkedin                   Clicks           1.176655  (CPC (GBP / click))
  media_clicks_clara_meta                       Clicks           0.612221  (CPC (GBP / click))
2026-06-04 16:45:40 | INFO     | analyze:260 | 
[REVERSE] Reverse optimisation | period=monthly | target=observed mean
2026-06-04 16:45:40 | INFO     | optimisation:749 |   [OPT REVERSE] target_response not specified — using observed monthly response: 699.3569
2026-06-04 16:45:40 | INFO     | optimisation:757 |   [OPT REVERSE] period=monthly (4.35 model-periods) | target_response=699.3569 | per-period-model=4.982342
2026-06-04 16:45:40 | INFO     | optimisation:788 |   [ACHIEVABILITY] response achievable within bounds: [162.2179, 226.9754] | target=699.3569 | achievable=False
2026-06-04 16:45:40 | WARNING  | optimisation:794 |   [OPTIMISE REVERSE] Target 699.3569 is outside achievable range [162.2179, 226.9754]. Results may not meet the target — consider relaxing channel bounds.
2026-06-04 16:45:41 | WARNING  | optimisation:860 |   [OPTIMISE REVERSE] 100/100 SLSQP runs did not converge — current spend used as fallback for those samples.
2026-06-04 16:45:41 | INFO     | optimisation:945 |   [OPTIMISE REVERSE] min_spend_£=57,550.95 | achieved=169.7110 | target=699.3569 | achievable=False | convergence=0.0%
2026-06-04 16:45:41 | INFO     | optimisation:951 | 
                    channel  current_spend_£  min_spend_£_mean  pct_change_spend  achieved_response_mean  current_cpa  optimal_cpa
   media_clicks_clara_dv360           998.31           2537.58            154.19                 18.7553    65.587315   135.299193
  media_clicks_clara_google         40919.56          40919.56             -0.00                 96.7923   414.947034   422.756608
media_clicks_clara_linkedin          5485.49           5485.49              0.00                 21.4549   253.843695   255.675736
    media_clicks_clara_meta          7528.85           8608.32             14.34                 32.7086   240.288992   263.182537
                      TOTAL         54932.21          57550.95              4.77                169.7110   329.375007   339.111529
2026-06-04 16:45:41 | INFO     | analyze:272 |   Saved: mmm_outputs_smoke\spend_target_optimisation.csv
2026-06-04 16:45:42 | INFO     | export:332 |   Updated model_results.xlsx — added tabs: ['Forward Optimisation', 'Reverse Optimisation']
2026-06-04 16:45:42 | INFO     | analyze:279 | [REVERSE] Done.
2026-06-04 16:45:42 | INFO     | analyze:552 | 
──────────────────────────────────────────────────
  Scenarios
──────────────────────────────────────────────────
2026-06-04 16:45:42 | INFO     | pipeline:196 | [LOAD] trace.nc  <- mmm_outputs_smoke\trace.nc
2026-06-04 16:45:42 | INFO     | pipeline:199 | [LOAD] prep.pkl  <- mmm_outputs_smoke\prep.pkl
2026-06-04 16:45:42 | DEBUG    | optimisation:1877 |   [CPP] Loaded source CSV: wkly_clara_data_31Jul 2.csv
2026-06-04 16:45:42 | INFO     | optimisation:1903 |   [CPP] media_clicks_clara_dv360                  Clicks           CPC (GBP / click) = 0.275386  [computed from data]
2026-06-04 16:45:42 | INFO     | optimisation:1903 |   [CPP] media_clicks_clara_google                 Clicks           CPC (GBP / click) = 0.814544  [computed from data]
2026-06-04 16:45:42 | INFO     | optimisation:1903 |   [CPP] media_clicks_clara_linkedin               Clicks           CPC (GBP / click) = 1.176655  [computed from data]
2026-06-04 16:45:42 | INFO     | optimisation:1903 |   [CPP] media_clicks_clara_meta                   Clicks           CPC (GBP / click) = 0.612221  [computed from data]
2026-06-04 16:45:42 | INFO     | analyze:99 | 
  Channel metric types and cost-per-unit rates:
  Channel                                       Metric           Rate
  --------------------------------------------------------------------------------
  media_clicks_clara_dv360                      Clicks           0.275386  (CPC (GBP / click))
  media_clicks_clara_google                     Clicks           0.814544  (CPC (GBP / click))
  media_clicks_clara_linkedin                   Clicks           1.176655  (CPC (GBP / click))
  media_clicks_clara_meta                       Clicks           0.612221  (CPC (GBP / click))
2026-06-04 16:45:42 | INFO     | analyze:308 | 
[SCENARIOS] Running 5 scenario(s) | period=monthly
2026-06-04 16:45:42 | INFO     | analysis:1135 | 
[SCENARIO] -- Current spend (current) ----------------
2026-06-04 16:45:42 | INFO     | analysis:1251 |   [SCENARIO] Current spend: spend=£54,932 | response=166.7772 | ROI=0.0030
2026-06-04 16:45:42 | INFO     | analysis:1135 | 
[SCENARIO] -- -20% budget (budget_pct) ----------------
2026-06-04 16:45:42 | INFO     | optimisation:467 |   [OPT FORWARD] period=monthly (4.35 model-periods) | total_budget_spend=43,945.77 | per-period-spend=10,106.3473
2026-06-04 16:45:42 | INFO     | optimisation:501 |   [ACHIEVABILITY] response achievable within bounds: [102.8966, 416.1307]
2026-06-04 16:45:48 | WARNING  | optimisation:565 |   [OPTIMISE] 5/100 SLSQP runs did not converge — using current spend allocation as fallback for those samples.
2026-06-04 16:45:48 | WARNING  | optimisation:571 |   [OPTIMISE] 5/100 samples violated bounds or budget constraint (>1% tolerance).
2026-06-04 16:45:48 | INFO     | optimisation:671 |   [OPTIMISE FORWARD] expected_response=282.2018 | current_response=166.7771 | pct_change=+69.2% | convergence=95.0%
2026-06-04 16:45:48 | INFO     | optimisation:677 | 
                    channel  current_spend_£  optimal_spend_£_mean  pct_change_spend  current_response  response_mean  pct_change_response  current_roi  optimal_roi
   media_clicks_clara_dv360           998.31              18763.60           1779.54           15.2210       147.5596               869.45     0.015247     0.007864
  media_clicks_clara_google         40919.56              18997.04            -53.57           98.6139        71.7693               -27.22     0.002410     0.003778
media_clicks_clara_linkedin          5485.49                440.96            -91.96           21.6097        21.2035                -1.88     0.003939     0.048085
    media_clicks_clara_meta          7528.85               5744.16            -23.70           31.3325        41.6694                32.99     0.004162     0.007254
                      TOTAL         54932.21              43945.77            -20.00          166.7771       282.2018                69.21     0.003036     0.006422
2026-06-04 16:45:48 | INFO     | analysis:1251 |   [SCENARIO] -20% budget: spend=£43,946 | response=282.2018 | ROI=0.0064
2026-06-04 16:45:48 | INFO     | analysis:1135 | 
[SCENARIO] -- -10% budget (budget_pct) ----------------
2026-06-04 16:45:48 | INFO     | optimisation:467 |   [OPT FORWARD] period=monthly (4.35 model-periods) | total_budget_spend=49,438.99 | per-period-spend=11,369.6407
2026-06-04 16:45:48 | INFO     | optimisation:501 |   [ACHIEVABILITY] response achievable within bounds: [102.8966, 460.3716]
2026-06-04 16:45:57 | WARNING  | optimisation:565 |   [OPTIMISE] 8/100 SLSQP runs did not converge — using current spend allocation as fallback for those samples.
2026-06-04 16:45:57 | WARNING  | optimisation:571 |   [OPTIMISE] 8/100 samples violated bounds or budget constraint (>1% tolerance).
2026-06-04 16:45:57 | INFO     | optimisation:671 |   [OPTIMISE FORWARD] expected_response=302.6530 | current_response=166.7771 | pct_change=+81.5% | convergence=92.0%
2026-06-04 16:45:57 | INFO     | optimisation:677 | 
                    channel  current_spend_£  optimal_spend_£_mean  pct_change_spend  current_response  response_mean  pct_change_response  current_roi  optimal_roi
   media_clicks_clara_dv360           998.31              21825.03           2086.21           15.2210       164.1224               978.26     0.015247     0.007520
  media_clicks_clara_google         40919.56              22626.69            -44.70           98.6139        77.1716               -21.74     0.002410     0.003411
media_clicks_clara_linkedin          5485.49                889.34            -83.79           21.6097        23.8425                10.33     0.003939     0.026809
    media_clicks_clara_meta          7528.85               4097.92            -45.57           31.3325        37.5166                19.74     0.004162     0.009155
                      TOTAL         54932.21              49438.99            -10.00          166.7771       302.6530                81.47     0.003036     0.006122
2026-06-04 16:45:57 | INFO     | analysis:1251 |   [SCENARIO] -10% budget: spend=£49,439 | response=302.6530 | ROI=0.0061
2026-06-04 16:45:57 | INFO     | analysis:1135 | 
[SCENARIO] -- +10% budget (budget_pct) ----------------
2026-06-04 16:45:57 | INFO     | optimisation:467 |   [OPT FORWARD] period=monthly (4.35 model-periods) | total_budget_spend=60,425.43 | per-period-spend=13,896.2275
2026-06-04 16:45:57 | INFO     | optimisation:501 |   [ACHIEVABILITY] response achievable within bounds: [102.8966, 550.4698]
2026-06-04 16:46:13 | WARNING  | optimisation:565 |   [OPTIMISE] 19/100 SLSQP runs did not converge — using current spend allocation as fallback for those samples.
2026-06-04 16:46:13 | WARNING  | optimisation:571 |   [OPTIMISE] 19/100 samples violated bounds or budget constraint (>1% tolerance).
2026-06-04 16:46:13 | INFO     | optimisation:671 |   [OPTIMISE FORWARD] expected_response=292.8569 | current_response=166.7771 | pct_change=+75.6% | convergence=81.0%
2026-06-04 16:46:13 | INFO     | optimisation:677 | 
                    channel  current_spend_£  optimal_spend_£_mean  pct_change_spend  current_response  response_mean  pct_change_response  current_roi  optimal_roi
   media_clicks_clara_dv360           998.31              15980.23           1500.73           15.2210       124.3855               717.20     0.015247     0.007784
  media_clicks_clara_google         40919.56              32545.41            -20.46           98.6139        91.7848                -6.93     0.002410     0.002820
media_clicks_clara_linkedin          5485.49               1750.72            -68.08           21.6097        25.1888                16.56     0.003939     0.014388
    media_clicks_clara_meta          7528.85              10149.07             34.80           31.3325        51.4979                64.36     0.004162     0.005074
                      TOTAL         54932.21              60425.43             10.00          166.7771       292.8569                75.60     0.003036     0.004847
2026-06-04 16:46:13 | INFO     | analysis:1251 |   [SCENARIO] +10% budget: spend=£60,425 | response=292.8569 | ROI=0.0048
2026-06-04 16:46:13 | INFO     | analysis:1135 | 
[SCENARIO] -- +20% budget (budget_pct) ----------------
2026-06-04 16:46:13 | INFO     | optimisation:467 |   [OPT FORWARD] period=monthly (4.35 model-periods) | total_budget_spend=65,918.65 | per-period-spend=15,159.5209
2026-06-04 16:46:13 | INFO     | optimisation:501 |   [ACHIEVABILITY] response achievable within bounds: [102.8966, 596.2028]
2026-06-04 16:46:19 | WARNING  | optimisation:565 |   [OPTIMISE] 3/100 SLSQP runs did not converge — using current spend allocation as fallback for those samples.
2026-06-04 16:46:19 | WARNING  | optimisation:571 |   [OPTIMISE] 3/100 samples violated bounds or budget constraint (>1% tolerance).
2026-06-04 16:46:19 | INFO     | optimisation:671 |   [OPTIMISE FORWARD] expected_response=381.5226 | current_response=166.7771 | pct_change=+128.8% | convergence=97.0%
2026-06-04 16:46:19 | INFO     | optimisation:677 | 
                    channel  current_spend_£  optimal_spend_£_mean  pct_change_spend  current_response  response_mean  pct_change_response  current_roi  optimal_roi
   media_clicks_clara_dv360           998.31              27128.13           2617.42           15.2210       214.3069              1307.97     0.015247     0.007900
  media_clicks_clara_google         40919.56              28307.78            -30.82           98.6139        88.3097               -10.45     0.002410     0.003120
media_clicks_clara_linkedin          5485.49                856.66            -84.38           21.6097        25.3452                17.29     0.003939     0.029586
    media_clicks_clara_meta          7528.85               9626.07             27.86           31.3325        53.5609                70.94     0.004162     0.005564
                      TOTAL         54932.21              65918.65             20.00          166.7771       381.5226               128.76     0.003036     0.005788
2026-06-04 16:46:19 | INFO     | analysis:1251 |   [SCENARIO] +20% budget: spend=£65,919 | response=381.5226 | ROI=0.0058
2026-06-04 16:46:19 | INFO     | analysis:1259 | 
[SCENARIOS] Complete — 5 scenario(s) evaluated.
2026-06-04 16:46:19 | INFO     | analysis:1261 | 
     scenario  total_spend_£  pct_change_spend  total_response_mean  pct_change_response  overall_roi_£
Current spend       54932.21               0.0             166.7772                  0.0         0.0030
  -20% budget       43945.77             -20.0             282.2018                 69.2         0.0064
  -10% budget       49438.99             -10.0             302.6530                 81.5         0.0061
  +10% budget       60425.43              10.0             292.8569                 75.6         0.0048
  +20% budget       65918.65              20.0             381.5226                128.8         0.0058
2026-06-04 16:46:19 | INFO     | analyze:320 |   Saved: scenarios/scenario_comparison.csv + scenario_channel_detail.csv
2026-06-04 16:46:19 | INFO     | analysis:1440 |   Saved: mmm_outputs_smoke\scenarios\scenario_comparison.png
2026-06-04 16:46:19 | INFO     | analysis:1486 |   Saved: mmm_outputs_smoke\scenarios\scenario_roi_comparison.png
2026-06-04 16:46:19 | INFO     | analyze:327 | [SCENARIOS] Done.
2026-06-04 16:46:19 | INFO     | analyze:552 | 
──────────────────────────────────────────────────
  HTML Report
──────────────────────────────────────────────────
2026-06-04 16:46:19 | INFO     | pipeline:196 | [LOAD] trace.nc  <- mmm_outputs_smoke\trace.nc
2026-06-04 16:46:20 | INFO     | pipeline:199 | [LOAD] prep.pkl  <- mmm_outputs_smoke\prep.pkl
2026-06-04 16:46:20 | DEBUG    | optimisation:1877 |   [CPP] Loaded source CSV: wkly_clara_data_31Jul 2.csv
2026-06-04 16:46:20 | INFO     | optimisation:1903 |   [CPP] media_clicks_clara_dv360                  Clicks           CPC (GBP / click) = 0.275386  [computed from data]
2026-06-04 16:46:20 | INFO     | optimisation:1903 |   [CPP] media_clicks_clara_google                 Clicks           CPC (GBP / click) = 0.814544  [computed from data]
2026-06-04 16:46:20 | INFO     | optimisation:1903 |   [CPP] media_clicks_clara_linkedin               Clicks           CPC (GBP / click) = 1.176655  [computed from data]
2026-06-04 16:46:20 | INFO     | optimisation:1903 |   [CPP] media_clicks_clara_meta                   Clicks           CPC (GBP / click) = 0.612221  [computed from data]
2026-06-04 16:46:20 | INFO     | analyze:99 | 
  Channel metric types and cost-per-unit rates:
  Channel                                       Metric           Rate
  --------------------------------------------------------------------------------
  media_clicks_clara_dv360                      Clicks           0.275386  (CPC (GBP / click))
  media_clicks_clara_google                     Clicks           0.814544  (CPC (GBP / click))
  media_clicks_clara_linkedin                   Clicks           1.176655  (CPC (GBP / click))
  media_clicks_clara_meta                       Clicks           0.612221  (CPC (GBP / click))
2026-06-04 16:46:20 | INFO     | analyze:428 | [REPORT 1/3] Response curves...
2026-06-04 16:46:20 | INFO     | analysis:509 |   [RC] media_clicks_clara_dv360       max_response=0.2002 (@ spend=1.500 scaled)
2026-06-04 16:46:20 | INFO     | analysis:509 |   [RC] media_clicks_clara_google      max_response=3.3369 (@ spend=1.500 scaled)
2026-06-04 16:46:20 | INFO     | analysis:509 |   [RC] media_clicks_clara_linkedin    max_response=0.4284 (@ spend=1.500 scaled)
2026-06-04 16:46:20 | INFO     | analysis:509 |   [RC] media_clicks_clara_meta        max_response=0.9754 (@ spend=1.500 scaled)
2026-06-04 16:46:20 | INFO     | analysis:515 |   Response curves computed for 4 channels x 100 spend points.
2026-06-04 16:46:20 | INFO     | analysis:509 |   [RC] media_clicks_clara_dv360       max_response=0.2002 (@ spend=1.500 scaled)
2026-06-04 16:46:20 | INFO     | analysis:509 |   [RC] media_clicks_clara_google      max_response=3.3369 (@ spend=1.500 scaled)
2026-06-04 16:46:20 | INFO     | analysis:509 |   [RC] media_clicks_clara_linkedin    max_response=0.4284 (@ spend=1.500 scaled)
2026-06-04 16:46:20 | INFO     | analysis:509 |   [RC] media_clicks_clara_meta        max_response=0.9754 (@ spend=1.500 scaled)
2026-06-04 16:46:20 | INFO     | analysis:515 |   Response curves computed for 4 channels x 101 spend points.
2026-06-04 16:46:20 | INFO     | analysis:554 |   Marginal ROI curves computed.
2026-06-04 16:46:20 | INFO     | analysis:509 |   [RC] media_clicks_clara_dv360       max_response=0.5336 (@ spend=5.000 scaled)
2026-06-04 16:46:20 | INFO     | analysis:509 |   [RC] media_clicks_clara_google      max_response=11.1168 (@ spend=5.000 scaled)
2026-06-04 16:46:20 | INFO     | analysis:509 |   [RC] media_clicks_clara_linkedin    max_response=1.2535 (@ spend=5.000 scaled)
2026-06-04 16:46:20 | INFO     | analysis:509 |   [RC] media_clicks_clara_meta        max_response=3.1461 (@ spend=5.000 scaled)
2026-06-04 16:46:20 | INFO     | analysis:515 |   Response curves computed for 4 channels x 200 spend points.
2026-06-04 16:46:20 | INFO     | analysis:633 |   [SATURATION] Analysis complete for 4 channels.
2026-06-04 16:46:20 | INFO     | analysis:884 |   Saved: mmm_outputs_smoke\response_curves\response_curves.png
2026-06-04 16:46:21 | INFO     | analysis:967 |   Saved: mmm_outputs_smoke\response_curves\response_curve_media_clicks_clara_dv360.png
2026-06-04 16:46:21 | INFO     | analysis:967 |   Saved: mmm_outputs_smoke\response_curves\response_curve_media_clicks_clara_google.png
2026-06-04 16:46:21 | INFO     | analysis:967 |   Saved: mmm_outputs_smoke\response_curves\response_curve_media_clicks_clara_linkedin.png
2026-06-04 16:46:21 | INFO     | analysis:967 |   Saved: mmm_outputs_smoke\response_curves\response_curve_media_clicks_clara_meta.png
2026-06-04 16:46:21 | INFO     | analyze:452 | [REPORT 2/3] Budget optimisation scenarios...
2026-06-04 16:46:21 | INFO     | optimisation:467 |   [OPT FORWARD] period=monthly (4.35 model-periods) | total_budget_spend=54,932.21 | per-period-spend=12,632.9341
2026-06-04 16:46:21 | INFO     | optimisation:501 |   [ACHIEVABILITY] response achievable within bounds: [145.0817, 190.1958]
2026-06-04 16:46:27 | INFO     | optimisation:671 |   [OPTIMISE FORWARD] expected_response=170.0082 | current_response=166.7771 | pct_change=+1.9% | convergence=100.0%
2026-06-04 16:46:27 | INFO     | optimisation:677 | 
                    channel  current_spend_£  optimal_spend_£_mean  pct_change_spend  current_response  response_mean  pct_change_response  current_roi  optimal_roi
   media_clicks_clara_dv360           998.31                950.39             -4.80           15.2210        15.3667                 0.96     0.015247     0.016169
  media_clicks_clara_google         40919.56              43655.98              6.69           98.6139       101.4214                 2.85     0.002410     0.002323
media_clicks_clara_linkedin          5485.49               3971.49            -27.60           21.6097        21.2028                -1.88     0.003939     0.005339
    media_clicks_clara_meta          7528.85               6354.35            -15.60           31.3325        32.0173                 2.19     0.004162     0.005039
                      TOTAL         54932.21              54932.21             -0.00          166.7771       170.0082                 1.94     0.003036     0.003095
2026-06-04 16:46:27 | INFO     | optimisation:467 |   [OPT FORWARD] period=monthly (4.35 model-periods) | total_budget_spend=43,945.77 | per-period-spend=10,106.3473
2026-06-04 16:46:27 | INFO     | optimisation:501 |   [ACHIEVABILITY] response achievable within bounds: [145.0817, 190.1958]
2026-06-04 16:46:31 | INFO     | optimisation:671 |   [OPTIMISE FORWARD] expected_response=153.5281 | current_response=166.7771 | pct_change=-7.9% | convergence=100.0%
2026-06-04 16:46:31 | INFO     | optimisation:677 | 
                    channel  current_spend_£  optimal_spend_£_mean  pct_change_spend  current_response  response_mean  pct_change_response  current_roi  optimal_roi
   media_clicks_clara_dv360           998.31                962.37             -3.60           15.2210        15.3823                 1.06     0.015247     0.015984
  media_clicks_clara_google         40919.56              32694.62            -20.10           98.6139        84.9868               -13.82     0.002410     0.002599
media_clicks_clara_linkedin          5485.49               3933.53            -28.29           21.6097        21.1486                -2.13     0.003939     0.005376
    media_clicks_clara_meta          7528.85               6355.25            -15.59           31.3325        32.0105                 2.16     0.004162     0.005037
                      TOTAL         54932.21              43945.77            -20.00          166.7771       153.5281                -7.94     0.003036     0.003494
2026-06-04 16:46:31 | INFO     | optimisation:467 |   [OPT FORWARD] period=monthly (4.35 model-periods) | total_budget_spend=49,438.99 | per-period-spend=11,369.6407
2026-06-04 16:46:31 | INFO     | optimisation:501 |   [ACHIEVABILITY] response achievable within bounds: [145.0817, 190.1958]
2026-06-04 16:46:36 | INFO     | optimisation:671 |   [OPTIMISE FORWARD] expected_response=161.6272 | current_response=166.7771 | pct_change=-3.1% | convergence=100.0%
2026-06-04 16:46:36 | INFO     | optimisation:677 | 
                    channel  current_spend_£  optimal_spend_£_mean  pct_change_spend  current_response  response_mean  pct_change_response  current_roi  optimal_roi
   media_clicks_clara_dv360           998.31                956.38             -4.20           15.2210        15.3741                 1.01     0.015247     0.016075
  media_clicks_clara_google         40919.56              38183.28             -6.69           98.6139        93.0807                -5.61     0.002410     0.002438
media_clicks_clara_linkedin          5485.49               3971.49            -27.60           21.6097        21.2028                -1.88     0.003939     0.005339
    media_clicks_clara_meta          7528.85               6327.84            -15.95           31.3325        31.9696                 2.03     0.004162     0.005052
                      TOTAL         54932.21              49438.99            -10.00          166.7771       161.6272                -3.09     0.003036     0.003269
2026-06-04 16:46:36 | INFO     | optimisation:467 |   [OPT FORWARD] period=monthly (4.35 model-periods) | total_budget_spend=60,425.43 | per-period-spend=13,896.2275
2026-06-04 16:46:36 | INFO     | optimisation:501 |   [ACHIEVABILITY] response achievable within bounds: [145.0817, 190.1958]
2026-06-04 16:46:44 | WARNING  | optimisation:565 |   [OPTIMISE] 2/100 SLSQP runs did not converge — using current spend allocation as fallback for those samples.
2026-06-04 16:46:44 | WARNING  | optimisation:571 |   [OPTIMISE] 2/100 samples violated bounds or budget constraint (>1% tolerance).
2026-06-04 16:46:44 | INFO     | optimisation:671 |   [OPTIMISE FORWARD] expected_response=178.4964 | current_response=166.7771 | pct_change=+7.0% | convergence=98.0%
2026-06-04 16:46:44 | INFO     | optimisation:677 | 
                    channel  current_spend_£  optimal_spend_£_mean  pct_change_spend  current_response  response_mean  pct_change_response  current_roi  optimal_roi
   media_clicks_clara_dv360           998.31                952.38             -4.60           15.2210        15.3620                 0.93     0.015247     0.016130
  media_clicks_clara_google         40919.56              49043.09             19.85           98.6139       109.8296                11.37     0.002410     0.002239
media_clicks_clara_linkedin          5485.49               4015.38            -26.80           21.6097        21.2083                -1.86     0.003939     0.005282
    media_clicks_clara_meta          7528.85               6414.58            -14.80           31.3325        32.0965                 2.44     0.004162     0.005004
                      TOTAL         54932.21              60425.43             10.00          166.7771       178.4964                 7.03     0.003036     0.002954
2026-06-04 16:46:44 | INFO     | optimisation:467 |   [OPT FORWARD] period=monthly (4.35 model-periods) | total_budget_spend=65,918.65 | per-period-spend=15,159.5209
2026-06-04 16:46:44 | INFO     | optimisation:501 |   [ACHIEVABILITY] response achievable within bounds: [145.0817, 190.1958]
2026-06-04 16:46:53 | INFO     | optimisation:671 |   [OPTIMISE FORWARD] expected_response=185.3772 | current_response=166.7771 | pct_change=+11.2% | convergence=100.0%
2026-06-04 16:46:53 | INFO     | optimisation:677 | 
                    channel  current_spend_£  optimal_spend_£_mean  pct_change_spend  current_response  response_mean  pct_change_response  current_roi  optimal_roi
   media_clicks_clara_dv360           998.31               1034.25              3.60           15.2210        15.4461                 1.48     0.015247     0.014935
  media_clicks_clara_google         40919.56              52653.50             28.68           98.6139       115.4758                17.10     0.002410     0.002193
media_clicks_clara_linkedin          5485.49               4685.47            -14.58           21.6097        21.5681                -0.19     0.003939     0.004603
    media_clicks_clara_meta          7528.85               7545.43              0.22           31.3325        32.8872                 4.96     0.004162     0.004359
                      TOTAL         54932.21              65918.65             20.00          166.7771       185.3772                11.15     0.003036     0.002812
2026-06-04 16:46:53 | INFO     | analyze:489 | [REPORT 3/3] Building HTML...
2026-06-04 16:46:53 | INFO     | analyze:531 | 
[REPORT] Saved: mmm_outputs_smoke\mmm_report.html
2026-06-04 16:46:53 | INFO     | analyze:532 | [REPORT] Open in any browser — all charts are embedded, no other files needed.
2026-06-04 16:46:53 | INFO     | analyze:557 | 
[ALL] Complete.
2026-06-04 17:43:47 | INFO     | analyze:542 | ============================================================
2026-06-04 17:43:47 | INFO     | analyze:543 |   FULL ANALYSIS (curves → optimise → reverse → scenarios → report)
2026-06-04 17:43:47 | INFO     | analyze:544 | ============================================================
2026-06-04 17:43:47 | INFO     | analyze:552 | 
──────────────────────────────────────────────────
  Response Curves
──────────────────────────────────────────────────
2026-06-04 17:43:51 | INFO     | pipeline:196 | [LOAD] trace.nc  <- mmm_outputs_smoke\trace.nc
2026-06-04 17:43:51 | INFO     | pipeline:199 | [LOAD] prep.pkl  <- mmm_outputs_smoke\prep.pkl
2026-06-04 17:43:51 | DEBUG    | optimisation:1877 |   [CPP] Loaded source CSV: wkly_clara_data_31Jul 2.csv
2026-06-04 17:43:51 | INFO     | optimisation:1903 |   [CPP] media_clicks_clara_dv360                  Clicks           CPC (GBP / click) = 0.275386  [computed from data]
2026-06-04 17:43:51 | INFO     | optimisation:1903 |   [CPP] media_clicks_clara_google                 Clicks           CPC (GBP / click) = 0.814544  [computed from data]
2026-06-04 17:43:51 | INFO     | optimisation:1903 |   [CPP] media_clicks_clara_linkedin               Clicks           CPC (GBP / click) = 1.176655  [computed from data]
2026-06-04 17:43:51 | INFO     | optimisation:1903 |   [CPP] media_clicks_clara_meta                   Clicks           CPC (GBP / click) = 0.612221  [computed from data]
2026-06-04 17:43:51 | INFO     | analyze:99 | 
  Channel metric types and cost-per-unit rates:
  Channel                                       Metric           Rate
  --------------------------------------------------------------------------------
  media_clicks_clara_dv360                      Clicks           0.275386  (CPC (GBP / click))
  media_clicks_clara_google                     Clicks           0.814544  (CPC (GBP / click))
  media_clicks_clara_linkedin                   Clicks           1.176655  (CPC (GBP / click))
  media_clicks_clara_meta                       Clicks           0.612221  (CPC (GBP / click))
2026-06-04 17:43:51 | INFO     | analyze:150 | 
[CURVES] Computing steady-state response curves...
2026-06-04 17:43:51 | INFO     | analysis:509 |   [RC] media_clicks_clara_dv360       max_response=0.2002 (@ spend=1.500 scaled)
2026-06-04 17:43:51 | INFO     | analysis:509 |   [RC] media_clicks_clara_google      max_response=3.3369 (@ spend=1.500 scaled)
2026-06-04 17:43:51 | INFO     | analysis:509 |   [RC] media_clicks_clara_linkedin    max_response=0.4284 (@ spend=1.500 scaled)
2026-06-04 17:43:51 | INFO     | analysis:509 |   [RC] media_clicks_clara_meta        max_response=0.9754 (@ spend=1.500 scaled)
2026-06-04 17:43:51 | INFO     | analysis:515 |   Response curves computed for 4 channels x 100 spend points.
2026-06-04 17:43:51 | INFO     | analysis:509 |   [RC] media_clicks_clara_dv360       max_response=0.2002 (@ spend=1.500 scaled)
2026-06-04 17:43:51 | INFO     | analysis:509 |   [RC] media_clicks_clara_google      max_response=3.3369 (@ spend=1.500 scaled)
2026-06-04 17:43:51 | INFO     | analysis:509 |   [RC] media_clicks_clara_linkedin    max_response=0.4284 (@ spend=1.500 scaled)
2026-06-04 17:43:51 | INFO     | analysis:509 |   [RC] media_clicks_clara_meta        max_response=0.9754 (@ spend=1.500 scaled)
2026-06-04 17:43:51 | INFO     | analysis:515 |   Response curves computed for 4 channels x 101 spend points.
2026-06-04 17:43:51 | INFO     | analysis:554 |   Marginal ROI curves computed.
2026-06-04 17:43:51 | INFO     | analysis:509 |   [RC] media_clicks_clara_dv360       max_response=0.5336 (@ spend=5.000 scaled)
2026-06-04 17:43:51 | INFO     | analysis:509 |   [RC] media_clicks_clara_google      max_response=11.1168 (@ spend=5.000 scaled)
2026-06-04 17:43:51 | INFO     | analysis:509 |   [RC] media_clicks_clara_linkedin    max_response=1.2535 (@ spend=5.000 scaled)
2026-06-04 17:43:51 | INFO     | analysis:509 |   [RC] media_clicks_clara_meta        max_response=3.1461 (@ spend=5.000 scaled)
2026-06-04 17:43:51 | INFO     | analysis:515 |   Response curves computed for 4 channels x 200 spend points.
2026-06-04 17:43:51 | INFO     | analysis:633 |   [SATURATION] Analysis complete for 4 channels.
2026-06-04 17:43:51 | INFO     | analyze:161 | [CURVES] Saving plots...
2026-06-04 17:43:52 | INFO     | analysis:884 |   Saved: mmm_outputs_smoke\response_curves\response_curves.png
2026-06-04 17:43:53 | INFO     | analysis:967 |   Saved: mmm_outputs_smoke\response_curves\response_curve_media_clicks_clara_dv360.png
2026-06-04 17:43:53 | INFO     | analysis:967 |   Saved: mmm_outputs_smoke\response_curves\response_curve_media_clicks_clara_google.png
2026-06-04 17:43:53 | INFO     | analysis:967 |   Saved: mmm_outputs_smoke\response_curves\response_curve_media_clicks_clara_linkedin.png
2026-06-04 17:43:53 | INFO     | analysis:967 |   Saved: mmm_outputs_smoke\response_curves\response_curve_media_clicks_clara_meta.png
2026-06-04 17:43:53 | INFO     | analyze:172 |   Saved: mmm_outputs_smoke\response_curves\response_curves.csv
2026-06-04 17:43:53 | INFO     | analyze:172 |   Saved: mmm_outputs_smoke\response_curves\marginal_roi.csv
2026-06-04 17:43:53 | INFO     | analyze:172 |   Saved: mmm_outputs_smoke\response_curves\saturation_analysis.csv
2026-06-04 17:43:53 | INFO     | analyze:175 | [CURVES] Computing multi-period response curves (1M/3M/6M/1Y)...
2026-06-04 17:43:53 | INFO     | analysis:770 |   [RC-MP] 1M   media_clicks_clara_dv360       obs_spend=GBP 918  max_resp=1.5719
2026-06-04 17:43:53 | INFO     | analysis:770 |   [RC-MP] 1M   media_clicks_clara_google      obs_spend=GBP 37,642  max_resp=20.1948
2026-06-04 17:43:53 | INFO     | analysis:770 |   [RC-MP] 1M   media_clicks_clara_linkedin    obs_spend=GBP 5,046  max_resp=0.8815
2026-06-04 17:43:53 | INFO     | analysis:770 |   [RC-MP] 1M   media_clicks_clara_meta        obs_spend=GBP 6,926  max_resp=3.0387
2026-06-04 17:43:53 | INFO     | analysis:770 |   [RC-MP] 3M   media_clicks_clara_dv360       obs_spend=GBP 2,985  max_resp=5.2801
2026-06-04 17:43:53 | INFO     | analysis:770 |   [RC-MP] 3M   media_clicks_clara_google      obs_spend=GBP 122,335  max_resp=74.7030
2026-06-04 17:43:53 | INFO     | analysis:770 |   [RC-MP] 3M   media_clicks_clara_linkedin    obs_spend=GBP 16,400  max_resp=2.9556
2026-06-04 17:43:53 | INFO     | analysis:770 |   [RC-MP] 3M   media_clicks_clara_meta        obs_spend=GBP 22,509  max_resp=10.4314
2026-06-04 17:43:54 | INFO     | analysis:770 |   [RC-MP] 6M   media_clicks_clara_dv360       obs_spend=GBP 5,969  max_resp=10.6532
2026-06-04 17:43:54 | INFO     | analysis:770 |   [RC-MP] 6M   media_clicks_clara_google      obs_spend=GBP 244,670  max_resp=155.3514
2026-06-04 17:43:54 | INFO     | analysis:770 |   [RC-MP] 6M   media_clicks_clara_linkedin    obs_spend=GBP 32,799  max_resp=5.9837
2026-06-04 17:43:54 | INFO     | analysis:770 |   [RC-MP] 6M   media_clicks_clara_meta        obs_spend=GBP 45,017  max_resp=21.2217
2026-06-04 17:43:54 | INFO     | analysis:770 |   [RC-MP] 1Y   media_clicks_clara_dv360       obs_spend=GBP 11,938  max_resp=21.4024
2026-06-04 17:43:54 | INFO     | analysis:770 |   [RC-MP] 1Y   media_clicks_clara_google      obs_spend=GBP 489,341  max_resp=316.8960
2026-06-04 17:43:54 | INFO     | analysis:770 |   [RC-MP] 1Y   media_clicks_clara_linkedin    obs_spend=GBP 65,599  max_resp=12.0590
2026-06-04 17:43:54 | INFO     | analysis:770 |   [RC-MP] 1Y   media_clicks_clara_meta        obs_spend=GBP 90,035  max_resp=42.8181
2026-06-04 17:43:54 | INFO     | analysis:777 |   Multi-period response curves: 4 periods x 4 channels x 150 points.
2026-06-04 17:43:54 | INFO     | analyze:180 |   Saved: mmm_outputs_smoke\response_curves\response_curves_multiperiod.csv
2026-06-04 17:43:54 | INFO     | analyze:184 | [CURVES] Done.
2026-06-04 17:43:54 | INFO     | analyze:552 | 
──────────────────────────────────────────────────
  Forward Optimisation
──────────────────────────────────────────────────
2026-06-04 17:43:54 | INFO     | pipeline:196 | [LOAD] trace.nc  <- mmm_outputs_smoke\trace.nc
2026-06-04 17:43:54 | INFO     | pipeline:199 | [LOAD] prep.pkl  <- mmm_outputs_smoke\prep.pkl
2026-06-04 17:43:54 | DEBUG    | optimisation:1877 |   [CPP] Loaded source CSV: wkly_clara_data_31Jul 2.csv
2026-06-04 17:43:54 | INFO     | optimisation:1903 |   [CPP] media_clicks_clara_dv360                  Clicks           CPC (GBP / click) = 0.275386  [computed from data]
2026-06-04 17:43:54 | INFO     | optimisation:1903 |   [CPP] media_clicks_clara_google                 Clicks           CPC (GBP / click) = 0.814544  [computed from data]
2026-06-04 17:43:54 | INFO     | optimisation:1903 |   [CPP] media_clicks_clara_linkedin               Clicks           CPC (GBP / click) = 1.176655  [computed from data]
2026-06-04 17:43:54 | INFO     | optimisation:1903 |   [CPP] media_clicks_clara_meta                   Clicks           CPC (GBP / click) = 0.612221  [computed from data]
2026-06-04 17:43:54 | INFO     | analyze:99 | 
  Channel metric types and cost-per-unit rates:
  Channel                                       Metric           Rate
  --------------------------------------------------------------------------------
  media_clicks_clara_dv360                      Clicks           0.275386  (CPC (GBP / click))
  media_clicks_clara_google                     Clicks           0.814544  (CPC (GBP / click))
  media_clicks_clara_linkedin                   Clicks           1.176655  (CPC (GBP / click))
  media_clicks_clara_meta                       Clicks           0.612221  (CPC (GBP / click))
2026-06-04 17:43:54 | INFO     | analyze:204 | 
[OPTIMISE] Forward optimisation | period=monthly | budget=observed mean
2026-06-04 17:43:54 | INFO     | optimisation:460 |   [OPT] total_budget not specified — using observed monthly spend: 54,932.21
2026-06-04 17:43:54 | INFO     | optimisation:467 |   [OPT FORWARD] period=monthly (4.35 model-periods) | total_budget_spend=54,932.21 | per-period-spend=12,632.9341
2026-06-04 17:43:54 | INFO     | optimisation:501 |   [ACHIEVABILITY] response achievable within bounds: [162.2179, 226.9754]
2026-06-04 17:43:57 | WARNING  | optimisation:565 |   [OPTIMISE] 1/100 SLSQP runs did not converge — using current spend allocation as fallback for those samples.
2026-06-04 17:43:57 | WARNING  | optimisation:571 |   [OPTIMISE] 1/100 samples violated bounds or budget constraint (>1% tolerance).
2026-06-04 17:43:57 | INFO     | optimisation:671 |   [OPTIMISE FORWARD] expected_response=173.4536 | current_response=166.7771 | pct_change=+4.0% | convergence=99.0%
2026-06-04 17:43:57 | INFO     | optimisation:677 | 
                    channel  current_spend_£  optimal_spend_£_mean  pct_change_spend  current_response  response_mean  pct_change_response  current_roi  optimal_roi
   media_clicks_clara_dv360           998.31               3472.86            247.88           15.2210        24.0097                57.74     0.015247     0.006914
  media_clicks_clara_google         40919.56              38537.10             -5.82           98.6139        93.5716                -5.11     0.002410     0.002428
media_clicks_clara_linkedin          5485.49               3341.52            -39.08           21.6097        20.8533                -3.50     0.003939     0.006241
    media_clicks_clara_meta          7528.85               9606.93             27.60           31.3325        35.0190                11.77     0.004162     0.003645
                      TOTAL         54932.21              54958.40              0.05          166.7771       173.4536                 4.00     0.003036     0.003156
2026-06-04 17:43:57 | INFO     | analyze:215 |   Saved: mmm_outputs_smoke\budget_optimisation.csv
2026-06-04 17:43:58 | INFO     | export:338 |   Updated model_results.xlsx — added tabs: ['Forward Optimisation', 'Reverse Optimisation']
2026-06-04 17:43:58 | INFO     | analyze:239 | [OPTIMISE] Done.
2026-06-04 17:43:58 | INFO     | analyze:552 | 
──────────────────────────────────────────────────
  Reverse Optimisation
──────────────────────────────────────────────────
2026-06-04 17:43:58 | INFO     | pipeline:196 | [LOAD] trace.nc  <- mmm_outputs_smoke\trace.nc
2026-06-04 17:43:58 | INFO     | pipeline:199 | [LOAD] prep.pkl  <- mmm_outputs_smoke\prep.pkl
2026-06-04 17:43:58 | DEBUG    | optimisation:1877 |   [CPP] Loaded source CSV: wkly_clara_data_31Jul 2.csv
2026-06-04 17:43:58 | INFO     | optimisation:1903 |   [CPP] media_clicks_clara_dv360                  Clicks           CPC (GBP / click) = 0.275386  [computed from data]
2026-06-04 17:43:58 | INFO     | optimisation:1903 |   [CPP] media_clicks_clara_google                 Clicks           CPC (GBP / click) = 0.814544  [computed from data]
2026-06-04 17:43:58 | INFO     | optimisation:1903 |   [CPP] media_clicks_clara_linkedin               Clicks           CPC (GBP / click) = 1.176655  [computed from data]
2026-06-04 17:43:58 | INFO     | optimisation:1903 |   [CPP] media_clicks_clara_meta                   Clicks           CPC (GBP / click) = 0.612221  [computed from data]
2026-06-04 17:43:58 | INFO     | analyze:99 | 
  Channel metric types and cost-per-unit rates:
  Channel                                       Metric           Rate
  --------------------------------------------------------------------------------
  media_clicks_clara_dv360                      Clicks           0.275386  (CPC (GBP / click))
  media_clicks_clara_google                     Clicks           0.814544  (CPC (GBP / click))
  media_clicks_clara_linkedin                   Clicks           1.176655  (CPC (GBP / click))
  media_clicks_clara_meta                       Clicks           0.612221  (CPC (GBP / click))
2026-06-04 17:43:58 | INFO     | analyze:260 | 
[REVERSE] Reverse optimisation | period=monthly | target=observed mean
2026-06-04 17:43:58 | INFO     | optimisation:749 |   [OPT REVERSE] target_response not specified — using observed monthly response: 699.3569
2026-06-04 17:43:58 | INFO     | optimisation:757 |   [OPT REVERSE] period=monthly (4.35 model-periods) | target_response=699.3569 | per-period-model=4.982342
2026-06-04 17:43:58 | INFO     | optimisation:788 |   [ACHIEVABILITY] response achievable within bounds: [162.2179, 226.9754] | target=699.3569 | achievable=False
2026-06-04 17:43:58 | WARNING  | optimisation:794 |   [OPTIMISE REVERSE] Target 699.3569 is outside achievable range [162.2179, 226.9754]. Results may not meet the target — consider relaxing channel bounds.
2026-06-04 17:43:59 | WARNING  | optimisation:860 |   [OPTIMISE REVERSE] 100/100 SLSQP runs did not converge — current spend used as fallback for those samples.
2026-06-04 17:43:59 | INFO     | optimisation:945 |   [OPTIMISE REVERSE] min_spend_£=57,550.95 | achieved=169.7110 | target=699.3569 | achievable=False | convergence=0.0%
2026-06-04 17:43:59 | INFO     | optimisation:951 | 
                    channel  current_spend_£  min_spend_£_mean  pct_change_spend  achieved_response_mean  current_cpa  optimal_cpa
   media_clicks_clara_dv360           998.31           2537.58            154.19                 18.7553    65.587315   135.299193
  media_clicks_clara_google         40919.56          40919.56             -0.00                 96.7923   414.947034   422.756608
media_clicks_clara_linkedin          5485.49           5485.49              0.00                 21.4549   253.843695   255.675736
    media_clicks_clara_meta          7528.85           8608.32             14.34                 32.7086   240.288992   263.182537
                      TOTAL         54932.21          57550.95              4.77                169.7110   329.375007   339.111529
2026-06-04 17:43:59 | INFO     | analyze:272 |   Saved: mmm_outputs_smoke\spend_target_optimisation.csv
2026-06-04 17:43:59 | INFO     | export:338 |   Updated model_results.xlsx — added tabs: ['Forward Optimisation', 'Reverse Optimisation']
2026-06-04 17:43:59 | INFO     | analyze:279 | [REVERSE] Done.
2026-06-04 17:43:59 | INFO     | analyze:552 | 
──────────────────────────────────────────────────
  Scenarios
──────────────────────────────────────────────────
2026-06-04 17:43:59 | INFO     | pipeline:196 | [LOAD] trace.nc  <- mmm_outputs_smoke\trace.nc
2026-06-04 17:44:00 | INFO     | pipeline:199 | [LOAD] prep.pkl  <- mmm_outputs_smoke\prep.pkl
2026-06-04 17:44:00 | DEBUG    | optimisation:1877 |   [CPP] Loaded source CSV: wkly_clara_data_31Jul 2.csv
2026-06-04 17:44:00 | INFO     | optimisation:1903 |   [CPP] media_clicks_clara_dv360                  Clicks           CPC (GBP / click) = 0.275386  [computed from data]
2026-06-04 17:44:00 | INFO     | optimisation:1903 |   [CPP] media_clicks_clara_google                 Clicks           CPC (GBP / click) = 0.814544  [computed from data]
2026-06-04 17:44:00 | INFO     | optimisation:1903 |   [CPP] media_clicks_clara_linkedin               Clicks           CPC (GBP / click) = 1.176655  [computed from data]
2026-06-04 17:44:00 | INFO     | optimisation:1903 |   [CPP] media_clicks_clara_meta                   Clicks           CPC (GBP / click) = 0.612221  [computed from data]
2026-06-04 17:44:00 | INFO     | analyze:99 | 
  Channel metric types and cost-per-unit rates:
  Channel                                       Metric           Rate
  --------------------------------------------------------------------------------
  media_clicks_clara_dv360                      Clicks           0.275386  (CPC (GBP / click))
  media_clicks_clara_google                     Clicks           0.814544  (CPC (GBP / click))
  media_clicks_clara_linkedin                   Clicks           1.176655  (CPC (GBP / click))
  media_clicks_clara_meta                       Clicks           0.612221  (CPC (GBP / click))
2026-06-04 17:44:00 | INFO     | analyze:308 | 
[SCENARIOS] Running 5 scenario(s) | period=monthly
2026-06-04 17:44:00 | INFO     | analysis:1135 | 
[SCENARIO] -- Current spend (current) ----------------
2026-06-04 17:44:00 | INFO     | analysis:1251 |   [SCENARIO] Current spend: spend=£54,932 | response=166.7772 | ROI=0.0030
2026-06-04 17:44:00 | INFO     | analysis:1135 | 
[SCENARIO] -- -20% budget (budget_pct) ----------------
2026-06-04 17:44:00 | INFO     | optimisation:467 |   [OPT FORWARD] period=monthly (4.35 model-periods) | total_budget_spend=43,945.77 | per-period-spend=10,106.3473
2026-06-04 17:44:00 | INFO     | optimisation:501 |   [ACHIEVABILITY] response achievable within bounds: [102.8966, 416.1307]
2026-06-04 17:44:06 | WARNING  | optimisation:565 |   [OPTIMISE] 5/100 SLSQP runs did not converge — using current spend allocation as fallback for those samples.
2026-06-04 17:44:06 | WARNING  | optimisation:571 |   [OPTIMISE] 5/100 samples violated bounds or budget constraint (>1% tolerance).
2026-06-04 17:44:06 | INFO     | optimisation:671 |   [OPTIMISE FORWARD] expected_response=282.2018 | current_response=166.7771 | pct_change=+69.2% | convergence=95.0%
2026-06-04 17:44:06 | INFO     | optimisation:677 | 
                    channel  current_spend_£  optimal_spend_£_mean  pct_change_spend  current_response  response_mean  pct_change_response  current_roi  optimal_roi
   media_clicks_clara_dv360           998.31              18763.60           1779.54           15.2210       147.5596               869.45     0.015247     0.007864
  media_clicks_clara_google         40919.56              18997.04            -53.57           98.6139        71.7693               -27.22     0.002410     0.003778
media_clicks_clara_linkedin          5485.49                440.96            -91.96           21.6097        21.2035                -1.88     0.003939     0.048085
    media_clicks_clara_meta          7528.85               5744.16            -23.70           31.3325        41.6694                32.99     0.004162     0.007254
                      TOTAL         54932.21              43945.77            -20.00          166.7771       282.2018                69.21     0.003036     0.006422
2026-06-04 17:44:06 | INFO     | analysis:1251 |   [SCENARIO] -20% budget: spend=£43,946 | response=282.2018 | ROI=0.0064
2026-06-04 17:44:06 | INFO     | analysis:1135 | 
[SCENARIO] -- -10% budget (budget_pct) ----------------
2026-06-04 17:44:06 | INFO     | optimisation:467 |   [OPT FORWARD] period=monthly (4.35 model-periods) | total_budget_spend=49,438.99 | per-period-spend=11,369.6407
2026-06-04 17:44:06 | INFO     | optimisation:501 |   [ACHIEVABILITY] response achievable within bounds: [102.8966, 460.3716]
2026-06-04 17:44:15 | WARNING  | optimisation:565 |   [OPTIMISE] 8/100 SLSQP runs did not converge — using current spend allocation as fallback for those samples.
2026-06-04 17:44:15 | WARNING  | optimisation:571 |   [OPTIMISE] 8/100 samples violated bounds or budget constraint (>1% tolerance).
2026-06-04 17:44:15 | INFO     | optimisation:671 |   [OPTIMISE FORWARD] expected_response=302.6530 | current_response=166.7771 | pct_change=+81.5% | convergence=92.0%
2026-06-04 17:44:15 | INFO     | optimisation:677 | 
                    channel  current_spend_£  optimal_spend_£_mean  pct_change_spend  current_response  response_mean  pct_change_response  current_roi  optimal_roi
   media_clicks_clara_dv360           998.31              21825.03           2086.21           15.2210       164.1224               978.26     0.015247     0.007520
  media_clicks_clara_google         40919.56              22626.69            -44.70           98.6139        77.1716               -21.74     0.002410     0.003411
media_clicks_clara_linkedin          5485.49                889.34            -83.79           21.6097        23.8425                10.33     0.003939     0.026809
    media_clicks_clara_meta          7528.85               4097.92            -45.57           31.3325        37.5166                19.74     0.004162     0.009155
                      TOTAL         54932.21              49438.99            -10.00          166.7771       302.6530                81.47     0.003036     0.006122
2026-06-04 17:44:15 | INFO     | analysis:1251 |   [SCENARIO] -10% budget: spend=£49,439 | response=302.6530 | ROI=0.0061
2026-06-04 17:44:15 | INFO     | analysis:1135 | 
[SCENARIO] -- +10% budget (budget_pct) ----------------
2026-06-04 17:44:15 | INFO     | optimisation:467 |   [OPT FORWARD] period=monthly (4.35 model-periods) | total_budget_spend=60,425.43 | per-period-spend=13,896.2275
2026-06-04 17:44:15 | INFO     | optimisation:501 |   [ACHIEVABILITY] response achievable within bounds: [102.8966, 550.4698]
2026-06-04 17:44:33 | WARNING  | optimisation:565 |   [OPTIMISE] 19/100 SLSQP runs did not converge — using current spend allocation as fallback for those samples.
2026-06-04 17:44:33 | WARNING  | optimisation:571 |   [OPTIMISE] 19/100 samples violated bounds or budget constraint (>1% tolerance).
2026-06-04 17:44:33 | INFO     | optimisation:671 |   [OPTIMISE FORWARD] expected_response=292.8569 | current_response=166.7771 | pct_change=+75.6% | convergence=81.0%
2026-06-04 17:44:33 | INFO     | optimisation:677 | 
                    channel  current_spend_£  optimal_spend_£_mean  pct_change_spend  current_response  response_mean  pct_change_response  current_roi  optimal_roi
   media_clicks_clara_dv360           998.31              15980.23           1500.73           15.2210       124.3855               717.20     0.015247     0.007784
  media_clicks_clara_google         40919.56              32545.41            -20.46           98.6139        91.7848                -6.93     0.002410     0.002820
media_clicks_clara_linkedin          5485.49               1750.72            -68.08           21.6097        25.1888                16.56     0.003939     0.014388
    media_clicks_clara_meta          7528.85              10149.07             34.80           31.3325        51.4979                64.36     0.004162     0.005074
                      TOTAL         54932.21              60425.43             10.00          166.7771       292.8569                75.60     0.003036     0.004847
2026-06-04 17:44:33 | INFO     | analysis:1251 |   [SCENARIO] +10% budget: spend=£60,425 | response=292.8569 | ROI=0.0048
2026-06-04 17:44:33 | INFO     | analysis:1135 | 
[SCENARIO] -- +20% budget (budget_pct) ----------------
2026-06-04 17:44:33 | INFO     | optimisation:467 |   [OPT FORWARD] period=monthly (4.35 model-periods) | total_budget_spend=65,918.65 | per-period-spend=15,159.5209
2026-06-04 17:44:33 | INFO     | optimisation:501 |   [ACHIEVABILITY] response achievable within bounds: [102.8966, 596.2028]
2026-06-04 17:44:38 | WARNING  | optimisation:565 |   [OPTIMISE] 3/100 SLSQP runs did not converge — using current spend allocation as fallback for those samples.
2026-06-04 17:44:38 | WARNING  | optimisation:571 |   [OPTIMISE] 3/100 samples violated bounds or budget constraint (>1% tolerance).
2026-06-04 17:44:38 | INFO     | optimisation:671 |   [OPTIMISE FORWARD] expected_response=381.5226 | current_response=166.7771 | pct_change=+128.8% | convergence=97.0%
2026-06-04 17:44:38 | INFO     | optimisation:677 | 
                    channel  current_spend_£  optimal_spend_£_mean  pct_change_spend  current_response  response_mean  pct_change_response  current_roi  optimal_roi
   media_clicks_clara_dv360           998.31              27128.13           2617.42           15.2210       214.3069              1307.97     0.015247     0.007900
  media_clicks_clara_google         40919.56              28307.78            -30.82           98.6139        88.3097               -10.45     0.002410     0.003120
media_clicks_clara_linkedin          5485.49                856.66            -84.38           21.6097        25.3452                17.29     0.003939     0.029586
    media_clicks_clara_meta          7528.85               9626.07             27.86           31.3325        53.5609                70.94     0.004162     0.005564
                      TOTAL         54932.21              65918.65             20.00          166.7771       381.5226               128.76     0.003036     0.005788
2026-06-04 17:44:38 | INFO     | analysis:1251 |   [SCENARIO] +20% budget: spend=£65,919 | response=381.5226 | ROI=0.0058
2026-06-04 17:44:38 | INFO     | analysis:1259 | 
[SCENARIOS] Complete — 5 scenario(s) evaluated.
2026-06-04 17:44:38 | INFO     | analysis:1261 | 
     scenario  total_spend_£  pct_change_spend  total_response_mean  pct_change_response  overall_roi_£
Current spend       54932.21               0.0             166.7772                  0.0         0.0030
  -20% budget       43945.77             -20.0             282.2018                 69.2         0.0064
  -10% budget       49438.99             -10.0             302.6530                 81.5         0.0061
  +10% budget       60425.43              10.0             292.8569                 75.6         0.0048
  +20% budget       65918.65              20.0             381.5226                128.8         0.0058
2026-06-04 17:44:38 | INFO     | analyze:320 |   Saved: scenarios/scenario_comparison.csv + scenario_channel_detail.csv
2026-06-04 17:44:39 | INFO     | analysis:1440 |   Saved: mmm_outputs_smoke\scenarios\scenario_comparison.png
2026-06-04 17:44:39 | INFO     | analysis:1486 |   Saved: mmm_outputs_smoke\scenarios\scenario_roi_comparison.png
2026-06-04 17:44:39 | INFO     | analyze:327 | [SCENARIOS] Done.
2026-06-04 17:44:39 | INFO     | analyze:552 | 
──────────────────────────────────────────────────
  HTML Report
──────────────────────────────────────────────────
2026-06-04 17:44:39 | INFO     | pipeline:196 | [LOAD] trace.nc  <- mmm_outputs_smoke\trace.nc
2026-06-04 17:44:39 | INFO     | pipeline:199 | [LOAD] prep.pkl  <- mmm_outputs_smoke\prep.pkl
2026-06-04 17:44:39 | DEBUG    | optimisation:1877 |   [CPP] Loaded source CSV: wkly_clara_data_31Jul 2.csv
2026-06-04 17:44:39 | INFO     | optimisation:1903 |   [CPP] media_clicks_clara_dv360                  Clicks           CPC (GBP / click) = 0.275386  [computed from data]
2026-06-04 17:44:39 | INFO     | optimisation:1903 |   [CPP] media_clicks_clara_google                 Clicks           CPC (GBP / click) = 0.814544  [computed from data]
2026-06-04 17:44:39 | INFO     | optimisation:1903 |   [CPP] media_clicks_clara_linkedin               Clicks           CPC (GBP / click) = 1.176655  [computed from data]
2026-06-04 17:44:39 | INFO     | optimisation:1903 |   [CPP] media_clicks_clara_meta                   Clicks           CPC (GBP / click) = 0.612221  [computed from data]
2026-06-04 17:44:39 | INFO     | analyze:99 | 
  Channel metric types and cost-per-unit rates:
  Channel                                       Metric           Rate
  --------------------------------------------------------------------------------
  media_clicks_clara_dv360                      Clicks           0.275386  (CPC (GBP / click))
  media_clicks_clara_google                     Clicks           0.814544  (CPC (GBP / click))
  media_clicks_clara_linkedin                   Clicks           1.176655  (CPC (GBP / click))
  media_clicks_clara_meta                       Clicks           0.612221  (CPC (GBP / click))
2026-06-04 17:44:39 | INFO     | analyze:428 | [REPORT 1/3] Response curves...
2026-06-04 17:44:39 | INFO     | analysis:509 |   [RC] media_clicks_clara_dv360       max_response=0.2002 (@ spend=1.500 scaled)
2026-06-04 17:44:39 | INFO     | analysis:509 |   [RC] media_clicks_clara_google      max_response=3.3369 (@ spend=1.500 scaled)
2026-06-04 17:44:39 | INFO     | analysis:509 |   [RC] media_clicks_clara_linkedin    max_response=0.4284 (@ spend=1.500 scaled)
2026-06-04 17:44:39 | INFO     | analysis:509 |   [RC] media_clicks_clara_meta        max_response=0.9754 (@ spend=1.500 scaled)
2026-06-04 17:44:39 | INFO     | analysis:515 |   Response curves computed for 4 channels x 100 spend points.
2026-06-04 17:44:39 | INFO     | analysis:509 |   [RC] media_clicks_clara_dv360       max_response=0.2002 (@ spend=1.500 scaled)
2026-06-04 17:44:39 | INFO     | analysis:509 |   [RC] media_clicks_clara_google      max_response=3.3369 (@ spend=1.500 scaled)
2026-06-04 17:44:39 | INFO     | analysis:509 |   [RC] media_clicks_clara_linkedin    max_response=0.4284 (@ spend=1.500 scaled)
2026-06-04 17:44:39 | INFO     | analysis:509 |   [RC] media_clicks_clara_meta        max_response=0.9754 (@ spend=1.500 scaled)
2026-06-04 17:44:39 | INFO     | analysis:515 |   Response curves computed for 4 channels x 101 spend points.
2026-06-04 17:44:39 | INFO     | analysis:554 |   Marginal ROI curves computed.
2026-06-04 17:44:39 | INFO     | analysis:509 |   [RC] media_clicks_clara_dv360       max_response=0.5336 (@ spend=5.000 scaled)
2026-06-04 17:44:39 | INFO     | analysis:509 |   [RC] media_clicks_clara_google      max_response=11.1168 (@ spend=5.000 scaled)
2026-06-04 17:44:39 | INFO     | analysis:509 |   [RC] media_clicks_clara_linkedin    max_response=1.2535 (@ spend=5.000 scaled)
2026-06-04 17:44:39 | INFO     | analysis:509 |   [RC] media_clicks_clara_meta        max_response=3.1461 (@ spend=5.000 scaled)
2026-06-04 17:44:39 | INFO     | analysis:515 |   Response curves computed for 4 channels x 200 spend points.
2026-06-04 17:44:39 | INFO     | analysis:633 |   [SATURATION] Analysis complete for 4 channels.
2026-06-04 17:44:40 | INFO     | analysis:884 |   Saved: mmm_outputs_smoke\response_curves\response_curves.png
2026-06-04 17:44:40 | INFO     | analysis:967 |   Saved: mmm_outputs_smoke\response_curves\response_curve_media_clicks_clara_dv360.png
2026-06-04 17:44:41 | INFO     | analysis:967 |   Saved: mmm_outputs_smoke\response_curves\response_curve_media_clicks_clara_google.png
2026-06-04 17:44:41 | INFO     | analysis:967 |   Saved: mmm_outputs_smoke\response_curves\response_curve_media_clicks_clara_linkedin.png
2026-06-04 17:44:41 | INFO     | analysis:967 |   Saved: mmm_outputs_smoke\response_curves\response_curve_media_clicks_clara_meta.png
2026-06-04 17:44:41 | INFO     | analyze:452 | [REPORT 2/3] Budget optimisation scenarios...
2026-06-04 17:44:41 | INFO     | optimisation:467 |   [OPT FORWARD] period=monthly (4.35 model-periods) | total_budget_spend=54,932.21 | per-period-spend=12,632.9341
2026-06-04 17:44:41 | INFO     | optimisation:501 |   [ACHIEVABILITY] response achievable within bounds: [145.0817, 190.1958]
2026-06-04 17:44:47 | INFO     | optimisation:671 |   [OPTIMISE FORWARD] expected_response=170.0082 | current_response=166.7771 | pct_change=+1.9% | convergence=100.0%
2026-06-04 17:44:47 | INFO     | optimisation:677 | 
                    channel  current_spend_£  optimal_spend_£_mean  pct_change_spend  current_response  response_mean  pct_change_response  current_roi  optimal_roi
   media_clicks_clara_dv360           998.31                950.39             -4.80           15.2210        15.3667                 0.96     0.015247     0.016169
  media_clicks_clara_google         40919.56              43655.98              6.69           98.6139       101.4214                 2.85     0.002410     0.002323
media_clicks_clara_linkedin          5485.49               3971.49            -27.60           21.6097        21.2028                -1.88     0.003939     0.005339
    media_clicks_clara_meta          7528.85               6354.35            -15.60           31.3325        32.0173                 2.19     0.004162     0.005039
                      TOTAL         54932.21              54932.21             -0.00          166.7771       170.0082                 1.94     0.003036     0.003095
2026-06-04 17:44:47 | INFO     | optimisation:467 |   [OPT FORWARD] period=monthly (4.35 model-periods) | total_budget_spend=43,945.77 | per-period-spend=10,106.3473
2026-06-04 17:44:47 | INFO     | optimisation:501 |   [ACHIEVABILITY] response achievable within bounds: [145.0817, 190.1958]
2026-06-04 17:44:52 | INFO     | optimisation:671 |   [OPTIMISE FORWARD] expected_response=153.5281 | current_response=166.7771 | pct_change=-7.9% | convergence=100.0%
2026-06-04 17:44:52 | INFO     | optimisation:677 | 
                    channel  current_spend_£  optimal_spend_£_mean  pct_change_spend  current_response  response_mean  pct_change_response  current_roi  optimal_roi
   media_clicks_clara_dv360           998.31                962.37             -3.60           15.2210        15.3823                 1.06     0.015247     0.015984
  media_clicks_clara_google         40919.56              32694.62            -20.10           98.6139        84.9868               -13.82     0.002410     0.002599
media_clicks_clara_linkedin          5485.49               3933.53            -28.29           21.6097        21.1486                -2.13     0.003939     0.005376
    media_clicks_clara_meta          7528.85               6355.25            -15.59           31.3325        32.0105                 2.16     0.004162     0.005037
                      TOTAL         54932.21              43945.77            -20.00          166.7771       153.5281                -7.94     0.003036     0.003494
2026-06-04 17:44:52 | INFO     | optimisation:467 |   [OPT FORWARD] period=monthly (4.35 model-periods) | total_budget_spend=49,438.99 | per-period-spend=11,369.6407
2026-06-04 17:44:52 | INFO     | optimisation:501 |   [ACHIEVABILITY] response achievable within bounds: [145.0817, 190.1958]
2026-06-04 17:44:58 | INFO     | optimisation:671 |   [OPTIMISE FORWARD] expected_response=161.6272 | current_response=166.7771 | pct_change=-3.1% | convergence=100.0%
2026-06-04 17:44:58 | INFO     | optimisation:677 | 
                    channel  current_spend_£  optimal_spend_£_mean  pct_change_spend  current_response  response_mean  pct_change_response  current_roi  optimal_roi
   media_clicks_clara_dv360           998.31                956.38             -4.20           15.2210        15.3741                 1.01     0.015247     0.016075
  media_clicks_clara_google         40919.56              38183.28             -6.69           98.6139        93.0807                -5.61     0.002410     0.002438
media_clicks_clara_linkedin          5485.49               3971.49            -27.60           21.6097        21.2028                -1.88     0.003939     0.005339
    media_clicks_clara_meta          7528.85               6327.84            -15.95           31.3325        31.9696                 2.03     0.004162     0.005052
                      TOTAL         54932.21              49438.99            -10.00          166.7771       161.6272                -3.09     0.003036     0.003269
2026-06-04 17:44:58 | INFO     | optimisation:467 |   [OPT FORWARD] period=monthly (4.35 model-periods) | total_budget_spend=60,425.43 | per-period-spend=13,896.2275
2026-06-04 17:44:58 | INFO     | optimisation:501 |   [ACHIEVABILITY] response achievable within bounds: [145.0817, 190.1958]
2026-06-04 17:45:06 | WARNING  | optimisation:565 |   [OPTIMISE] 2/100 SLSQP runs did not converge — using current spend allocation as fallback for those samples.
2026-06-04 17:45:06 | WARNING  | optimisation:571 |   [OPTIMISE] 2/100 samples violated bounds or budget constraint (>1% tolerance).
2026-06-04 17:45:06 | INFO     | optimisation:671 |   [OPTIMISE FORWARD] expected_response=178.4964 | current_response=166.7771 | pct_change=+7.0% | convergence=98.0%
2026-06-04 17:45:06 | INFO     | optimisation:677 | 
                    channel  current_spend_£  optimal_spend_£_mean  pct_change_spend  current_response  response_mean  pct_change_response  current_roi  optimal_roi
   media_clicks_clara_dv360           998.31                952.38             -4.60           15.2210        15.3620                 0.93     0.015247     0.016130
  media_clicks_clara_google         40919.56              49043.09             19.85           98.6139       109.8296                11.37     0.002410     0.002239
media_clicks_clara_linkedin          5485.49               4015.38            -26.80           21.6097        21.2083                -1.86     0.003939     0.005282
    media_clicks_clara_meta          7528.85               6414.58            -14.80           31.3325        32.0965                 2.44     0.004162     0.005004
                      TOTAL         54932.21              60425.43             10.00          166.7771       178.4964                 7.03     0.003036     0.002954
2026-06-04 17:45:06 | INFO     | optimisation:467 |   [OPT FORWARD] period=monthly (4.35 model-periods) | total_budget_spend=65,918.65 | per-period-spend=15,159.5209
2026-06-04 17:45:06 | INFO     | optimisation:501 |   [ACHIEVABILITY] response achievable within bounds: [145.0817, 190.1958]
2026-06-04 17:45:16 | INFO     | optimisation:671 |   [OPTIMISE FORWARD] expected_response=185.3772 | current_response=166.7771 | pct_change=+11.2% | convergence=100.0%
2026-06-04 17:45:16 | INFO     | optimisation:677 | 
                    channel  current_spend_£  optimal_spend_£_mean  pct_change_spend  current_response  response_mean  pct_change_response  current_roi  optimal_roi
   media_clicks_clara_dv360           998.31               1034.25              3.60           15.2210        15.4461                 1.48     0.015247     0.014935
  media_clicks_clara_google         40919.56              52653.50             28.68           98.6139       115.4758                17.10     0.002410     0.002193
media_clicks_clara_linkedin          5485.49               4685.47            -14.58           21.6097        21.5681                -0.19     0.003939     0.004603
    media_clicks_clara_meta          7528.85               7545.43              0.22           31.3325        32.8872                 4.96     0.004162     0.004359
                      TOTAL         54932.21              65918.65             20.00          166.7771       185.3772                11.15     0.003036     0.002812
2026-06-04 17:45:16 | INFO     | analyze:489 | [REPORT 3/3] Building HTML...
2026-06-04 17:45:16 | INFO     | analyze:531 | 
[REPORT] Saved: mmm_outputs_smoke\mmm_report.html
2026-06-04 17:45:16 | INFO     | analyze:532 | [REPORT] Open in any browser — all charts are embedded, no other files needed.
2026-06-04 17:45:16 | INFO     | analyze:557 | 
[ALL] Complete.
2026-06-04 18:01:07 | WARNING  | main:87 | [PYTENSOR] g++ compiler not found — running on the Python backend (slower, but fully functional).  To enable the faster C backend: conda install -c conda-forge m2w64-toolchain  (Windows/conda)  |  sudo apt-get install g++ build-essential  (Linux/WSL)
2026-06-04 18:01:07 | INFO     | config:655 | [CONFIG] Loaded YAML config from: config_hier_updated.yaml
2026-06-04 18:01:07 | INFO     | config:741 | [CONFIG] Schema built:
DataSchema: daily data
  Date: Date  |  Response: response_Cashback
  Media channels: 8
    Google                    -> media_impressions_Cashback_Google (impressions, type=paid_search)
    DigitalDisplay            -> spends_Cashback_DigitalDisplay (spend, type=display)
    Apple                     -> media_impressions_Cashback_Apple (impressions, type=display)
    Meta                      -> media_impressions_Cashback_Meta (impressions, type=paid_social)
    Google                    -> media_impressions_Indulge_Google (impressions, type=paid_search)
    DigitalDisplay            -> spends_Indulge_DigitalDisplay (spend, type=display)
    Apple                     -> media_impressions_Indulge_Apple (impressions, type=display)
    Meta                      -> media_impressions_Indulge_Meta (impressions, type=paid_social)
2026-06-04 18:01:07 | INFO     | pipeline:351 | ======================================================================
2026-06-04 18:01:07 | INFO     | pipeline:352 |   BAYESIAN MARKET MIX MODEL - PRODUCTION PIPELINE (~20-30 min target)
2026-06-04 18:01:07 | INFO     | pipeline:353 | ======================================================================
2026-06-04 18:01:07 | INFO     | pipeline:354 |   CSV          : HierADS.xlsx
2026-06-04 18:01:07 | INFO     | pipeline:355 |   Response     : response_Cashback
2026-06-04 18:01:07 | INFO     | pipeline:356 |   Frequency    : daily | dayfirst=False | holdout=0
2026-06-04 18:01:07 | INFO     | pipeline:357 |   Spend prefix : spends_
2026-06-04 18:01:07 | INFO     | pipeline:358 |   Media cols   : [prefix-based auto]
2026-06-04 18:01:07 | INFO     | pipeline:359 |   Output dir   : mmm_outputs_scenario3
2026-06-04 18:01:07 | INFO     | pipeline:360 |   Hierarchical : True | two-timescale adstock: False | synergies: False
2026-06-04 18:01:07 | INFO     | pipeline:361 |   Baseline     : linear_trend
2026-06-04 18:01:07 | INFO     | pipeline:362 |   Ranking      : lexicographic
2026-06-04 18:01:07 | INFO     | pipeline:363 |   Hybrid fast  : False
2026-06-04 18:01:07 | INFO     | pipeline:364 |   Runtime mode : fast_20m
2026-06-04 18:01:07 | INFO     | pipeline:365 |   Quality gate : accept quality_flag <= 2 | reject_if_all_bad=False
2026-06-04 18:01:07 | INFO     | pipeline:366 |   Skip Stage 0 : True
2026-06-04 18:01:07 | INFO     | pipeline:367 |   Skip MAP     : True
2026-06-04 18:01:07 | INFO     | pipeline:368 |   Use lag      : False
2026-06-04 18:01:07 | INFO     | pipeline:369 |   Time-varying betas : False
2026-06-04 18:01:07 | INFO     | pipeline:370 |   Dynamic saturation: False
2026-06-04 18:01:07 | INFO     | pipeline:371 |   Strict validation : False
2026-06-04 18:01:07 | INFO     | pipeline:372 |   Outlier detection : True
2026-06-04 18:01:07 | INFO     | pipeline:373 |   Stationarity test : True
2026-06-04 18:01:07 | INFO     | pipeline:374 |   Channel priors: custom (4 channels)
2026-06-04 18:01:07 | INFO     | pipeline:375 | ======================================================================
2026-06-04 18:01:07 | INFO     | pipeline:490 | [DOW] Non-interactive — DOW effects disabled.
2026-06-04 18:01:07 | INFO     | pipeline:528 | 
[PREP] Loading and preprocessing data...
2026-06-04 18:01:07 | INFO     | data_prep:445 | Loading data from: HierADS.xlsx
2026-06-04 18:01:08 | INFO     | data_prep:459 |   Loaded Excel file (848 rows × 15 cols)
2026-06-04 18:01:08 | INFO     | data_prep:347 |   [AUTO-PIVOT] long → wide | products=['Cashback', 'Indulge'] | T=424 unique dates | source media cols=['media_impressions_CC_Google', 'spends_CC_DigitalDisplay', 'media_impressions_CC_Apple', 'media_impressions_CC_Meta']
2026-06-04 18:01:08 | INFO     | data_prep:399 |   [AUTO-PIVOT] Spend (ROI) cols added: ['spends_CC_Google', 'spends_CC_Apple', 'spends_CC_Meta']
2026-06-04 18:01:08 | DEBUG    | data_prep:409 |   [AUTO-PIVOT] Cashback: 424 rows, cols=['response_Cashback', 'media_impressions_Cashback_Google', 'spends_Cashback_DigitalDisplay', 'media_impressions_Cashback_Apple', 'media_impressions_Cashback_Meta', 'spends_Cashback_Google', 'spends_Cashback_Apple', 'spends_Cashback_Meta']
2026-06-04 18:01:08 | DEBUG    | data_prep:409 |   [AUTO-PIVOT] Indulge: 424 rows, cols=['response_Indulge', 'media_impressions_Indulge_Google', 'spends_Indulge_DigitalDisplay', 'media_impressions_Indulge_Apple', 'media_impressions_Indulge_Meta', 'spends_Indulge_Google', 'spends_Indulge_Apple', 'spends_Indulge_Meta']
2026-06-04 18:01:08 | INFO     | data_prep:414 |   [AUTO-PIVOT] Done → 424 rows × 17 cols
2026-06-04 18:01:08 | INFO     | data_prep:417 |   [AUTO-PIVOT] Wide columns: ['Date', 'response_Cashback', 'media_impressions_Cashback_Google', 'spends_Cashback_DigitalDisplay', 'media_impressions_Cashback_Apple', 'media_impressions_Cashback_Meta', 'spends_Cashback_Google', 'spends_Cashback_Apple', 'spends_Cashback_Meta', 'response_Indulge', 'media_impressions_Indulge_Google', 'spends_Indulge_DigitalDisplay', 'media_impressions_Indulge_Apple', 'media_impressions_Indulge_Meta', 'spends_Indulge_Google', 'spends_Indulge_Apple', 'spends_Indulge_Meta']
2026-06-04 18:01:08 | INFO     | data_prep:494 |   Rows after filter: 424
2026-06-04 18:01:08 | INFO     | data_prep:495 |   Date range: 2025-01-01 00:00:00 -> 2026-02-28 00:00:00
2026-06-04 18:01:08 | WARNING  | data_prep:556 | [DATA_PREP] Detected 85 outlier(s) in the response after transform. Review data quality or enable robust handling.
2026-06-04 18:01:08 | INFO     | data_prep:569 | [DATA_PREP] Stationarity checks: adf_stat=-2.9661, adf_pvalue=0.0382, kpss_stat=1.0250, kpss_pvalue=0.0100
2026-06-04 18:01:08 | INFO     | data_prep:581 |   Response transform: log1p | min=4, max=302, mean=86
2026-06-04 18:01:08 | INFO     | data_prep:604 |   Multi-product media columns (all products x channels):
2026-06-04 18:01:08 | INFO     | data_prep:606 |     media_impressions_Cashback_Google
2026-06-04 18:01:08 | INFO     | data_prep:606 |     spends_Cashback_DigitalDisplay
2026-06-04 18:01:08 | INFO     | data_prep:606 |     media_impressions_Cashback_Apple
2026-06-04 18:01:08 | INFO     | data_prep:606 |     media_impressions_Cashback_Meta
2026-06-04 18:01:08 | INFO     | data_prep:606 |     media_impressions_Indulge_Google
2026-06-04 18:01:08 | INFO     | data_prep:606 |     spends_Indulge_DigitalDisplay
2026-06-04 18:01:08 | INFO     | data_prep:606 |     media_impressions_Indulge_Apple
2026-06-04 18:01:08 | INFO     | data_prep:606 |     media_impressions_Indulge_Meta
2026-06-04 18:01:08 | INFO     | data_prep:630 |   Media columns selected: ['media_impressions_Cashback_Google', 'spends_Cashback_DigitalDisplay', 'media_impressions_Cashback_Apple', 'media_impressions_Cashback_Meta', 'media_impressions_Indulge_Google', 'spends_Indulge_DigitalDisplay', 'media_impressions_Indulge_Apple', 'media_impressions_Indulge_Meta']
2026-06-04 18:01:08 | WARNING  | data_prep:766 | [DATA_PREP] fourier_order capped: requested 2 but T=424 daily periods only supports 1 (need ~365 observations per order). Using fourier_order=1.
2026-06-04 18:01:08 | INFO     | data_prep:774 |   Fourier seasonality: frequency=daily, period=365.25, order=1
2026-06-04 18:01:08 | INFO     | data_prep:811 |   T=424 daily | C=8 channels | Fourier order=1
2026-06-04 18:01:08 | INFO     | data_prep:837 |   Channel families: ['display', 'search', 'social']
2026-06-04 18:01:08 | INFO     | data_prep:839 |     media_impressions_Cashback_Google   -> search
2026-06-04 18:01:08 | INFO     | data_prep:839 |     spends_Cashback_DigitalDisplay      -> display
2026-06-04 18:01:08 | INFO     | data_prep:839 |     media_impressions_Cashback_Apple    -> display
2026-06-04 18:01:08 | INFO     | data_prep:839 |     media_impressions_Cashback_Meta     -> social
2026-06-04 18:01:08 | INFO     | data_prep:839 |     media_impressions_Indulge_Google    -> search
2026-06-04 18:01:08 | INFO     | data_prep:839 |     spends_Indulge_DigitalDisplay       -> display
2026-06-04 18:01:08 | INFO     | data_prep:839 |     media_impressions_Indulge_Apple     -> display
2026-06-04 18:01:08 | INFO     | data_prep:839 |     media_impressions_Indulge_Meta      -> social
2026-06-04 18:01:08 | INFO     | data_prep:980 |   [FIX] Rebuilt family_idx for 4 unique channels: Apple->display, DigitalDisplay->display, Google->search, Meta->social
2026-06-04 18:01:08 | INFO     | data_prep:990 |   Multi-product mode: P=2 products, C=4 channels, T=424 periods
2026-06-04 18:01:08 | INFO     | data_prep:994 |     product 'Cashback' -> response 'response_Cashback'
2026-06-04 18:01:08 | INFO     | data_prep:994 |     product 'Indulge' -> response 'response_Indulge'
2026-06-04 18:01:08 | DEBUG    | data_prep:1155 |   [RESET_MASK] 15 restart event(s) across 4 channels (gap threshold = 4 weeks)
2026-06-04 18:01:08 | INFO     | pipeline:532 | [PREP] Done in 0.5s
2026-06-04 18:01:08 | INFO     | priors:295 | [PRIOR-CFG] Validated 4 per-channel prior configs. Channels using defaults: []
2026-06-04 18:01:08 | INFO     | pipeline:630 | 
[SPECS] Per-channel transform assignments:
2026-06-04 18:01:08 | INFO     | pipeline:632 |   [0] Apple                          -> geometric+softplus
2026-06-04 18:01:08 | INFO     | pipeline:632 |   [1] DigitalDisplay                 -> geometric+softplus
2026-06-04 18:01:08 | INFO     | pipeline:632 |   [2] Google                         -> geometric+softplus
2026-06-04 18:01:08 | INFO     | pipeline:632 |   [3] Meta                           -> geometric+softplus
2026-06-04 18:01:08 | INFO     | pipeline:634 | 
[GRID] Building full hyperparameter grid...
2026-06-04 18:01:08 | INFO     | config:329 | Full grid: 48 configurations
2026-06-04 18:01:08 | INFO     | config:361 | Pruned grid: 48 -> 6 unique (lag x fourier_order) combinations
2026-06-04 18:01:08 | INFO     | pipeline:647 | [GRID] Hierarchical multi-product: grid pruned to 6 (lag × fourier_order) combinations — adstock/saturation overridden by channel_specs.
2026-06-04 18:01:08 | INFO     | pipeline:659 | [S1] MAP pre-screen skipped (pruned grid small enough or skip_map=True)
2026-06-04 18:01:08 | INFO     | pipeline_stages:426 | ============================================================
2026-06-04 18:01:08 | INFO     | pipeline_stages:427 | STAGE 1b - FAST MCMC SCAN
2026-06-04 18:01:08 | INFO     | pipeline_stages:430 |   Configs: 6 | Fast mode: 60 draws, 1 chain(s)
2026-06-04 18:01:08 | INFO     | pipeline_stages:431 |   Keeping top-1 for full refit
2026-06-04 18:01:08 | INFO     | pipeline_stages:433 |   Per-channel transforms: ENABLED
2026-06-04 18:01:08 | INFO     | pipeline_stages:434 | ============================================================
2026-06-04 18:01:08 | INFO     | pipeline_stages:440 | 
  [ 1/6] Fast MCMC: lag4_fo1_geometric_softplus_ta95
2026-06-04 18:01:08 | WARNING  | priors:334 | [MODEL_BUILDER] use_hierarchical=True (Case B (single-timescale)): adstock_lam_prior settings for 4 channel(s) are IGNORED: ['Google', 'DigitalDisplay', 'Apple', 'Meta']. In hierarchical mode, adstock decay is controlled by the family-level hl_slow_median hyperprior (priors.families in YAML), not per-channel adstock_lam_prior. To use per-channel adstock priors, set use_hierarchical=False.
2026-06-04 18:01:08 | DEBUG    | model_builder:548 |   Hierarchical geometric adstock (Case B): F=3 families, C=4 channels. Family lam medians: {'display': np.float64(0.968), 'search': np.float64(0.952), 'social': np.float64(0.906)}
2026-06-04 18:01:08 | DEBUG    | model_builder:616 |   Hierarchical betas: F=3 families, C=4 channels, P=2 products (non-centered, softplus-positive)
2026-06-04 18:02:54 | DEBUG    | model_builder:1433 |   Sampling complete in 105.6s
2026-06-04 18:02:54 | WARNING  | metrics:217 | R-hat cannot be computed with only 1 chain - returning sentinel 1.0. Use chains >= 2 for production runs.
2026-06-04 18:02:55 | INFO     | metrics:1146 |   Temporal CV: 3 folds | mean MAPE=89.74% | mean RMSE=37.52
2026-06-04 18:02:55 | INFO     | pipeline_stages:463 |     [OK] qf=2 | MAPE=91.49% | R2=0.3831 | R-hat=1.0000 [estimated] | divs=0 | wall=106s
2026-06-04 18:02:55 | INFO     | pipeline_stages:440 | 
  [ 2/6] Fast MCMC: lag4_fo2_geometric_softplus_ta95
2026-06-04 18:02:55 | WARNING  | priors:334 | [MODEL_BUILDER] use_hierarchical=True (Case B (single-timescale)): adstock_lam_prior settings for 4 channel(s) are IGNORED: ['Google', 'DigitalDisplay', 'Apple', 'Meta']. In hierarchical mode, adstock decay is controlled by the family-level hl_slow_median hyperprior (priors.families in YAML), not per-channel adstock_lam_prior. To use per-channel adstock priors, set use_hierarchical=False.
2026-06-04 18:02:55 | DEBUG    | model_builder:548 |   Hierarchical geometric adstock (Case B): F=3 families, C=4 channels. Family lam medians: {'display': np.float64(0.968), 'search': np.float64(0.952), 'social': np.float64(0.906)}
2026-06-04 18:02:55 | DEBUG    | model_builder:616 |   Hierarchical betas: F=3 families, C=4 channels, P=2 products (non-centered, softplus-positive)
2026-06-04 18:04:38 | DEBUG    | model_builder:1433 |   Sampling complete in 102.2s
2026-06-04 18:04:38 | WARNING  | metrics:217 | R-hat cannot be computed with only 1 chain - returning sentinel 1.0. Use chains >= 2 for production runs.
2026-06-04 18:04:39 | INFO     | metrics:1146 |   Temporal CV: 3 folds | mean MAPE=89.74% | mean RMSE=37.52
2026-06-04 18:04:39 | INFO     | pipeline_stages:463 |     [OK] qf=2 | MAPE=91.49% | R2=0.3831 | R-hat=1.0000 [estimated] | divs=0 | wall=102s
2026-06-04 18:04:39 | INFO     | pipeline_stages:440 | 
  [ 3/6] Fast MCMC: lag8_fo1_geometric_softplus_ta95
2026-06-04 18:04:39 | WARNING  | priors:334 | [MODEL_BUILDER] use_hierarchical=True (Case B (single-timescale)): adstock_lam_prior settings for 4 channel(s) are IGNORED: ['Google', 'DigitalDisplay', 'Apple', 'Meta']. In hierarchical mode, adstock decay is controlled by the family-level hl_slow_median hyperprior (priors.families in YAML), not per-channel adstock_lam_prior. To use per-channel adstock priors, set use_hierarchical=False.
2026-06-04 18:04:39 | DEBUG    | model_builder:548 |   Hierarchical geometric adstock (Case B): F=3 families, C=4 channels. Family lam medians: {'display': np.float64(0.968), 'search': np.float64(0.952), 'social': np.float64(0.906)}
2026-06-04 18:04:39 | DEBUG    | model_builder:616 |   Hierarchical betas: F=3 families, C=4 channels, P=2 products (non-centered, softplus-positive)
2026-06-04 18:08:41 | DEBUG    | model_builder:1433 |   Sampling complete in 241.2s
2026-06-04 18:08:41 | WARNING  | metrics:217 | R-hat cannot be computed with only 1 chain - returning sentinel 1.0. Use chains >= 2 for production runs.
2026-06-04 18:08:42 | INFO     | metrics:1146 |   Temporal CV: 3 folds | mean MAPE=89.74% | mean RMSE=37.52
2026-06-04 18:08:42 | INFO     | pipeline_stages:463 |     [OK] qf=2 | MAPE=91.49% | R2=0.3831 | R-hat=1.0000 [estimated] | divs=0 | wall=241s
2026-06-04 18:08:42 | INFO     | pipeline_stages:440 | 
  [ 4/6] Fast MCMC: lag8_fo2_geometric_softplus_ta95
2026-06-04 18:08:42 | WARNING  | priors:334 | [MODEL_BUILDER] use_hierarchical=True (Case B (single-timescale)): adstock_lam_prior settings for 4 channel(s) are IGNORED: ['Google', 'DigitalDisplay', 'Apple', 'Meta']. In hierarchical mode, adstock decay is controlled by the family-level hl_slow_median hyperprior (priors.families in YAML), not per-channel adstock_lam_prior. To use per-channel adstock priors, set use_hierarchical=False.
2026-06-04 18:08:42 | DEBUG    | model_builder:548 |   Hierarchical geometric adstock (Case B): F=3 families, C=4 channels. Family lam medians: {'display': np.float64(0.968), 'search': np.float64(0.952), 'social': np.float64(0.906)}
2026-06-04 18:08:42 | DEBUG    | model_builder:616 |   Hierarchical betas: F=3 families, C=4 channels, P=2 products (non-centered, softplus-positive)
2026-06-04 18:10:19 | DEBUG    | model_builder:1433 |   Sampling complete in 97.0s
2026-06-04 18:10:19 | WARNING  | metrics:217 | R-hat cannot be computed with only 1 chain - returning sentinel 1.0. Use chains >= 2 for production runs.
2026-06-04 18:10:20 | INFO     | metrics:1146 |   Temporal CV: 3 folds | mean MAPE=89.74% | mean RMSE=37.52
2026-06-04 18:10:20 | INFO     | pipeline_stages:463 |     [OK] qf=2 | MAPE=91.49% | R2=0.3831 | R-hat=1.0000 [estimated] | divs=0 | wall=97s
2026-06-04 18:10:20 | INFO     | pipeline_stages:440 | 
  [ 5/6] Fast MCMC: lag13_fo1_geometric_softplus_ta95
2026-06-04 18:10:20 | WARNING  | priors:334 | [MODEL_BUILDER] use_hierarchical=True (Case B (single-timescale)): adstock_lam_prior settings for 4 channel(s) are IGNORED: ['Google', 'DigitalDisplay', 'Apple', 'Meta']. In hierarchical mode, adstock decay is controlled by the family-level hl_slow_median hyperprior (priors.families in YAML), not per-channel adstock_lam_prior. To use per-channel adstock priors, set use_hierarchical=False.
2026-06-04 18:10:20 | DEBUG    | model_builder:548 |   Hierarchical geometric adstock (Case B): F=3 families, C=4 channels. Family lam medians: {'display': np.float64(0.968), 'search': np.float64(0.952), 'social': np.float64(0.906)}
2026-06-04 18:10:20 | DEBUG    | model_builder:616 |   Hierarchical betas: F=3 families, C=4 channels, P=2 products (non-centered, softplus-positive)
2026-06-04 18:12:00 | DEBUG    | model_builder:1433 |   Sampling complete in 99.2s
2026-06-04 18:12:00 | WARNING  | metrics:217 | R-hat cannot be computed with only 1 chain - returning sentinel 1.0. Use chains >= 2 for production runs.
2026-06-04 18:12:01 | INFO     | metrics:1146 |   Temporal CV: 3 folds | mean MAPE=89.74% | mean RMSE=37.52
2026-06-04 18:12:01 | INFO     | pipeline_stages:463 |     [OK] qf=2 | MAPE=91.49% | R2=0.3831 | R-hat=1.0000 [estimated] | divs=0 | wall=99s
2026-06-04 18:12:01 | INFO     | pipeline_stages:440 | 
  [ 6/6] Fast MCMC: lag13_fo2_geometric_softplus_ta95
2026-06-04 18:12:01 | WARNING  | priors:334 | [MODEL_BUILDER] use_hierarchical=True (Case B (single-timescale)): adstock_lam_prior settings for 4 channel(s) are IGNORED: ['Google', 'DigitalDisplay', 'Apple', 'Meta']. In hierarchical mode, adstock decay is controlled by the family-level hl_slow_median hyperprior (priors.families in YAML), not per-channel adstock_lam_prior. To use per-channel adstock priors, set use_hierarchical=False.
2026-06-04 18:12:01 | DEBUG    | model_builder:548 |   Hierarchical geometric adstock (Case B): F=3 families, C=4 channels. Family lam medians: {'display': np.float64(0.968), 'search': np.float64(0.952), 'social': np.float64(0.906)}
2026-06-04 18:12:01 | DEBUG    | model_builder:616 |   Hierarchical betas: F=3 families, C=4 channels, P=2 products (non-centered, softplus-positive)
2026-06-04 18:15:27 | DEBUG    | model_builder:1433 |   Sampling complete in 205.8s
2026-06-04 18:15:27 | WARNING  | metrics:217 | R-hat cannot be computed with only 1 chain - returning sentinel 1.0. Use chains >= 2 for production runs.
2026-06-04 18:15:29 | INFO     | metrics:1146 |   Temporal CV: 3 folds | mean MAPE=89.74% | mean RMSE=37.52
2026-06-04 18:15:29 | INFO     | pipeline_stages:463 |     [OK] qf=2 | MAPE=91.49% | R2=0.3831 | R-hat=1.0000 [estimated] | divs=0 | wall=206s
2026-06-04 18:15:29 | WARNING  | pipeline_stages:493 | [S1b] No models passed quality_flag <= 1. Falling back to top-K by ranking.
2026-06-04 18:15:29 | INFO     | pipeline_stages:502 | 
  Top-1 survivors for full refit:
2026-06-04 18:15:29 | INFO     | pipeline_stages:507 |     1. lag4_fo1_geometric_softplus_ta95                        | MAPE=91.49% | R-hat=1.0000 | LOO=N/A
2026-06-04 18:15:29 | INFO     | pipeline:78 | [TIMER] stage_1b_mcmc        14.3 min (860.6 s)  [6 models]
2026-06-04 18:15:29 | INFO     | pipeline_stages:544 | ============================================================
2026-06-04 18:15:29 | INFO     | pipeline_stages:545 | STAGE 2 - FULL REFIT
2026-06-04 18:15:29 | INFO     | pipeline_stages:546 |   Models to refit: 1 | Full settings: 800 draws, 2 chain(s)
2026-06-04 18:15:29 | INFO     | pipeline_stages:548 |   Per-channel transforms: ENABLED
2026-06-04 18:15:29 | INFO     | pipeline_stages:550 |     [0] Apple                          -> geometric+softplus
2026-06-04 18:15:29 | INFO     | pipeline_stages:550 |     [1] DigitalDisplay                 -> geometric+softplus
2026-06-04 18:15:29 | INFO     | pipeline_stages:550 |     [2] Google                         -> geometric+softplus
2026-06-04 18:15:29 | INFO     | pipeline_stages:550 |     [3] Meta                           -> geometric+softplus
2026-06-04 18:15:29 | INFO     | pipeline_stages:551 | ============================================================
2026-06-04 18:15:29 | INFO     | pipeline_stages:569 | 
  [1/1] Full refit: lag4_fo1_geometric_softplus_ta95
2026-06-04 18:15:29 | WARNING  | priors:334 | [MODEL_BUILDER] use_hierarchical=True (Case B (single-timescale)): adstock_lam_prior settings for 4 channel(s) are IGNORED: ['Google', 'DigitalDisplay', 'Apple', 'Meta']. In hierarchical mode, adstock decay is controlled by the family-level hl_slow_median hyperprior (priors.families in YAML), not per-channel adstock_lam_prior. To use per-channel adstock priors, set use_hierarchical=False.
2026-06-04 18:15:29 | DEBUG    | model_builder:548 |   Hierarchical geometric adstock (Case B): F=3 families, C=4 channels. Family lam medians: {'display': np.float64(0.968), 'search': np.float64(0.952), 'social': np.float64(0.906)}
2026-06-04 18:15:29 | DEBUG    | model_builder:616 |   Hierarchical betas: F=3 families, C=4 channels, P=2 products (non-centered, softplus-positive)
2026-06-04 18:37:12 | DEBUG    | model_builder:1433 |   Sampling complete in 1303.0s
2026-06-04 18:37:19 | INFO     | metrics:1146 |   Temporal CV: 3 folds | mean MAPE=89.59% | mean RMSE=37.45
2026-06-04 18:37:19 | INFO     | pipeline_stages:590 |     [OK] qf=1 | MAPE=91.45% | R2=0.3862 | R-hat=1.0114 | divs=0 | LOO=-969.52 | ESS=482 | wall=1303s
2026-06-04 18:37:19 | INFO     | pipeline_stages:647 | 
  == Per-Channel Transform Summary ==
2026-06-04 18:37:19 | INFO     | pipeline_stages:650 |        channel   adstock saturation  use_lag  lag_mode  lam_mean  alpha_sat_mean  beta_mean
         Apple geometric   softplus    False       NaN       NaN          0.6321        NaN
DigitalDisplay geometric   softplus    False       NaN       NaN          1.0424        NaN
        Google geometric   softplus    False       NaN       NaN          0.2295        NaN
          Meta geometric   softplus    False       NaN       NaN          0.2738        NaN
2026-06-04 18:37:19 | INFO     | pipeline_stages:656 | 
  [BEST] BEST MODEL: lag4_fo1_geometric_softplus_ta95
2026-06-04 18:37:19 | INFO     | pipeline_stages:657 |     MAPE       : 91.4462%
2026-06-04 18:37:19 | INFO     | pipeline_stages:658 |     R2         : 0.3862
2026-06-04 18:37:19 | INFO     | pipeline_stages:659 |     Pearson r  : 0.6426
2026-06-04 18:37:19 | INFO     | pipeline_stages:660 |     Max R-hat  : 1.01140
2026-06-04 18:37:19 | INFO     | pipeline_stages:661 |     ESS bulk   : 482
2026-06-04 18:37:19 | INFO     | pipeline_stages:662 |     ESS tail   : 235
2026-06-04 18:37:19 | INFO     | pipeline_stages:663 |     Divergences: 0
2026-06-04 18:37:19 | INFO     | pipeline_stages:664 |     LOO-IC     : -969.5172
2026-06-04 18:37:19 | INFO     | pipeline_stages:665 |     WAIC       : -969.4754
2026-06-04 18:37:19 | INFO     | pipeline:78 | [TIMER] stage_2_full         21.8 min (1310.8 s)  [1 models]
2026-06-04 18:37:19 | INFO     | pipeline:692 | 
[ANALYSIS] Computing channel contributions...
2026-06-04 18:37:20 | INFO     | pipeline:697 | 
  Channel Contribution Summary:
2026-06-04 18:37:20 | INFO     | pipeline:698 |        channel  mean_share_pct  roi_proxy  hdi_90_low  hdi_90_high
DigitalDisplay         26.3693   2.439890   22.797969    50.452237
         Apple         24.9495   4.581972   21.033078    47.894351
        Google         24.6577   0.025253   17.829129    52.521448
          Meta         24.0235   0.063074   16.289373    52.067896
2026-06-04 18:37:20 | INFO     | pipeline:700 | 
  Per-Product Channel Contribution Summary:
2026-06-04 18:37:20 | INFO     | pipeline:701 |  product        channel  mean_share_pct  roi_proxy
Cashback          Apple         24.3629   6.441296
Cashback DigitalDisplay         26.7647   3.566417
Cashback         Google         24.2102   0.035681
Cashback           Meta         24.6622   0.093235
 Indulge          Apple         24.4198   5.872332
 Indulge DigitalDisplay         26.7617   3.243732
 Indulge         Google         24.1886   0.032427
 Indulge           Meta         24.6299   0.084716
2026-06-04 18:37:20 | INFO     | pipeline:702 | 
  Component Contribution Summary:
2026-06-04 18:37:20 | INFO     | pipeline:703 |   component     group  share_abs_pct  mean_effect
media_total     media      70.819802     2.199041
   baseline non_media      28.828813    -0.885091
seasonality non_media       0.351385     0.010909
2026-06-04 18:37:20 | INFO     | pipeline:78 | [TIMER] analysis             0.0 min (0.6 s)
2026-06-04 18:37:20 | INFO     | pipeline:719 | 
======================================================================
2026-06-04 18:37:20 | INFO     | pipeline:720 |   PIPELINE COMPLETE
2026-06-04 18:37:20 | INFO     | pipeline:721 | ======================================================================
2026-06-04 18:37:20 | INFO     | pipeline:722 |   Total wall time   : 36.2 minutes
2026-06-04 18:37:20 | INFO     | pipeline:723 |   Best model key    : lag4_fo1_geometric_softplus_ta95
2026-06-04 18:37:20 | INFO     | pipeline:724 |   Fourier order     : 1
2026-06-04 18:37:20 | INFO     | pipeline:725 |   Max adstock lag   : 4
2026-06-04 18:37:20 | INFO     | pipeline:728 |   Quality flag      : 1 (0=best, 2=poor)
2026-06-04 18:37:20 | INFO     | pipeline:729 |   MAPE              : 91.4462%
2026-06-04 18:37:20 | INFO     | pipeline:730 |   R2                : 0.3862
2026-06-04 18:37:20 | INFO     | pipeline:731 |   Pearson r         : 0.6426
2026-06-04 18:37:20 | INFO     | pipeline:732 |   Max R-hat         : 1.01140
2026-06-04 18:37:20 | INFO     | pipeline:733 |   ESS bulk (min)    : 482
2026-06-04 18:37:20 | INFO     | pipeline:734 |   ESS tail (min)    : 235
2026-06-04 18:37:20 | INFO     | pipeline:735 |   Divergences       : 0
2026-06-04 18:37:20 | INFO     | pipeline:736 |   LOO-IC            : -969.5172 +/- 44.0836
2026-06-04 18:37:20 | INFO     | pipeline:737 |   WAIC              : -969.4754
2026-06-04 18:37:20 | INFO     | pipeline:741 | 
[PLOTS] Generating diagnostic plots...
2026-06-04 18:37:20 | INFO     | plots:1121 | Generating plots...
2026-06-04 18:37:21 | INFO     | plots:50 |   Saved: mmm_outputs_scenario3\01_actual_vs_fitted.png
2026-06-04 18:37:21 | INFO     | plots:50 |   Saved: mmm_outputs_scenario3\02_media_contributions.png
2026-06-04 18:37:21 | INFO     | plots:50 |   Saved: mmm_outputs_scenario3\03_channel_share.png
2026-06-04 18:37:26 | INFO     | plots:50 |   Saved: mmm_outputs_scenario3\04_convergence_diagnostics.png
2026-06-04 18:37:27 | INFO     | plots:50 |   Saved: mmm_outputs_scenario3\05_posterior_betas.png
2026-06-04 18:37:27 | INFO     | plots:50 |   Saved: mmm_outputs_scenario3\06_component_share.png
2026-06-04 18:37:30 | INFO     | plots:50 |   Saved: mmm_outputs_scenario3\07_az_trace.png
2026-06-04 18:37:30 | WARNING  | priors:334 | [MODEL_BUILDER] use_hierarchical=True (Case B (single-timescale)): adstock_lam_prior settings for 4 channel(s) are IGNORED: ['Google', 'DigitalDisplay', 'Apple', 'Meta']. In hierarchical mode, adstock decay is controlled by the family-level hl_slow_median hyperprior (priors.families in YAML), not per-channel adstock_lam_prior. To use per-channel adstock priors, set use_hierarchical=False.
2026-06-04 18:37:30 | DEBUG    | model_builder:548 |   Hierarchical geometric adstock (Case B): F=3 families, C=4 channels. Family lam medians: {'display': np.float64(0.968), 'search': np.float64(0.952), 'social': np.float64(0.906)}
2026-06-04 18:37:30 | DEBUG    | model_builder:616 |   Hierarchical betas: F=3 families, C=4 channels, P=2 products (non-centered, softplus-positive)
2026-06-04 18:37:35 | INFO     | plots:50 |   Saved: mmm_outputs_scenario3\08_ppc.png
2026-06-04 18:37:35 | INFO     | plots:50 |   Saved: mmm_outputs_scenario3\09_full_contribution_bar.png
2026-06-04 18:37:35 | WARNING  | plots:721 |   [INTERACTIVE] Plotly not installed — skipping interactive plots.
  Fix: pip install plotly
2026-06-04 18:37:35 | INFO     | plots:1147 |   All plots saved to: mmm_outputs_scenario3
2026-06-04 18:37:35 | INFO     | pipeline:78 | [TIMER] plots                0.3 min (15.2 s)
2026-06-04 18:37:35 | INFO     | pipeline:746 | 
[EXPORT] Writing output files...
2026-06-04 18:37:35 | INFO     | export:369 | Exporting results...
2026-06-04 18:37:35 | INFO     | export:417 |   Saved: mmm_outputs_scenario3\model_results\best_model.json
2026-06-04 18:37:35 | INFO     | export:428 |   Saved: mmm_outputs_scenario3\model_results\scan_stage1b.csv
2026-06-04 18:37:35 | INFO     | export:428 |   Saved: mmm_outputs_scenario3\model_results\scan_stage2.csv
2026-06-04 18:37:35 | INFO     | export:433 |   Saved: mmm_outputs_scenario3\model_results\channel_contributions.csv
2026-06-04 18:37:35 | INFO     | export:439 |   Saved: mmm_outputs_scenario3\model_results\channel_contributions_by_product.csv
2026-06-04 18:37:35 | INFO     | export:444 |   Saved: mmm_outputs_scenario3\model_results\component_contributions.csv
2026-06-04 18:37:35 | INFO     | export:450 |   Saved: mmm_outputs_scenario3\model_results\channel_transform_summary.csv
2026-06-04 18:37:35 | INFO     | export:481 |   Saved: mmm_outputs_scenario3\model_results\media_share_weekly.csv
2026-06-04 18:37:35 | INFO     | export:494 |   Saved: mmm_outputs_scenario3\model_results\media_share_weekly_Cashback.csv
2026-06-04 18:37:35 | INFO     | export:494 |   Saved: mmm_outputs_scenario3\model_results\media_share_weekly_Indulge.csv
2026-06-04 18:37:41 | INFO     | export:517 |   Saved: mmm_outputs_scenario3\model_results\az_summary.csv
2026-06-04 18:37:41 | INFO     | export:538 |   Saved: mmm_outputs_scenario3\model_results\model_summary.txt
2026-06-04 18:37:41 | INFO     | export:542 |   All exports complete -> mmm_outputs_scenario3\model_results
2026-06-04 18:37:41 | INFO     | priors:600 |   Saved: mmm_outputs_scenario3\model_results\return_index.csv
2026-06-04 18:37:41 | INFO     | priors:617 |   Saved: mmm_outputs_scenario3\model_results\return_index.xlsx
2026-06-04 18:37:41 | INFO     | export:552 |   Return index summary:
    channel_id modeled_metric  mean_return_index  mean_return_index_spend  lower_bound  upper_bound  mean_contribution_signups  mean_weekly_metric_value  mean_weekly_spend
         Apple    Impressions             5.6050                  11.5215       2.7687       8.4811                    21.5532                   3845.35            1870.69
DigitalDisplay          Spend             3.0929                   3.0929       1.5687       4.8664                    23.5893                   7626.87            7626.87
          Meta    Impressions             0.0808                   5.3569       0.0326       0.1410                    21.7344                 268937.92            4057.28
        Google    Impressions             0.0309                   1.6671       0.0141       0.0539                    21.3445                 690225.11           12803.33
2026-06-04 18:37:41 | INFO     | priors:653 |   Saved: mmm_outputs_scenario3\model_results\channel_prior_config.csv
2026-06-04 18:37:41 | INFO     | export:574 |   Saved: mmm_outputs_scenario3\model_results\stage_timings.csv
2026-06-04 18:37:43 | INFO     | export:302 |   Saved: mmm_outputs_scenario3\model_results\model_results.xlsx
2026-06-04 18:37:43 | INFO     | pipeline:78 | [TIMER] export               0.1 min (7.6 s)
2026-06-04 18:37:43 | INFO     | pipeline:121 | [STATE] Saving posterior trace...
2026-06-04 18:37:48 | INFO     | pipeline:123 |   trace.nc  — 91.5 MB
2026-06-04 18:37:48 | INFO     | pipeline:131 |   prep.pkl  — 0.2 MB
2026-06-04 18:37:48 | INFO     | pipeline:165 |   best_cfg.json saved
2026-06-04 18:37:48 | INFO     | pipeline:769 | 
[STATE] Model state saved. Run post-pipeline analysis when ready:
  python analyze.py curves    --config <yaml>   <- response curves
  python analyze.py optimise  --config <yaml>   <- forward budget optimisation
  python analyze.py reverse   --config <yaml>   <- reverse optimisation
  python analyze.py scenarios --config <yaml>   <- scenario comparison
  python analyze.py report    --config <yaml>   <- full HTML report
  python analyze.py all       --config <yaml>   <- run everything
2026-06-04 19:38:07 | INFO     | analyze:542 | ============================================================
2026-06-04 19:38:08 | INFO     | analyze:543 |   FULL ANALYSIS (curves → optimise → reverse → scenarios → report)
2026-06-04 19:38:08 | INFO     | analyze:544 | ============================================================
2026-06-04 19:38:08 | INFO     | analyze:552 | 
──────────────────────────────────────────────────
  Response Curves
──────────────────────────────────────────────────
2026-06-04 19:38:14 | ERROR    | analyze:556 |   Response Curves failed: trace.nc not found in mmm_outputs_clara. Run main.py first.
2026-06-04 19:38:14 | INFO     | analyze:552 | 
──────────────────────────────────────────────────
  Forward Optimisation
──────────────────────────────────────────────────
2026-06-04 19:38:14 | ERROR    | analyze:556 |   Forward Optimisation failed: trace.nc not found in mmm_outputs_clara. Run main.py first.
2026-06-04 19:38:14 | INFO     | analyze:552 | 
──────────────────────────────────────────────────
  Reverse Optimisation
──────────────────────────────────────────────────
2026-06-04 19:38:14 | ERROR    | analyze:556 |   Reverse Optimisation failed: trace.nc not found in mmm_outputs_clara. Run main.py first.
2026-06-04 19:38:14 | INFO     | analyze:552 | 
──────────────────────────────────────────────────
  Scenarios
──────────────────────────────────────────────────
2026-06-04 19:38:14 | ERROR    | analyze:556 |   Scenarios failed: trace.nc not found in mmm_outputs_clara. Run main.py first.
2026-06-04 19:38:14 | INFO     | analyze:552 | 
──────────────────────────────────────────────────
  HTML Report
──────────────────────────────────────────────────
2026-06-04 19:38:14 | ERROR    | analyze:556 |   HTML Report failed: trace.nc not found in mmm_outputs_clara. Run main.py first.
2026-06-04 19:38:14 | INFO     | analyze:557 | 
[ALL] Complete.
2026-06-04 19:39:14 | WARNING  | main:87 | [PYTENSOR] g++ compiler not found — running on the Python backend (slower, but fully functional).  To enable the faster C backend: conda install -c conda-forge m2w64-toolchain  (Windows/conda)  |  sudo apt-get install g++ build-essential  (Linux/WSL)
2026-06-04 19:39:15 | INFO     | config:655 | [CONFIG] Loaded YAML config from: config_clara.yaml
2026-06-04 19:39:15 | INFO     | config:741 | [CONFIG] Schema built:
DataSchema: weekly data
  Date: date  |  Response: response_metric_inbound_signups_total
  Media channels: 4
    clara_dv360               -> media_impressions_clara_dv360 (impressions, type=display)
    clara_google              -> media_impressions_clara_google (impressions, type=paid_search)
    clara_linkedin            -> media_impressions_clara_linkedin (impressions, type=paid_social)
    clara_meta                -> media_clicks_clara_meta (clicks, type=paid_social)
2026-06-04 19:39:15 | INFO     | pipeline:351 | ======================================================================
2026-06-04 19:39:15 | INFO     | pipeline:352 |   BAYESIAN MARKET MIX MODEL - PRODUCTION PIPELINE (~60+ min (depends on settings))
2026-06-04 19:39:15 | INFO     | pipeline:353 | ======================================================================
2026-06-04 19:39:15 | INFO     | pipeline:354 |   CSV          : wkly_clara_data_31Jul 2.csv
2026-06-04 19:39:15 | INFO     | pipeline:355 |   Response     : response_metric_inbound_signups_total
2026-06-04 19:39:15 | INFO     | pipeline:356 |   Frequency    : weekly | dayfirst=True | holdout=0
2026-06-04 19:39:15 | INFO     | pipeline:357 |   Spend prefix : spends_
2026-06-04 19:39:15 | INFO     | pipeline:358 |   Media cols   : [prefix-based auto]
2026-06-04 19:39:15 | INFO     | pipeline:359 |   Output dir   : mmm_outputs_clara
2026-06-04 19:39:15 | INFO     | pipeline:360 |   Hierarchical : False | two-timescale adstock: False | synergies: False
2026-06-04 19:39:15 | INFO     | pipeline:361 |   Baseline     : linear_trend
2026-06-04 19:39:15 | INFO     | pipeline:362 |   Ranking      : lexicographic
2026-06-04 19:39:15 | INFO     | pipeline:363 |   Hybrid fast  : False
2026-06-04 19:39:15 | INFO     | pipeline:364 |   Runtime mode : standard
2026-06-04 19:39:15 | INFO     | pipeline:365 |   Quality gate : accept quality_flag <= 2 | reject_if_all_bad=False
2026-06-04 19:39:15 | INFO     | pipeline:366 |   Skip Stage 0 : False
2026-06-04 19:39:15 | INFO     | pipeline:367 |   Skip MAP     : False
2026-06-04 19:39:15 | INFO     | pipeline:368 |   Use lag      : False
2026-06-04 19:39:15 | INFO     | pipeline:369 |   Time-varying betas : False
2026-06-04 19:39:15 | INFO     | pipeline:370 |   Dynamic saturation: False
2026-06-04 19:39:15 | INFO     | pipeline:371 |   Strict validation : False
2026-06-04 19:39:15 | INFO     | pipeline:372 |   Outlier detection : True
2026-06-04 19:39:15 | INFO     | pipeline:373 |   Stationarity test : True
2026-06-04 19:39:15 | INFO     | pipeline:374 |   Channel priors: custom (8 channels)
2026-06-04 19:39:15 | INFO     | pipeline:375 | ======================================================================
2026-06-04 19:39:15 | INFO     | pipeline:528 | 
[PREP] Loading and preprocessing data...
2026-06-04 19:39:15 | INFO     | data_prep:445 | Loading data from: wkly_clara_data_31Jul 2.csv
2026-06-04 19:39:15 | INFO     | data_prep:494 |   Rows after filter: 83
2026-06-04 19:39:15 | INFO     | data_prep:495 |   Date range: 2024-01-08 00:00:00 -> 2025-08-04 00:00:00
2026-06-04 19:39:15 | WARNING  | data_prep:556 | [DATA_PREP] Detected 1 outlier(s) in the response after transform. Review data quality or enable robust handling.
2026-06-04 19:39:15 | INFO     | data_prep:569 | [DATA_PREP] Stationarity checks: adf_stat=-4.1388, adf_pvalue=0.0008, kpss_stat=0.7275, kpss_pvalue=0.0110
2026-06-04 19:39:15 | INFO     | data_prep:581 |   Response transform: log1p | min=66, max=373, mean=163
2026-06-04 19:39:15 | INFO     | data_prep:612 |   Per-channel variable selections:
2026-06-04 19:39:15 | INFO     | data_prep:614 |     clara_dv360                    -> media_impressions_clara_dv360
2026-06-04 19:39:15 | INFO     | data_prep:614 |     clara_google                   -> media_impressions_clara_google
2026-06-04 19:39:15 | INFO     | data_prep:614 |     clara_linkedin                 -> media_impressions_clara_linkedin
2026-06-04 19:39:15 | INFO     | data_prep:614 |     clara_meta                     -> media_clicks_clara_meta
2026-06-04 19:39:15 | INFO     | data_prep:630 |   Media columns selected: ['media_impressions_clara_dv360', 'media_impressions_clara_google', 'media_impressions_clara_linkedin', 'media_clicks_clara_meta']
2026-06-04 19:39:15 | WARNING  | data_prep:766 | [DATA_PREP] fourier_order capped: requested 2 but T=83 weekly periods only supports 1 (need ~52 observations per order). Using fourier_order=1.
2026-06-04 19:39:15 | INFO     | data_prep:774 |   Fourier seasonality: frequency=weekly, period=52.18, order=1
2026-06-04 19:39:15 | INFO     | data_prep:811 |   T=83 weekly | C=4 channels | Fourier order=1
2026-06-04 19:39:15 | INFO     | data_prep:837 |   Channel families: ['display', 'search', 'social']
2026-06-04 19:39:15 | INFO     | data_prep:839 |     media_impressions_clara_dv360       -> display
2026-06-04 19:39:15 | INFO     | data_prep:839 |     media_impressions_clara_google      -> search
2026-06-04 19:39:15 | INFO     | data_prep:839 |     media_impressions_clara_linkedin    -> social
2026-06-04 19:39:15 | INFO     | data_prep:839 |     media_clicks_clara_meta             -> social
2026-06-04 19:39:15 | DEBUG    | data_prep:1155 |   [RESET_MASK] 2 restart event(s) across 4 channels (gap threshold = 4 weeks)
2026-06-04 19:39:15 | INFO     | pipeline:532 | [PREP] Done in 0.1s
2026-06-04 19:42:53 | WARNING  | main:87 | [PYTENSOR] g++ compiler not found — running on the Python backend (slower, but fully functional).  To enable the faster C backend: conda install -c conda-forge m2w64-toolchain  (Windows/conda)  |  sudo apt-get install g++ build-essential  (Linux/WSL)
2026-06-04 19:42:53 | INFO     | config:655 | [CONFIG] Loaded YAML config from: config_clara.yaml
2026-06-04 19:42:53 | INFO     | config:741 | [CONFIG] Schema built:
DataSchema: weekly data
  Date: date  |  Response: response_metric_inbound_signups_total
  Media channels: 4
    clara_dv360               -> media_impressions_clara_dv360 (impressions, type=display)
    clara_google              -> media_impressions_clara_google (impressions, type=paid_search)
    clara_linkedin            -> media_impressions_clara_linkedin (impressions, type=paid_social)
    clara_meta                -> media_clicks_clara_meta (clicks, type=paid_social)
2026-06-04 19:42:53 | INFO     | pipeline:351 | ======================================================================
2026-06-04 19:42:53 | INFO     | pipeline:352 |   BAYESIAN MARKET MIX MODEL - PRODUCTION PIPELINE (~60+ min (depends on settings))
2026-06-04 19:42:53 | INFO     | pipeline:353 | ======================================================================
2026-06-04 19:42:53 | INFO     | pipeline:354 |   CSV          : wkly_clara_data_31Jul 2.csv
2026-06-04 19:42:53 | INFO     | pipeline:355 |   Response     : response_metric_inbound_signups_total
2026-06-04 19:42:53 | INFO     | pipeline:356 |   Frequency    : weekly | dayfirst=True | holdout=0
2026-06-04 19:42:53 | INFO     | pipeline:357 |   Spend prefix : spends_
2026-06-04 19:42:53 | INFO     | pipeline:358 |   Media cols   : [prefix-based auto]
2026-06-04 19:42:53 | INFO     | pipeline:359 |   Output dir   : mmm_outputs_clara
2026-06-04 19:42:53 | INFO     | pipeline:360 |   Hierarchical : False | two-timescale adstock: False | synergies: False
2026-06-04 19:42:53 | INFO     | pipeline:361 |   Baseline     : linear_trend
2026-06-04 19:42:53 | INFO     | pipeline:362 |   Ranking      : lexicographic
2026-06-04 19:42:53 | INFO     | pipeline:363 |   Hybrid fast  : False
2026-06-04 19:42:53 | INFO     | pipeline:364 |   Runtime mode : standard
2026-06-04 19:42:53 | INFO     | pipeline:365 |   Quality gate : accept quality_flag <= 2 | reject_if_all_bad=False
2026-06-04 19:42:53 | INFO     | pipeline:366 |   Skip Stage 0 : False
2026-06-04 19:42:53 | INFO     | pipeline:367 |   Skip MAP     : False
2026-06-04 19:42:53 | INFO     | pipeline:368 |   Use lag      : False
2026-06-04 19:42:53 | INFO     | pipeline:369 |   Time-varying betas : False
2026-06-04 19:42:53 | INFO     | pipeline:370 |   Dynamic saturation: False
2026-06-04 19:42:53 | INFO     | pipeline:371 |   Strict validation : False
2026-06-04 19:42:53 | INFO     | pipeline:372 |   Outlier detection : True
2026-06-04 19:42:53 | INFO     | pipeline:373 |   Stationarity test : True
2026-06-04 19:42:53 | INFO     | pipeline:374 |   Channel priors: custom (4 channels)
2026-06-04 19:42:53 | INFO     | pipeline:375 | ======================================================================
2026-06-04 19:42:53 | INFO     | pipeline:528 | 
[PREP] Loading and preprocessing data...
2026-06-04 19:42:53 | INFO     | data_prep:445 | Loading data from: wkly_clara_data_31Jul 2.csv
2026-06-04 19:42:53 | INFO     | data_prep:494 |   Rows after filter: 83
2026-06-04 19:42:53 | INFO     | data_prep:495 |   Date range: 2024-01-08 00:00:00 -> 2025-08-04 00:00:00
2026-06-04 19:42:53 | WARNING  | data_prep:556 | [DATA_PREP] Detected 1 outlier(s) in the response after transform. Review data quality or enable robust handling.
2026-06-04 19:42:53 | INFO     | data_prep:569 | [DATA_PREP] Stationarity checks: adf_stat=-4.1388, adf_pvalue=0.0008, kpss_stat=0.7275, kpss_pvalue=0.0110
2026-06-04 19:42:53 | INFO     | data_prep:581 |   Response transform: log1p | min=66, max=373, mean=163
2026-06-04 19:42:53 | INFO     | data_prep:612 |   Per-channel variable selections:
2026-06-04 19:42:53 | INFO     | data_prep:614 |     clara_dv360                    -> media_impressions_clara_dv360
2026-06-04 19:42:53 | INFO     | data_prep:614 |     clara_google                   -> media_impressions_clara_google
2026-06-04 19:42:53 | INFO     | data_prep:614 |     clara_linkedin                 -> media_impressions_clara_linkedin
2026-06-04 19:42:53 | INFO     | data_prep:614 |     clara_meta                     -> media_clicks_clara_meta
2026-06-04 19:42:53 | INFO     | data_prep:630 |   Media columns selected: ['media_impressions_clara_dv360', 'media_impressions_clara_google', 'media_impressions_clara_linkedin', 'media_clicks_clara_meta']
2026-06-04 19:42:53 | WARNING  | data_prep:766 | [DATA_PREP] fourier_order capped: requested 2 but T=83 weekly periods only supports 1 (need ~52 observations per order). Using fourier_order=1.
2026-06-04 19:42:53 | INFO     | data_prep:774 |   Fourier seasonality: frequency=weekly, period=52.18, order=1
2026-06-04 19:42:53 | INFO     | data_prep:811 |   T=83 weekly | C=4 channels | Fourier order=1
2026-06-04 19:42:53 | INFO     | data_prep:837 |   Channel families: ['display', 'search', 'social']
2026-06-04 19:42:53 | INFO     | data_prep:839 |     media_impressions_clara_dv360       -> display
2026-06-04 19:42:53 | INFO     | data_prep:839 |     media_impressions_clara_google      -> search
2026-06-04 19:42:53 | INFO     | data_prep:839 |     media_impressions_clara_linkedin    -> social
2026-06-04 19:42:53 | INFO     | data_prep:839 |     media_clicks_clara_meta             -> social
2026-06-04 19:42:53 | DEBUG    | data_prep:1155 |   [RESET_MASK] 2 restart event(s) across 4 channels (gap threshold = 4 weeks)
2026-06-04 19:42:53 | INFO     | pipeline:532 | [PREP] Done in 0.1s
2026-06-04 19:42:53 | INFO     | priors:295 | [PRIOR-CFG] Validated 4 per-channel prior configs. Channels using defaults: []
2026-06-04 19:42:53 | INFO     | pipeline_stages:176 | ============================================================
2026-06-04 19:42:53 | INFO     | pipeline_stages:177 | STAGE 0 - MARGINAL CONTRIBUTION SCAN
2026-06-04 19:42:53 | INFO     | pipeline_stages:185 |   Channels: 4 | Total models: 32
2026-06-04 19:42:53 | INFO     | pipeline_stages:186 | ============================================================
2026-06-04 19:42:53 | INFO     | pipeline_stages:257 |   Running 32 Stage-0 fits in parallel (joblib)
2026-06-04 19:45:02 | INFO     | pipeline:78 | [TIMER] stage_0              2.1 min (128.9 s)  [32 models]
2026-06-04 19:52:44 | WARNING  | main:87 | [PYTENSOR] g++ compiler not found — running on the Python backend (slower, but fully functional).  To enable the faster C backend: conda install -c conda-forge m2w64-toolchain  (Windows/conda)  |  sudo apt-get install g++ build-essential  (Linux/WSL)
2026-06-04 19:52:44 | INFO     | config:655 | [CONFIG] Loaded YAML config from: config_clara.yaml
2026-06-04 19:52:44 | INFO     | config:741 | [CONFIG] Schema built:
DataSchema: weekly data
  Date: date  |  Response: response_metric_inbound_signups_total
  Media channels: 4
    clara_dv360               -> media_impressions_clara_dv360 (impressions, type=display)
    clara_google              -> media_impressions_clara_google (impressions, type=paid_search)
    clara_linkedin            -> media_impressions_clara_linkedin (impressions, type=paid_social)
    clara_meta                -> media_clicks_clara_meta (clicks, type=paid_social)
2026-06-04 19:52:44 | INFO     | pipeline:351 | ======================================================================
2026-06-04 19:52:44 | INFO     | pipeline:352 |   BAYESIAN MARKET MIX MODEL - PRODUCTION PIPELINE (~60+ min (depends on settings))
2026-06-04 19:52:44 | INFO     | pipeline:353 | ======================================================================
2026-06-04 19:52:44 | INFO     | pipeline:354 |   CSV          : wkly_clara_data_31Jul 2.csv
2026-06-04 19:52:44 | INFO     | pipeline:355 |   Response     : response_metric_inbound_signups_total
2026-06-04 19:52:44 | INFO     | pipeline:356 |   Frequency    : weekly | dayfirst=True | holdout=0
2026-06-04 19:52:44 | INFO     | pipeline:357 |   Spend prefix : spends_
2026-06-04 19:52:44 | INFO     | pipeline:358 |   Media cols   : [prefix-based auto]
2026-06-04 19:52:44 | INFO     | pipeline:359 |   Output dir   : mmm_outputs_clara
2026-06-04 19:52:44 | INFO     | pipeline:360 |   Hierarchical : False | two-timescale adstock: False | synergies: False
2026-06-04 19:52:44 | INFO     | pipeline:361 |   Baseline     : linear_trend
2026-06-04 19:52:44 | INFO     | pipeline:362 |   Ranking      : lexicographic
2026-06-04 19:52:44 | INFO     | pipeline:363 |   Hybrid fast  : False
2026-06-04 19:52:44 | INFO     | pipeline:364 |   Runtime mode : standard
2026-06-04 19:52:44 | INFO     | pipeline:365 |   Quality gate : accept quality_flag <= 2 | reject_if_all_bad=False
2026-06-04 19:52:44 | INFO     | pipeline:366 |   Skip Stage 0 : False
2026-06-04 19:52:44 | INFO     | pipeline:367 |   Skip MAP     : True
2026-06-04 19:52:44 | INFO     | pipeline:368 |   Use lag      : False
2026-06-04 19:52:44 | INFO     | pipeline:369 |   Time-varying betas : False
2026-06-04 19:52:44 | INFO     | pipeline:370 |   Dynamic saturation: False
2026-06-04 19:52:44 | INFO     | pipeline:371 |   Strict validation : False
2026-06-04 19:52:44 | INFO     | pipeline:372 |   Outlier detection : True
2026-06-04 19:52:44 | INFO     | pipeline:373 |   Stationarity test : True
2026-06-04 19:52:44 | INFO     | pipeline:374 |   Channel priors: custom (4 channels)
2026-06-04 19:52:44 | INFO     | pipeline:375 | ======================================================================
2026-06-04 19:52:44 | INFO     | pipeline:528 | 
[PREP] Loading and preprocessing data...
2026-06-04 19:52:44 | INFO     | data_prep:445 | Loading data from: wkly_clara_data_31Jul 2.csv
2026-06-04 19:52:44 | INFO     | data_prep:494 |   Rows after filter: 83
2026-06-04 19:52:44 | INFO     | data_prep:495 |   Date range: 2024-01-08 00:00:00 -> 2025-08-04 00:00:00
2026-06-04 19:52:44 | WARNING  | data_prep:556 | [DATA_PREP] Detected 1 outlier(s) in the response after transform. Review data quality or enable robust handling.
2026-06-04 19:52:45 | INFO     | data_prep:569 | [DATA_PREP] Stationarity checks: adf_stat=-4.1388, adf_pvalue=0.0008, kpss_stat=0.7275, kpss_pvalue=0.0110
2026-06-04 19:52:45 | INFO     | data_prep:581 |   Response transform: log1p | min=66, max=373, mean=163
2026-06-04 19:52:45 | INFO     | data_prep:612 |   Per-channel variable selections:
2026-06-04 19:52:45 | INFO     | data_prep:614 |     clara_dv360                    -> media_impressions_clara_dv360
2026-06-04 19:52:45 | INFO     | data_prep:614 |     clara_google                   -> media_impressions_clara_google
2026-06-04 19:52:45 | INFO     | data_prep:614 |     clara_linkedin                 -> media_impressions_clara_linkedin
2026-06-04 19:52:45 | INFO     | data_prep:614 |     clara_meta                     -> media_clicks_clara_meta
2026-06-04 19:52:45 | INFO     | data_prep:630 |   Media columns selected: ['media_impressions_clara_dv360', 'media_impressions_clara_google', 'media_impressions_clara_linkedin', 'media_clicks_clara_meta']
2026-06-04 19:52:45 | WARNING  | data_prep:766 | [DATA_PREP] fourier_order capped: requested 2 but T=83 weekly periods only supports 1 (need ~52 observations per order). Using fourier_order=1.
2026-06-04 19:52:45 | INFO     | data_prep:774 |   Fourier seasonality: frequency=weekly, period=52.18, order=1
2026-06-04 19:52:45 | INFO     | data_prep:811 |   T=83 weekly | C=4 channels | Fourier order=1
2026-06-04 19:52:45 | INFO     | data_prep:837 |   Channel families: ['display', 'search', 'social']
2026-06-04 19:52:45 | INFO     | data_prep:839 |     media_impressions_clara_dv360       -> display
2026-06-04 19:52:45 | INFO     | data_prep:839 |     media_impressions_clara_google      -> search
2026-06-04 19:52:45 | INFO     | data_prep:839 |     media_impressions_clara_linkedin    -> social
2026-06-04 19:52:45 | INFO     | data_prep:839 |     media_clicks_clara_meta             -> social
2026-06-04 19:52:45 | DEBUG    | data_prep:1155 |   [RESET_MASK] 2 restart event(s) across 4 channels (gap threshold = 4 weeks)
2026-06-04 19:52:45 | INFO     | pipeline:532 | [PREP] Done in 0.3s
2026-06-04 19:52:45 | INFO     | priors:295 | [PRIOR-CFG] Validated 4 per-channel prior configs. Channels using defaults: []
2026-06-04 19:52:45 | INFO     | pipeline_stages:176 | ============================================================
2026-06-04 19:52:45 | INFO     | pipeline_stages:177 | STAGE 0 - MARGINAL CONTRIBUTION SCAN
2026-06-04 19:52:45 | INFO     | pipeline_stages:185 |   Channels: 4 | Total models: 32
2026-06-04 19:52:45 | INFO     | pipeline_stages:186 | ============================================================
2026-06-04 19:52:45 | INFO     | pipeline_stages:257 |   Running 32 Stage-0 fits in parallel (joblib)
2026-06-04 19:57:45 | INFO     | pipeline_stages:283 |     [OK] ch=media_impressions_clara_dv360 geometric+softplus     | MAPE= 22.26% | R-hat=1.0000 [est] | divs=0
2026-06-04 19:57:45 | INFO     | pipeline_stages:283 |     [OK] ch=media_impressions_clara_dv360 geometric+hill         | MAPE= 22.44% | R-hat=1.0000 [est] | divs=0
2026-06-04 19:57:45 | INFO     | pipeline_stages:283 |     [OK] ch=media_impressions_clara_dv360 geometric+logistic     | MAPE= 22.20% | R-hat=1.0000 [est] | divs=0
2026-06-04 19:57:45 | INFO     | pipeline_stages:283 |     [OK] ch=media_impressions_clara_dv360 geometric+exponential  | MAPE= 22.50% | R-hat=1.0000 [est] | divs=0
2026-06-04 19:57:45 | INFO     | pipeline_stages:283 |     [OK] ch=media_impressions_clara_dv360 weibull+softplus     | MAPE= 22.20% | R-hat=1.0000 [est] | divs=0
2026-06-04 19:57:45 | INFO     | pipeline_stages:283 |     [OK] ch=media_impressions_clara_dv360 weibull+hill         | MAPE= 21.75% | R-hat=1.0000 [est] | divs=0
2026-06-04 19:57:45 | INFO     | pipeline_stages:283 |     [OK] ch=media_impressions_clara_dv360 weibull+logistic     | MAPE= 22.07% | R-hat=1.0000 [est] | divs=0
2026-06-04 19:57:45 | INFO     | pipeline_stages:283 |     [OK] ch=media_impressions_clara_dv360 weibull+exponential  | MAPE= 22.58% | R-hat=1.0000 [est] | divs=3
2026-06-04 19:57:45 | INFO     | pipeline_stages:283 |     [OK] ch=media_impressions_clara_google geometric+softplus     | MAPE= 22.26% | R-hat=1.0000 [est] | divs=0
2026-06-04 19:57:45 | INFO     | pipeline_stages:283 |     [OK] ch=media_impressions_clara_google geometric+hill         | MAPE= 20.51% | R-hat=1.0000 [est] | divs=0
2026-06-04 19:57:45 | INFO     | pipeline_stages:283 |     [OK] ch=media_impressions_clara_google geometric+logistic     | MAPE= 22.78% | R-hat=1.0000 [est] | divs=0
2026-06-04 19:57:45 | INFO     | pipeline_stages:283 |     [OK] ch=media_impressions_clara_google geometric+exponential  | MAPE= 21.73% | R-hat=1.0000 [est] | divs=0
2026-06-04 19:57:45 | INFO     | pipeline_stages:283 |     [OK] ch=media_impressions_clara_google weibull+softplus     | MAPE= 22.30% | R-hat=1.0000 [est] | divs=0
2026-06-04 19:57:45 | INFO     | pipeline_stages:283 |     [OK] ch=media_impressions_clara_google weibull+hill         | MAPE= 20.80% | R-hat=1.0000 [est] | divs=0
2026-06-04 19:57:45 | INFO     | pipeline_stages:283 |     [OK] ch=media_impressions_clara_google weibull+logistic     | MAPE= 22.78% | R-hat=1.0000 [est] | divs=0
2026-06-04 19:57:45 | INFO     | pipeline_stages:283 |     [OK] ch=media_impressions_clara_google weibull+exponential  | MAPE= 21.46% | R-hat=1.0000 [est] | divs=0
2026-06-04 19:57:45 | INFO     | pipeline_stages:283 |     [OK] ch=media_impressions_clara_linkedin geometric+softplus     | MAPE= 22.26% | R-hat=1.0000 [est] | divs=0
2026-06-04 19:57:45 | INFO     | pipeline_stages:283 |     [OK] ch=media_impressions_clara_linkedin geometric+hill         | MAPE= 22.30% | R-hat=1.0000 [est] | divs=0
2026-06-04 19:57:45 | INFO     | pipeline_stages:283 |     [OK] ch=media_impressions_clara_linkedin geometric+logistic     | MAPE= 22.58% | R-hat=1.0000 [est] | divs=0
2026-06-04 19:57:45 | INFO     | pipeline_stages:283 |     [OK] ch=media_impressions_clara_linkedin geometric+exponential  | MAPE= 22.27% | R-hat=1.0000 [est] | divs=0
2026-06-04 19:57:45 | INFO     | pipeline_stages:283 |     [OK] ch=media_impressions_clara_linkedin weibull+softplus     | MAPE= 22.23% | R-hat=1.0000 [est] | divs=0
2026-06-04 19:57:45 | INFO     | pipeline_stages:283 |     [OK] ch=media_impressions_clara_linkedin weibull+hill         | MAPE= 22.26% | R-hat=1.0000 [est] | divs=9
2026-06-04 19:57:45 | INFO     | pipeline_stages:283 |     [OK] ch=media_impressions_clara_linkedin weibull+logistic     | MAPE= 22.52% | R-hat=1.0000 [est] | divs=2
2026-06-04 19:57:45 | INFO     | pipeline_stages:283 |     [OK] ch=media_impressions_clara_linkedin weibull+exponential  | MAPE= 22.49% | R-hat=1.0000 [est] | divs=0
2026-06-04 19:57:45 | INFO     | pipeline_stages:283 |     [OK] ch=media_clicks_clara_meta geometric+softplus     | MAPE= 22.26% | R-hat=1.0000 [est] | divs=0
2026-06-04 19:57:45 | INFO     | pipeline_stages:283 |     [OK] ch=media_clicks_clara_meta geometric+hill         | MAPE= 20.58% | R-hat=1.0000 [est] | divs=0
2026-06-04 19:57:45 | INFO     | pipeline_stages:283 |     [OK] ch=media_clicks_clara_meta geometric+logistic     | MAPE= 22.13% | R-hat=1.0000 [est] | divs=4
2026-06-04 19:57:45 | INFO     | pipeline_stages:283 |     [OK] ch=media_clicks_clara_meta geometric+exponential  | MAPE= 21.88% | R-hat=1.0000 [est] | divs=0
2026-06-04 19:57:45 | INFO     | pipeline_stages:283 |     [OK] ch=media_clicks_clara_meta weibull+softplus     | MAPE= 22.48% | R-hat=1.0000 [est] | divs=0
2026-06-04 19:57:45 | INFO     | pipeline_stages:283 |     [OK] ch=media_clicks_clara_meta weibull+hill         | MAPE= 20.77% | R-hat=1.0000 [est] | divs=1
2026-06-04 19:57:45 | INFO     | pipeline_stages:283 |     [OK] ch=media_clicks_clara_meta weibull+logistic     | MAPE= 22.39% | R-hat=1.0000 [est] | divs=0
2026-06-04 19:57:45 | INFO     | pipeline_stages:283 |     [OK] ch=media_clicks_clara_meta weibull+exponential  | MAPE= 21.99% | R-hat=1.0000 [est] | divs=2
2026-06-04 19:57:45 | INFO     | pipeline_stages:302 |   [BEST] media_impressions_clara_dv360: weibull+hill (MAPE=21.75%)
2026-06-04 19:57:45 | INFO     | pipeline_stages:302 |   [BEST] media_impressions_clara_google: geometric+hill (MAPE=20.51%)
2026-06-04 19:57:45 | INFO     | pipeline_stages:302 |   [BEST] media_impressions_clara_linkedin: weibull+softplus (MAPE=22.23%)
2026-06-04 19:57:45 | INFO     | pipeline_stages:302 |   [BEST] media_clicks_clara_meta: geometric+hill (MAPE=20.58%)
2026-06-04 19:57:45 | INFO     | pipeline_stages:310 | 
  Stage 0 Summary:
2026-06-04 19:57:45 | INFO     | pipeline_stages:312 |     Channel media_impressions_clara_dv360  -> weibull    + hill
2026-06-04 19:57:45 | INFO     | pipeline_stages:312 |     Channel media_impressions_clara_google -> geometric  + hill
2026-06-04 19:57:45 | INFO     | pipeline_stages:312 |     Channel media_impressions_clara_linkedin -> weibull    + softplus
2026-06-04 19:57:45 | INFO     | pipeline_stages:312 |     Channel media_clicks_clara_meta        -> geometric  + hill
2026-06-04 19:57:45 | INFO     | pipeline:78 | [TIMER] stage_0              5.0 min (300.4 s)  [32 models]
2026-06-04 19:57:45 | INFO     | pipeline:612 | [S0] Complete — see timer above
2026-06-04 19:57:45 | INFO     | pipeline:630 | 
[SPECS] Per-channel transform assignments:
2026-06-04 19:57:45 | INFO     | pipeline:632 |   [0] media_impressions_clara_dv360  -> weibull+hill
2026-06-04 19:57:45 | INFO     | pipeline:632 |   [1] media_impressions_clara_google -> geometric+hill
2026-06-04 19:57:45 | INFO     | pipeline:632 |   [2] media_impressions_clara_linkedin -> weibull+softplus
2026-06-04 19:57:45 | INFO     | pipeline:632 |   [3] media_clicks_clara_meta        -> geometric+hill
2026-06-04 19:57:45 | INFO     | pipeline:634 | 
[GRID] Building full hyperparameter grid...
2026-06-04 19:57:45 | INFO     | config:329 | Full grid: 48 configurations
2026-06-04 19:57:45 | INFO     | config:361 | Pruned grid: 48 -> 6 unique (lag x fourier_order) combinations
2026-06-04 19:57:45 | INFO     | pipeline:659 | [S1] MAP pre-screen skipped (pruned grid small enough or skip_map=True)
2026-06-04 19:57:45 | INFO     | pipeline_stages:426 | ============================================================
2026-06-04 19:57:45 | INFO     | pipeline_stages:427 | STAGE 1b - FAST MCMC SCAN
2026-06-04 19:57:45 | INFO     | pipeline_stages:430 |   Configs: 6 | Fast mode: 120 draws, 1 chain(s)
2026-06-04 19:57:45 | INFO     | pipeline_stages:431 |   Keeping top-1 for full refit
2026-06-04 19:57:45 | INFO     | pipeline_stages:433 |   Per-channel transforms: ENABLED
2026-06-04 19:57:45 | INFO     | pipeline_stages:434 | ============================================================
2026-06-04 19:57:45 | INFO     | pipeline_stages:440 | 
  [ 1/6] Fast MCMC: lag4_fo1_geometric_softplus_ta95
2026-06-04 19:58:18 | DEBUG    | model_builder:1433 |   Sampling complete in 32.3s
2026-06-04 19:58:18 | WARNING  | metrics:217 | R-hat cannot be computed with only 1 chain - returning sentinel 1.0. Use chains >= 2 for production runs.
2026-06-04 19:58:18 | INFO     | metrics:1146 |   Temporal CV: 3 folds | mean MAPE=18.90% | mean RMSE=38.69
2026-06-04 19:58:18 | INFO     | pipeline_stages:463 |     [OK] qf=2 | MAPE=18.93% | R2=0.5169 | R-hat=1.0000 [estimated] | divs=0 | wall=32s
2026-06-04 19:58:18 | INFO     | pipeline_stages:440 | 
  [ 2/6] Fast MCMC: lag4_fo2_geometric_softplus_ta95
2026-06-04 19:58:38 | DEBUG    | model_builder:1433 |   Sampling complete in 19.7s
2026-06-04 19:58:38 | WARNING  | metrics:217 | R-hat cannot be computed with only 1 chain - returning sentinel 1.0. Use chains >= 2 for production runs.
2026-06-04 19:58:38 | INFO     | metrics:1146 |   Temporal CV: 3 folds | mean MAPE=18.90% | mean RMSE=38.69
2026-06-04 19:58:38 | INFO     | pipeline_stages:463 |     [OK] qf=2 | MAPE=18.93% | R2=0.5169 | R-hat=1.0000 [estimated] | divs=0 | wall=20s
2026-06-04 19:58:38 | INFO     | pipeline_stages:440 | 
  [ 3/6] Fast MCMC: lag8_fo1_geometric_softplus_ta95
2026-06-04 19:59:02 | DEBUG    | model_builder:1433 |   Sampling complete in 23.5s
2026-06-04 19:59:02 | WARNING  | metrics:217 | R-hat cannot be computed with only 1 chain - returning sentinel 1.0. Use chains >= 2 for production runs.
2026-06-04 19:59:02 | INFO     | metrics:1146 |   Temporal CV: 3 folds | mean MAPE=18.78% | mean RMSE=38.89
2026-06-04 19:59:02 | INFO     | pipeline_stages:463 |     [OK] qf=2 | MAPE=18.78% | R2=0.5176 | R-hat=1.0000 [estimated] | divs=0 | wall=23s
2026-06-04 19:59:02 | INFO     | pipeline_stages:440 | 
  [ 4/6] Fast MCMC: lag8_fo2_geometric_softplus_ta95
2026-06-04 19:59:22 | DEBUG    | model_builder:1433 |   Sampling complete in 20.2s
2026-06-04 19:59:22 | WARNING  | metrics:217 | R-hat cannot be computed with only 1 chain - returning sentinel 1.0. Use chains >= 2 for production runs.
2026-06-04 19:59:23 | INFO     | metrics:1146 |   Temporal CV: 3 folds | mean MAPE=18.78% | mean RMSE=38.89
2026-06-04 19:59:23 | INFO     | pipeline_stages:463 |     [OK] qf=2 | MAPE=18.78% | R2=0.5176 | R-hat=1.0000 [estimated] | divs=0 | wall=20s
2026-06-04 19:59:23 | INFO     | pipeline_stages:440 | 
  [ 5/6] Fast MCMC: lag13_fo1_geometric_softplus_ta95
2026-06-04 19:59:46 | DEBUG    | model_builder:1433 |   Sampling complete in 22.9s
2026-06-04 19:59:46 | WARNING  | metrics:217 | R-hat cannot be computed with only 1 chain - returning sentinel 1.0. Use chains >= 2 for production runs.
2026-06-04 19:59:46 | INFO     | metrics:1146 |   Temporal CV: 3 folds | mean MAPE=19.09% | mean RMSE=39.34
2026-06-04 19:59:46 | INFO     | pipeline_stages:463 |     [OK] qf=2 | MAPE=19.07% | R2=0.5117 | R-hat=1.0000 [estimated] | divs=0 | wall=23s
2026-06-04 19:59:46 | INFO     | pipeline_stages:440 | 
  [ 6/6] Fast MCMC: lag13_fo2_geometric_softplus_ta95
2026-06-04 20:00:08 | DEBUG    | model_builder:1433 |   Sampling complete in 22.1s
2026-06-04 20:00:08 | WARNING  | metrics:217 | R-hat cannot be computed with only 1 chain - returning sentinel 1.0. Use chains >= 2 for production runs.
2026-06-04 20:00:09 | INFO     | metrics:1146 |   Temporal CV: 3 folds | mean MAPE=19.09% | mean RMSE=39.34
2026-06-04 20:00:09 | INFO     | pipeline_stages:463 |     [OK] qf=2 | MAPE=19.07% | R2=0.5117 | R-hat=1.0000 [estimated] | divs=0 | wall=22s
2026-06-04 20:00:09 | WARNING  | pipeline_stages:493 | [S1b] No models passed quality_flag <= 1. Falling back to top-K by ranking.
2026-06-04 20:00:09 | INFO     | pipeline_stages:502 | 
  Top-1 survivors for full refit:
2026-06-04 20:00:09 | INFO     | pipeline_stages:507 |     1. lag8_fo1_geometric_softplus_ta95                        | MAPE=18.78% | R-hat=1.0000 | LOO=N/A
2026-06-04 20:00:09 | INFO     | pipeline:78 | [TIMER] stage_1b_mcmc        2.4 min (143.6 s)  [6 models]
2026-06-04 20:00:09 | INFO     | pipeline_stages:544 | ============================================================
2026-06-04 20:00:09 | INFO     | pipeline_stages:545 | STAGE 2 - FULL REFIT
2026-06-04 20:00:09 | INFO     | pipeline_stages:546 |   Models to refit: 1 | Full settings: 1500 draws, 4 chain(s)
2026-06-04 20:00:09 | INFO     | pipeline_stages:548 |   Per-channel transforms: ENABLED
2026-06-04 20:00:09 | INFO     | pipeline_stages:550 |     [0] media_impressions_clara_dv360  -> weibull+hill
2026-06-04 20:00:09 | INFO     | pipeline_stages:550 |     [1] media_impressions_clara_google -> geometric+hill
2026-06-04 20:00:09 | INFO     | pipeline_stages:550 |     [2] media_impressions_clara_linkedin -> weibull+softplus
2026-06-04 20:00:09 | INFO     | pipeline_stages:550 |     [3] media_clicks_clara_meta        -> geometric+hill
2026-06-04 20:00:09 | INFO     | pipeline_stages:551 | ============================================================
2026-06-04 20:00:09 | INFO     | pipeline_stages:569 | 
  [1/1] Full refit: lag8_fo1_geometric_softplus_ta95
2026-06-04 20:01:01 | DEBUG    | model_builder:1433 |   Sampling complete in 51.9s
2026-06-04 20:01:02 | INFO     | metrics:1146 |   Temporal CV: 3 folds | mean MAPE=19.18% | mean RMSE=39.37
2026-06-04 20:01:02 | INFO     | pipeline_stages:590 |     [OK] qf=2 | MAPE=19.16% | R2=0.5063 | R-hat=1.0035 | divs=0 | LOO=-93.56 | ESS=1642 | wall=52s
2026-06-04 20:01:02 | INFO     | pipeline_stages:647 | 
  == Per-Channel Transform Summary ==
2026-06-04 20:01:02 | INFO     | pipeline_stages:650 |                          channel   adstock saturation  use_lag  lag_mode  lam_mean  alpha_sat_mean  beta_mean
   media_impressions_clara_dv360   weibull       hill    False       NaN    1.5950          4.4333     0.6484
  media_impressions_clara_google geometric       hill    False       NaN    0.6763          4.4702     1.0707
media_impressions_clara_linkedin   weibull   softplus    False       NaN    2.9211          0.8937     0.1754
         media_clicks_clara_meta geometric       hill    False       NaN    0.5830          4.5571     0.5431
2026-06-04 20:01:02 | INFO     | pipeline_stages:656 | 
  [BEST] BEST MODEL: lag8_fo1_geometric_softplus_ta95
2026-06-04 20:01:02 | INFO     | pipeline_stages:657 |     MAPE       : 19.1560%
2026-06-04 20:01:02 | INFO     | pipeline_stages:658 |     R2         : 0.5063
2026-06-04 20:01:02 | INFO     | pipeline_stages:659 |     Pearson r  : 0.7687
2026-06-04 20:01:02 | INFO     | pipeline_stages:660 |     Max R-hat  : 1.00347
2026-06-04 20:01:02 | INFO     | pipeline_stages:661 |     ESS bulk   : 1642
2026-06-04 20:01:02 | INFO     | pipeline_stages:662 |     ESS tail   : 929
2026-06-04 20:01:02 | INFO     | pipeline_stages:663 |     Divergences: 0
2026-06-04 20:01:02 | INFO     | pipeline_stages:664 |     LOO-IC     : -93.5639
2026-06-04 20:01:02 | INFO     | pipeline_stages:665 |     WAIC       : -93.5088
2026-06-04 20:01:02 | INFO     | pipeline:78 | [TIMER] stage_2_full         0.9 min (53.4 s)  [1 models]
2026-06-04 20:01:02 | INFO     | pipeline:692 | 
[ANALYSIS] Computing channel contributions...
2026-06-04 20:01:02 | INFO     | pipeline:697 | 
  Channel Contribution Summary:
2026-06-04 20:01:02 | INFO     | pipeline:698 |                          channel  mean_share_pct  roi_proxy  hdi_90_low  hdi_90_high
media_impressions_clara_linkedin         34.3095   0.428857    0.016005    86.334734
  media_impressions_clara_google         28.4426   0.036196    9.188064    61.438004
         media_clicks_clara_meta         22.7416  10.056076    0.000111    49.588273
   media_impressions_clara_dv360         14.5062   0.122994    0.000067    31.740113
2026-06-04 20:01:02 | INFO     | pipeline:702 | 
  Component Contribution Summary:
2026-06-04 20:01:02 | INFO     | pipeline:703 |   component     group  share_abs_pct  mean_effect
   baseline non_media      49.434908    -0.774080
media_total     media      46.397024     0.726511
seasonality non_media       4.168068     0.065142
2026-06-04 20:01:02 | INFO     | pipeline:78 | [TIMER] analysis             0.0 min (0.1 s)
2026-06-04 20:01:02 | INFO     | pipeline:719 | 
======================================================================
2026-06-04 20:01:02 | INFO     | pipeline:720 |   PIPELINE COMPLETE
2026-06-04 20:01:02 | INFO     | pipeline:721 | ======================================================================
2026-06-04 20:01:02 | INFO     | pipeline:722 |   Total wall time   : 8.3 minutes
2026-06-04 20:01:02 | INFO     | pipeline:723 |   Best model key    : lag8_fo1_geometric_softplus_ta95
2026-06-04 20:01:02 | INFO     | pipeline:724 |   Fourier order     : 1
2026-06-04 20:01:02 | INFO     | pipeline:725 |   Max adstock lag   : 8
2026-06-04 20:01:02 | INFO     | pipeline:728 |   Quality flag      : 2 (0=best, 2=poor)
2026-06-04 20:01:02 | INFO     | pipeline:729 |   MAPE              : 19.1560%
2026-06-04 20:01:02 | INFO     | pipeline:730 |   R2                : 0.5063
2026-06-04 20:01:02 | INFO     | pipeline:731 |   Pearson r         : 0.7687
2026-06-04 20:01:02 | INFO     | pipeline:732 |   Max R-hat         : 1.00347
2026-06-04 20:01:02 | INFO     | pipeline:733 |   ESS bulk (min)    : 1642
2026-06-04 20:01:02 | INFO     | pipeline:734 |   ESS tail (min)    : 929
2026-06-04 20:01:02 | INFO     | pipeline:735 |   Divergences       : 0
2026-06-04 20:01:02 | INFO     | pipeline:736 |   LOO-IC            : -93.5639 +/- 6.8177
2026-06-04 20:01:02 | INFO     | pipeline:737 |   WAIC              : -93.5088
2026-06-04 20:01:02 | INFO     | pipeline:741 | 
[PLOTS] Generating diagnostic plots...
2026-06-04 20:01:02 | INFO     | plots:1121 | Generating plots...
2026-06-04 20:01:03 | INFO     | plots:50 |   Saved: mmm_outputs_clara\01_actual_vs_fitted.png
2026-06-04 20:01:03 | INFO     | plots:50 |   Saved: mmm_outputs_clara\02_media_contributions.png
2026-06-04 20:01:03 | INFO     | plots:50 |   Saved: mmm_outputs_clara\03_channel_share.png
2026-06-04 20:01:04 | INFO     | plots:50 |   Saved: mmm_outputs_clara\04_convergence_diagnostics.png
2026-06-04 20:01:04 | INFO     | plots:50 |   Saved: mmm_outputs_clara\05_posterior_betas.png
2026-06-04 20:01:04 | INFO     | plots:50 |   Saved: mmm_outputs_clara\06_component_share.png
2026-06-04 20:01:07 | INFO     | plots:50 |   Saved: mmm_outputs_clara\07_az_trace.png
2026-06-04 20:01:09 | INFO     | plots:50 |   Saved: mmm_outputs_clara\08_ppc.png
2026-06-04 20:01:10 | INFO     | plots:50 |   Saved: mmm_outputs_clara\09_full_contribution_bar.png
2026-06-04 20:01:10 | WARNING  | plots:721 |   [INTERACTIVE] Plotly not installed — skipping interactive plots.
  Fix: pip install plotly
2026-06-04 20:01:10 | INFO     | plots:1147 |   All plots saved to: mmm_outputs_clara
2026-06-04 20:01:10 | INFO     | pipeline:78 | [TIMER] plots                0.1 min (7.3 s)
2026-06-04 20:01:10 | INFO     | pipeline:746 | 
[EXPORT] Writing output files...
2026-06-04 20:01:10 | INFO     | export:369 | Exporting results...
2026-06-04 20:01:10 | INFO     | export:417 |   Saved: mmm_outputs_clara\model_results\best_model.json
2026-06-04 20:01:10 | INFO     | export:428 |   Saved: mmm_outputs_clara\model_results\scan_stage0.csv
2026-06-04 20:01:10 | INFO     | export:428 |   Saved: mmm_outputs_clara\model_results\scan_stage1b.csv
2026-06-04 20:01:10 | INFO     | export:428 |   Saved: mmm_outputs_clara\model_results\scan_stage2.csv
2026-06-04 20:01:10 | INFO     | export:433 |   Saved: mmm_outputs_clara\model_results\channel_contributions.csv
2026-06-04 20:01:10 | INFO     | export:444 |   Saved: mmm_outputs_clara\model_results\component_contributions.csv
2026-06-04 20:01:10 | INFO     | export:450 |   Saved: mmm_outputs_clara\model_results\channel_transform_summary.csv
2026-06-04 20:01:10 | INFO     | export:503 |   Saved: mmm_outputs_clara\model_results\media_share_weekly.csv
2026-06-04 20:01:10 | INFO     | export:517 |   Saved: mmm_outputs_clara\model_results\az_summary.csv
2026-06-04 20:01:10 | INFO     | export:538 |   Saved: mmm_outputs_clara\model_results\model_summary.txt
2026-06-04 20:01:10 | INFO     | export:542 |   All exports complete -> mmm_outputs_clara\model_results
2026-06-04 20:01:10 | INFO     | priors:600 |   Saved: mmm_outputs_clara\model_results\return_index.csv
2026-06-04 20:01:11 | INFO     | priors:617 |   Saved: mmm_outputs_clara\model_results\return_index.xlsx
2026-06-04 20:01:11 | INFO     | export:552 |   Return index summary:
                      channel_id modeled_metric  mean_return_index  mean_return_index_spend  lower_bound  upper_bound  mean_contribution_signups  mean_weekly_metric_value  mean_weekly_spend
         media_clicks_clara_meta         Clicks            10.0561                  16.4256       0.3533      20.7651                    28.7824                   2862.19            1752.29
media_impressions_clara_linkedin    Impressions             0.4289                  37.1853       0.0202       0.9250                    47.4750                 110701.20            1276.71
   media_impressions_clara_dv360    Impressions             0.1230                  76.7334       0.0054       0.2719                    18.2747                 148581.55             238.16
  media_impressions_clara_google    Impressions             0.0362                   3.7717       0.0098       0.0756                    35.9204                 992372.81            9523.78
2026-06-04 20:01:11 | INFO     | priors:653 |   Saved: mmm_outputs_clara\model_results\channel_prior_config.csv
2026-06-04 20:01:11 | INFO     | export:574 |   Saved: mmm_outputs_clara\model_results\stage_timings.csv
2026-06-04 20:01:12 | INFO     | export:302 |   Saved: mmm_outputs_clara\model_results\model_results.xlsx
2026-06-04 20:01:12 | INFO     | pipeline:78 | [TIMER] export               0.0 min (2.0 s)
2026-06-04 20:01:12 | INFO     | pipeline:121 | [STATE] Saving posterior trace...
2026-06-04 20:01:13 | INFO     | pipeline:123 |   trace.nc  — 36.9 MB
2026-06-04 20:01:13 | INFO     | pipeline:131 |   prep.pkl  — 0.0 MB
2026-06-04 20:01:13 | INFO     | pipeline:165 |   best_cfg.json saved
2026-06-04 20:01:13 | INFO     | pipeline:769 | 
[STATE] Model state saved. Run post-pipeline analysis when ready:
  optimisation: section detected in YAML — run standalone scripts to apply it:
  python analyze.py curves    --config <yaml>   <- response curves
  python analyze.py optimise  --config <yaml>   <- forward budget optimisation
  python analyze.py reverse   --config <yaml>   <- reverse optimisation
  python analyze.py scenarios --config <yaml>   <- scenario comparison
  python analyze.py report    --config <yaml>   <- full HTML report
  python analyze.py all       --config <yaml>   <- run everything
2026-06-04 20:02:16 | INFO     | analyze:542 | ============================================================
2026-06-04 20:02:16 | INFO     | analyze:543 |   FULL ANALYSIS (curves → optimise → reverse → scenarios → report)
2026-06-04 20:02:16 | INFO     | analyze:544 | ============================================================
2026-06-04 20:02:16 | INFO     | analyze:552 | 
──────────────────────────────────────────────────
  Response Curves
──────────────────────────────────────────────────
2026-06-04 20:02:21 | INFO     | pipeline:196 | [LOAD] trace.nc  <- mmm_outputs_clara\trace.nc
2026-06-04 20:02:22 | INFO     | pipeline:199 | [LOAD] prep.pkl  <- mmm_outputs_clara\prep.pkl
2026-06-04 20:02:22 | DEBUG    | optimisation:1877 |   [CPP] Loaded source CSV: wkly_clara_data_31Jul 2.csv
2026-06-04 20:02:22 | INFO     | optimisation:1903 |   [CPP] media_impressions_clara_dv360             Impressions      CPM (GBP / 1000 imps) = 0.001609  [computed from data]
2026-06-04 20:02:22 | INFO     | optimisation:1903 |   [CPP] media_impressions_clara_google            Impressions      CPM (GBP / 1000 imps) = 0.009663  [computed from data]
2026-06-04 20:02:22 | INFO     | optimisation:1903 |   [CPP] media_impressions_clara_linkedin          Impressions      CPM (GBP / 1000 imps) = 0.011635  [computed from data]
2026-06-04 20:02:22 | INFO     | optimisation:1903 |   [CPP] media_clicks_clara_meta                   Clicks           CPC (GBP / click) = 0.618895  [computed from data]
2026-06-04 20:02:22 | INFO     | analyze:99 | 
  Channel metric types and cost-per-unit rates:
  Channel                                       Metric           Rate
  --------------------------------------------------------------------------------
  media_impressions_clara_dv360                 Impressions      0.001609  (CPM (GBP / 1000 imps))
  media_impressions_clara_google                Impressions      0.009663  (CPM (GBP / 1000 imps))
  media_impressions_clara_linkedin              Impressions      0.011635  (CPM (GBP / 1000 imps))
  media_clicks_clara_meta                       Clicks           0.618895  (CPC (GBP / click))
2026-06-04 20:02:22 | INFO     | analyze:150 | 
[CURVES] Computing steady-state response curves...
2026-06-04 20:02:22 | INFO     | analysis:509 |   [RC] media_impressions_clara_dv360  max_response=0.6163 (@ spend=1.500 scaled)
2026-06-04 20:02:22 | INFO     | analysis:509 |   [RC] media_impressions_clara_google max_response=1.0753 (@ spend=1.500 scaled)
2026-06-04 20:02:22 | INFO     | analysis:509 |   [RC] media_impressions_clara_linkedin max_response=0.4565 (@ spend=1.500 scaled)
2026-06-04 20:02:22 | INFO     | analysis:509 |   [RC] media_clicks_clara_meta        max_response=0.5522 (@ spend=1.500 scaled)
2026-06-04 20:02:22 | INFO     | analysis:515 |   Response curves computed for 4 channels x 100 spend points.
2026-06-04 20:02:22 | INFO     | analysis:509 |   [RC] media_impressions_clara_dv360  max_response=0.6163 (@ spend=1.500 scaled)
2026-06-04 20:02:22 | INFO     | analysis:509 |   [RC] media_impressions_clara_google max_response=1.0753 (@ spend=1.500 scaled)
2026-06-04 20:02:22 | INFO     | analysis:509 |   [RC] media_impressions_clara_linkedin max_response=0.4565 (@ spend=1.500 scaled)
2026-06-04 20:02:22 | INFO     | analysis:509 |   [RC] media_clicks_clara_meta        max_response=0.5522 (@ spend=1.500 scaled)
2026-06-04 20:02:22 | INFO     | analysis:515 |   Response curves computed for 4 channels x 101 spend points.
2026-06-04 20:02:22 | INFO     | analysis:554 |   Marginal ROI curves computed.
2026-06-04 20:02:22 | INFO     | analysis:509 |   [RC] media_impressions_clara_dv360  max_response=0.6539 (@ spend=5.000 scaled)
2026-06-04 20:02:22 | INFO     | analysis:509 |   [RC] media_impressions_clara_google max_response=1.0801 (@ spend=5.000 scaled)
2026-06-04 20:02:22 | INFO     | analysis:509 |   [RC] media_impressions_clara_linkedin max_response=1.3068 (@ spend=5.000 scaled)
2026-06-04 20:02:22 | INFO     | analysis:509 |   [RC] media_clicks_clara_meta        max_response=0.5543 (@ spend=5.000 scaled)
2026-06-04 20:02:22 | INFO     | analysis:515 |   Response curves computed for 4 channels x 200 spend points.
2026-06-04 20:02:22 | INFO     | analysis:633 |   [SATURATION] Analysis complete for 4 channels.
2026-06-04 20:02:22 | INFO     | analyze:161 | [CURVES] Saving plots...
2026-06-04 20:02:24 | INFO     | analysis:884 |   Saved: mmm_outputs_clara\response_curves\response_curves.png
2026-06-04 20:02:24 | INFO     | analysis:967 |   Saved: mmm_outputs_clara\response_curves\response_curve_media_impressions_clara_dv360.png
2026-06-04 20:02:24 | INFO     | analysis:967 |   Saved: mmm_outputs_clara\response_curves\response_curve_media_impressions_clara_google.png
2026-06-04 20:02:25 | INFO     | analysis:967 |   Saved: mmm_outputs_clara\response_curves\response_curve_media_impressions_clara_linkedin.png
2026-06-04 20:02:25 | INFO     | analysis:967 |   Saved: mmm_outputs_clara\response_curves\response_curve_media_clicks_clara_meta.png
2026-06-04 20:02:25 | INFO     | analyze:172 |   Saved: mmm_outputs_clara\response_curves\response_curves.csv
2026-06-04 20:02:25 | INFO     | analyze:172 |   Saved: mmm_outputs_clara\response_curves\marginal_roi.csv
2026-06-04 20:02:25 | INFO     | analyze:172 |   Saved: mmm_outputs_clara\response_curves\saturation_analysis.csv
2026-06-04 20:02:25 | INFO     | analyze:175 | [CURVES] Computing multi-period response curves (1M/3M/6M/1Y)...
2026-06-04 20:02:25 | INFO     | analysis:770 |   [RC-MP] 1M   media_impressions_clara_dv360  obs_spend=GBP 956  max_resp=14.9130
2026-06-04 20:02:25 | INFO     | analysis:770 |   [RC-MP] 1M   media_impressions_clara_google obs_spend=GBP 38,356  max_resp=19.9167
2026-06-04 20:02:25 | INFO     | analysis:770 |   [RC-MP] 1M   media_impressions_clara_linkedin obs_spend=GBP 5,152  max_resp=5.1878
2026-06-04 20:02:25 | INFO     | analysis:770 |   [RC-MP] 1M   media_clicks_clara_meta        obs_spend=GBP 7,086  max_resp=15.3735
2026-06-04 20:02:26 | INFO     | analysis:770 |   [RC-MP] 3M   media_impressions_clara_dv360  obs_spend=GBP 3,108  max_resp=48.4672
2026-06-04 20:02:26 | INFO     | analysis:770 |   [RC-MP] 3M   media_impressions_clara_google obs_spend=GBP 124,658  max_resp=96.9550
2026-06-04 20:02:26 | INFO     | analysis:770 |   [RC-MP] 3M   media_impressions_clara_linkedin obs_spend=GBP 16,745  max_resp=16.8603
2026-06-04 20:02:26 | INFO     | analysis:770 |   [RC-MP] 3M   media_clicks_clara_meta        obs_spend=GBP 23,028  max_resp=72.7300
2026-06-04 20:02:26 | INFO     | analysis:770 |   [RC-MP] 6M   media_impressions_clara_dv360  obs_spend=GBP 6,217  max_resp=96.9344
2026-06-04 20:02:27 | INFO     | analysis:770 |   [RC-MP] 6M   media_impressions_clara_google obs_spend=GBP 249,315  max_resp=216.8021
2026-06-04 20:02:27 | INFO     | analysis:770 |   [RC-MP] 6M   media_impressions_clara_linkedin obs_spend=GBP 33,489  max_resp=33.7205
2026-06-04 20:02:28 | INFO     | analysis:770 |   [RC-MP] 6M   media_clicks_clara_meta        obs_spend=GBP 46,056  max_resp=158.8557
2026-06-04 20:02:29 | INFO     | analysis:770 |   [RC-MP] 1Y   media_impressions_clara_dv360  obs_spend=GBP 12,434  max_resp=193.8688
2026-06-04 20:02:29 | INFO     | analysis:770 |   [RC-MP] 1Y   media_impressions_clara_google obs_spend=GBP 498,630  max_resp=458.7866
2026-06-04 20:02:30 | INFO     | analysis:770 |   [RC-MP] 1Y   media_impressions_clara_linkedin obs_spend=GBP 66,978  max_resp=67.4410
2026-06-04 20:02:30 | INFO     | analysis:770 |   [RC-MP] 1Y   media_clicks_clara_meta        obs_spend=GBP 92,113  max_resp=331.2022
2026-06-04 20:02:30 | INFO     | analysis:777 |   Multi-period response curves: 4 periods x 4 channels x 150 points.
2026-06-04 20:02:31 | INFO     | analyze:180 |   Saved: mmm_outputs_clara\response_curves\response_curves_multiperiod.csv
2026-06-04 20:02:31 | INFO     | analyze:184 | [CURVES] Done.
2026-06-04 20:02:31 | INFO     | analyze:552 | 
──────────────────────────────────────────────────
  Forward Optimisation
──────────────────────────────────────────────────
2026-06-04 20:02:31 | INFO     | pipeline:196 | [LOAD] trace.nc  <- mmm_outputs_clara\trace.nc
2026-06-04 20:02:31 | INFO     | pipeline:199 | [LOAD] prep.pkl  <- mmm_outputs_clara\prep.pkl
2026-06-04 20:02:31 | DEBUG    | optimisation:1877 |   [CPP] Loaded source CSV: wkly_clara_data_31Jul 2.csv
2026-06-04 20:02:31 | INFO     | optimisation:1903 |   [CPP] media_impressions_clara_dv360             Impressions      CPM (GBP / 1000 imps) = 0.001609  [computed from data]
2026-06-04 20:02:31 | INFO     | optimisation:1903 |   [CPP] media_impressions_clara_google            Impressions      CPM (GBP / 1000 imps) = 0.009663  [computed from data]
2026-06-04 20:02:31 | INFO     | optimisation:1903 |   [CPP] media_impressions_clara_linkedin          Impressions      CPM (GBP / 1000 imps) = 0.011635  [computed from data]
2026-06-04 20:02:31 | INFO     | optimisation:1903 |   [CPP] media_clicks_clara_meta                   Clicks           CPC (GBP / click) = 0.618895  [computed from data]
2026-06-04 20:02:31 | INFO     | analyze:99 | 
  Channel metric types and cost-per-unit rates:
  Channel                                       Metric           Rate
  --------------------------------------------------------------------------------
  media_impressions_clara_dv360                 Impressions      0.001609  (CPM (GBP / 1000 imps))
  media_impressions_clara_google                Impressions      0.009663  (CPM (GBP / 1000 imps))
  media_impressions_clara_linkedin              Impressions      0.011635  (CPM (GBP / 1000 imps))
  media_clicks_clara_meta                       Clicks           0.618895  (CPC (GBP / click))
2026-06-04 20:02:31 | INFO     | analyze:204 | 
[OPTIMISE] Forward optimisation | period=monthly | budget=observed mean
2026-06-04 20:02:32 | INFO     | optimisation:460 |   [OPT] total_budget not specified — using observed monthly spend: 56,039.54
2026-06-04 20:02:32 | INFO     | optimisation:467 |   [OPT FORWARD] period=monthly (4.35 model-periods) | total_budget_spend=56,039.54 | per-period-spend=12,887.5910
2026-06-04 20:02:32 | INFO     | optimisation:501 |   [ACHIEVABILITY] response achievable within bounds: [660.5030, 1,044.6205]
2026-06-04 20:02:40 | WARNING  | optimisation:565 |   [OPTIMISE] 200/200 SLSQP runs did not converge — using current spend allocation as fallback for those samples.
2026-06-04 20:02:40 | WARNING  | optimisation:571 |   [OPTIMISE] 200/200 samples violated bounds or budget constraint (>1% tolerance).
2026-06-04 20:02:40 | INFO     | optimisation:671 |   [OPTIMISE FORWARD] expected_response=683.4682 | current_response=40.5373 | pct_change=+1586.0% | convergence=0.0%
2026-06-04 20:02:40 | INFO     | optimisation:677 | 
                         channel  current_spend_£  optimal_spend_£_mean  pct_change_spend  current_response  response_mean  pct_change_response  current_roi  optimal_roi
   media_impressions_clara_dv360          1039.75             452257.49          43396.62            1.2910        95.7024              7313.29     0.001242     0.000212
  media_impressions_clara_google         41696.34            3020617.43           7144.32            5.9557       153.3052              2474.09     0.000143     0.000051
media_impressions_clara_linkedin          5600.83             336956.02           5916.18           29.1647       412.5203              1314.45     0.005207     0.001224
         media_clicks_clara_meta          7702.62               8712.04             13.10            4.1259        21.9402               431.77     0.000536     0.002518
                           TOTAL         56039.54            3818542.97           6714.02           40.5373       683.4682              1586.02     0.000723     0.000179
2026-06-04 20:02:40 | INFO     | analyze:215 |   Saved: mmm_outputs_clara\budget_optimisation.csv
2026-06-04 20:02:41 | INFO     | export:338 |   Updated model_results.xlsx — added tabs: ['Forward Optimisation']
2026-06-04 20:02:41 | INFO     | analyze:239 | [OPTIMISE] Done.
2026-06-04 20:02:41 | INFO     | analyze:552 | 
──────────────────────────────────────────────────
  Reverse Optimisation
──────────────────────────────────────────────────
2026-06-04 20:02:41 | INFO     | pipeline:196 | [LOAD] trace.nc  <- mmm_outputs_clara\trace.nc
2026-06-04 20:02:41 | INFO     | pipeline:199 | [LOAD] prep.pkl  <- mmm_outputs_clara\prep.pkl
2026-06-04 20:02:41 | DEBUG    | optimisation:1877 |   [CPP] Loaded source CSV: wkly_clara_data_31Jul 2.csv
2026-06-04 20:02:41 | INFO     | optimisation:1903 |   [CPP] media_impressions_clara_dv360             Impressions      CPM (GBP / 1000 imps) = 0.001609  [computed from data]
2026-06-04 20:02:41 | INFO     | optimisation:1903 |   [CPP] media_impressions_clara_google            Impressions      CPM (GBP / 1000 imps) = 0.009663  [computed from data]
2026-06-04 20:02:41 | INFO     | optimisation:1903 |   [CPP] media_impressions_clara_linkedin          Impressions      CPM (GBP / 1000 imps) = 0.011635  [computed from data]
2026-06-04 20:02:41 | INFO     | optimisation:1903 |   [CPP] media_clicks_clara_meta                   Clicks           CPC (GBP / click) = 0.618895  [computed from data]
2026-06-04 20:02:41 | INFO     | analyze:99 | 
  Channel metric types and cost-per-unit rates:
  Channel                                       Metric           Rate
  --------------------------------------------------------------------------------
  media_impressions_clara_dv360                 Impressions      0.001609  (CPM (GBP / 1000 imps))
  media_impressions_clara_google                Impressions      0.009663  (CPM (GBP / 1000 imps))
  media_impressions_clara_linkedin              Impressions      0.011635  (CPM (GBP / 1000 imps))
  media_clicks_clara_meta                       Clicks           0.618895  (CPC (GBP / click))
2026-06-04 20:02:41 | INFO     | analyze:260 | 
[REVERSE] Reverse optimisation | period=monthly | target=observed mean
2026-06-04 20:02:41 | INFO     | optimisation:749 |   [OPT REVERSE] target_response not specified — using observed monthly response: 707.7829
2026-06-04 20:02:41 | INFO     | optimisation:757 |   [OPT REVERSE] period=monthly (4.35 model-periods) | target_response=707.7829 | per-period-model=5.042370
2026-06-04 20:02:41 | INFO     | optimisation:788 |   [ACHIEVABILITY] response achievable within bounds: [660.5030, 1,044.6205] | target=707.7829 | achievable=True
2026-06-04 20:02:43 | WARNING  | optimisation:860 |   [OPTIMISE REVERSE] 84/200 SLSQP runs did not converge — current spend used as fallback for those samples.
2026-06-04 20:02:43 | INFO     | optimisation:945 |   [OPTIMISE REVERSE] min_spend_£=3,845,874.25 | achieved=712.3198 | target=707.7829 | achievable=True | convergence=58.0%
2026-06-04 20:02:43 | INFO     | optimisation:951 | 
                         channel  current_spend_£  min_spend_£_mean  pct_change_spend  achieved_response_mean  current_cpa  optimal_cpa
   media_impressions_clara_dv360          1039.75         452257.49          43396.62                 95.7024   805.412932  4725.665901
  media_impressions_clara_google         41696.34        3020617.43           7144.32                153.3052  7001.069680 19703.293996
media_impressions_clara_linkedin          5600.83         363077.42           6382.57                434.0364   192.041326   836.513772
         media_clicks_clara_meta          7702.62           9921.91             28.81                 29.2759  1866.901319   338.910984
                           TOTAL         56039.54        3845874.25           6762.79                712.3198  1382.419192  5399.083404
2026-06-04 20:02:43 | INFO     | analyze:272 |   Saved: mmm_outputs_clara\spend_target_optimisation.csv
2026-06-04 20:02:43 | INFO     | export:338 |   Updated model_results.xlsx — added tabs: ['Forward Optimisation', 'Reverse Optimisation']
2026-06-04 20:02:43 | INFO     | analyze:279 | [REVERSE] Done.
2026-06-04 20:02:43 | INFO     | analyze:552 | 
──────────────────────────────────────────────────
  Scenarios
──────────────────────────────────────────────────
2026-06-04 20:02:43 | INFO     | pipeline:196 | [LOAD] trace.nc  <- mmm_outputs_clara\trace.nc
2026-06-04 20:02:43 | INFO     | pipeline:199 | [LOAD] prep.pkl  <- mmm_outputs_clara\prep.pkl
2026-06-04 20:02:43 | DEBUG    | optimisation:1877 |   [CPP] Loaded source CSV: wkly_clara_data_31Jul 2.csv
2026-06-04 20:02:43 | INFO     | optimisation:1903 |   [CPP] media_impressions_clara_dv360             Impressions      CPM (GBP / 1000 imps) = 0.001609  [computed from data]
2026-06-04 20:02:43 | INFO     | optimisation:1903 |   [CPP] media_impressions_clara_google            Impressions      CPM (GBP / 1000 imps) = 0.009663  [computed from data]
2026-06-04 20:02:43 | INFO     | optimisation:1903 |   [CPP] media_impressions_clara_linkedin          Impressions      CPM (GBP / 1000 imps) = 0.011635  [computed from data]
2026-06-04 20:02:43 | INFO     | optimisation:1903 |   [CPP] media_clicks_clara_meta                   Clicks           CPC (GBP / click) = 0.618895  [computed from data]
2026-06-04 20:02:43 | INFO     | analyze:99 | 
  Channel metric types and cost-per-unit rates:
  Channel                                       Metric           Rate
  --------------------------------------------------------------------------------
  media_impressions_clara_dv360                 Impressions      0.001609  (CPM (GBP / 1000 imps))
  media_impressions_clara_google                Impressions      0.009663  (CPM (GBP / 1000 imps))
  media_impressions_clara_linkedin              Impressions      0.011635  (CPM (GBP / 1000 imps))
  media_clicks_clara_meta                       Clicks           0.618895  (CPC (GBP / click))
2026-06-04 20:02:43 | INFO     | analyze:308 | 
[SCENARIOS] Running 5 scenario(s) | period=monthly
2026-06-04 20:02:43 | INFO     | analysis:1135 | 
[SCENARIO] -- Current spend (current) ----------------
2026-06-04 20:02:43 | INFO     | analysis:1251 |   [SCENARIO] Current spend: spend=£56,040 | response=39.7045 | ROI=0.0007
2026-06-04 20:02:43 | INFO     | analysis:1135 | 
[SCENARIO] -- -20% budget (budget_pct) ----------------
2026-06-04 20:02:44 | INFO     | optimisation:467 |   [OPT FORWARD] period=monthly (4.35 model-periods) | total_budget_spend=44,831.63 | per-period-spend=10,310.0728
2026-06-04 20:02:44 | INFO     | optimisation:501 |   [ACHIEVABILITY] response achievable within bounds: [24.2704, 234.5797]
2026-06-04 20:03:29 | WARNING  | optimisation:565 |   [OPTIMISE] 20/500 SLSQP runs did not converge — using current spend allocation as fallback for those samples.
2026-06-04 20:03:29 | WARNING  | optimisation:571 |   [OPTIMISE] 20/500 samples violated bounds or budget constraint (>1% tolerance).
2026-06-04 20:03:29 | INFO     | optimisation:671 |   [OPTIMISE FORWARD] expected_response=162.7811 | current_response=39.7045 | pct_change=+310.0% | convergence=96.0%
2026-06-04 20:03:29 | INFO     | optimisation:677 | 
                         channel  current_spend_£  optimal_spend_£_mean  pct_change_spend  current_response  response_mean  pct_change_response  current_roi  optimal_roi
   media_impressions_clara_dv360          1039.75               4802.29            361.87            1.2507        51.0402              3980.97     0.001203     0.010628
  media_impressions_clara_google         41696.34              14759.57            -64.60            6.1472        15.7986               157.00     0.000147     0.001070
media_impressions_clara_linkedin          5600.83              11576.34            106.69           27.7183        43.4387                56.72     0.004949     0.003752
         media_clicks_clara_meta          7702.62              13693.43             77.78            4.5883        52.5036              1044.29     0.000596     0.003834
                           TOTAL         56039.54              44831.63            -20.00           39.7045       162.7811               309.98     0.000709     0.003631
2026-06-04 20:03:29 | INFO     | analysis:1251 |   [SCENARIO] -20% budget: spend=£44,832 | response=162.7811 | ROI=0.0036
2026-06-04 20:03:29 | INFO     | analysis:1135 | 
[SCENARIO] -- -10% budget (budget_pct) ----------------
2026-06-04 20:03:29 | INFO     | optimisation:467 |   [OPT FORWARD] period=monthly (4.35 model-periods) | total_budget_spend=50,435.59 | per-period-spend=11,598.8319
2026-06-04 20:03:29 | INFO     | optimisation:501 |   [ACHIEVABILITY] response achievable within bounds: [24.2704, 245.1192]
2026-06-04 20:03:58 | WARNING  | optimisation:565 |   [OPTIMISE] 12/500 SLSQP runs did not converge — using current spend allocation as fallback for those samples.
2026-06-04 20:03:58 | WARNING  | optimisation:571 |   [OPTIMISE] 12/500 samples violated bounds or budget constraint (>1% tolerance).
2026-06-04 20:03:58 | INFO     | optimisation:671 |   [OPTIMISE FORWARD] expected_response=179.7803 | current_response=39.7045 | pct_change=+352.8% | convergence=97.6%
2026-06-04 20:03:58 | INFO     | optimisation:677 | 
                         channel  current_spend_£  optimal_spend_£_mean  pct_change_spend  current_response  response_mean  pct_change_response  current_roi  optimal_roi
   media_impressions_clara_dv360          1039.75               5052.76            385.96            1.2507        55.0521              4301.75     0.001203     0.010895
  media_impressions_clara_google         41696.34              18277.26            -56.17            6.1472        20.2060               228.70     0.000147     0.001106
media_impressions_clara_linkedin          5600.83              12029.36            114.78           27.7183        45.8701                65.49     0.004949     0.003813
         media_clicks_clara_meta          7702.62              15076.21             95.73            4.5883        58.6520              1178.29     0.000596     0.003890
                           TOTAL         56039.54              50435.59            -10.00           39.7045       179.7803               352.80     0.000709     0.003565
2026-06-04 20:03:58 | INFO     | analysis:1251 |   [SCENARIO] -10% budget: spend=£50,436 | response=179.7803 | ROI=0.0036
2026-06-04 20:03:58 | INFO     | analysis:1135 | 
[SCENARIO] -- +10% budget (budget_pct) ----------------
2026-06-04 20:03:58 | INFO     | optimisation:467 |   [OPT FORWARD] period=monthly (4.35 model-periods) | total_budget_spend=61,643.50 | per-period-spend=14,176.3501
2026-06-04 20:03:58 | INFO     | optimisation:501 |   [ACHIEVABILITY] response achievable within bounds: [24.2704, 271.1449]
2026-06-04 20:04:31 | WARNING  | optimisation:565 |   [OPTIMISE] 12/500 SLSQP runs did not converge — using current spend allocation as fallback for those samples.
2026-06-04 20:04:31 | WARNING  | optimisation:571 |   [OPTIMISE] 12/500 samples violated bounds or budget constraint (>1% tolerance).
2026-06-04 20:04:31 | INFO     | optimisation:671 |   [OPTIMISE FORWARD] expected_response=209.3422 | current_response=39.7045 | pct_change=+427.2% | convergence=97.6%
2026-06-04 20:04:31 | INFO     | optimisation:677 | 
                         channel  current_spend_£  optimal_spend_£_mean  pct_change_spend  current_response  response_mean  pct_change_response  current_roi  optimal_roi
   media_impressions_clara_dv360          1039.75               5216.54            401.71            1.2507        65.5074              5137.71     0.001203     0.012558
  media_impressions_clara_google         41696.34              29736.08            -28.68            6.1472        32.1058               422.28     0.000147     0.001080
media_impressions_clara_linkedin          5600.83              11792.10            110.54           27.7183        49.5328                78.70     0.004949     0.004201
         media_clicks_clara_meta          7702.62              14898.79             93.42            4.5883        62.1963              1255.54     0.000596     0.004175
                           TOTAL         56039.54              61643.50             10.00           39.7045       209.3422               427.25     0.000709     0.003396
2026-06-04 20:04:31 | INFO     | analysis:1251 |   [SCENARIO] +10% budget: spend=£61,644 | response=209.3422 | ROI=0.0034
2026-06-04 20:04:31 | INFO     | analysis:1135 | 
[SCENARIO] -- +20% budget (budget_pct) ----------------
2026-06-04 20:04:31 | INFO     | optimisation:467 |   [OPT FORWARD] period=monthly (4.35 model-periods) | total_budget_spend=67,247.45 | per-period-spend=15,465.1092
2026-06-04 20:04:31 | INFO     | optimisation:501 |   [ACHIEVABILITY] response achievable within bounds: [24.2704, 286.4027]
2026-06-04 20:05:31 | WARNING  | optimisation:565 |   [OPTIMISE] 21/500 SLSQP runs did not converge — using current spend allocation as fallback for those samples.
2026-06-04 20:05:31 | WARNING  | optimisation:571 |   [OPTIMISE] 21/500 samples violated bounds or budget constraint (>1% tolerance).
2026-06-04 20:05:32 | INFO     | optimisation:671 |   [OPTIMISE FORWARD] expected_response=219.7727 | current_response=39.7045 | pct_change=+453.5% | convergence=95.8%
2026-06-04 20:05:32 | INFO     | optimisation:677 | 
                         channel  current_spend_£  optimal_spend_£_mean  pct_change_spend  current_response  response_mean  pct_change_response  current_roi  optimal_roi
   media_impressions_clara_dv360          1039.75               5204.18            400.52            1.2507        68.5555              5381.42     0.001203     0.013173
  media_impressions_clara_google         41696.34              36481.76            -12.51            6.1472        39.8148               547.69     0.000147     0.001091
media_impressions_clara_linkedin          5600.83              11345.00            102.56           27.7183        49.1992                77.50     0.004949     0.004337
         media_clicks_clara_meta          7702.62              14216.52             84.57            4.5883        62.2031              1255.69     0.000596     0.004375
                           TOTAL         56039.54              67247.45             20.00           39.7045       219.7727               453.52     0.000709     0.003268
2026-06-04 20:05:32 | INFO     | analysis:1251 |   [SCENARIO] +20% budget: spend=£67,247 | response=219.7727 | ROI=0.0033
2026-06-04 20:05:32 | INFO     | analysis:1259 | 
[SCENARIOS] Complete — 5 scenario(s) evaluated.
2026-06-04 20:05:32 | INFO     | analysis:1261 | 
     scenario  total_spend_£  pct_change_spend  total_response_mean  pct_change_response  overall_roi_£
Current spend       56039.54               0.0              39.7045                  0.0         0.0007
  -20% budget       44831.63             -20.0             162.7811                310.0         0.0036
  -10% budget       50435.59             -10.0             179.7803                352.8         0.0036
  +10% budget       61643.50              10.0             209.3422                427.3         0.0034
  +20% budget       67247.45              20.0             219.7727                453.5         0.0033
2026-06-04 20:05:32 | INFO     | analyze:320 |   Saved: scenarios/scenario_comparison.csv + scenario_channel_detail.csv
2026-06-04 20:05:33 | INFO     | analysis:1440 |   Saved: mmm_outputs_clara\scenarios\scenario_comparison.png
2026-06-04 20:05:33 | INFO     | analysis:1486 |   Saved: mmm_outputs_clara\scenarios\scenario_roi_comparison.png
2026-06-04 20:05:33 | INFO     | analyze:327 | [SCENARIOS] Done.
2026-06-04 20:05:33 | INFO     | analyze:552 | 
──────────────────────────────────────────────────
  HTML Report
──────────────────────────────────────────────────
2026-06-04 20:05:33 | INFO     | pipeline:196 | [LOAD] trace.nc  <- mmm_outputs_clara\trace.nc
2026-06-04 20:05:34 | INFO     | pipeline:199 | [LOAD] prep.pkl  <- mmm_outputs_clara\prep.pkl
2026-06-04 20:05:34 | DEBUG    | optimisation:1877 |   [CPP] Loaded source CSV: wkly_clara_data_31Jul 2.csv
2026-06-04 20:05:34 | INFO     | optimisation:1903 |   [CPP] media_impressions_clara_dv360             Impressions      CPM (GBP / 1000 imps) = 0.001609  [computed from data]
2026-06-04 20:05:34 | INFO     | optimisation:1903 |   [CPP] media_impressions_clara_google            Impressions      CPM (GBP / 1000 imps) = 0.009663  [computed from data]
2026-06-04 20:05:34 | INFO     | optimisation:1903 |   [CPP] media_impressions_clara_linkedin          Impressions      CPM (GBP / 1000 imps) = 0.011635  [computed from data]
2026-06-04 20:05:34 | INFO     | optimisation:1903 |   [CPP] media_clicks_clara_meta                   Clicks           CPC (GBP / click) = 0.618895  [computed from data]
2026-06-04 20:05:34 | INFO     | analyze:99 | 
  Channel metric types and cost-per-unit rates:
  Channel                                       Metric           Rate
  --------------------------------------------------------------------------------
  media_impressions_clara_dv360                 Impressions      0.001609  (CPM (GBP / 1000 imps))
  media_impressions_clara_google                Impressions      0.009663  (CPM (GBP / 1000 imps))
  media_impressions_clara_linkedin              Impressions      0.011635  (CPM (GBP / 1000 imps))
  media_clicks_clara_meta                       Clicks           0.618895  (CPC (GBP / click))
2026-06-04 20:05:34 | INFO     | analyze:428 | [REPORT 1/3] Response curves...
2026-06-04 20:05:34 | INFO     | analysis:509 |   [RC] media_impressions_clara_dv360  max_response=0.6163 (@ spend=1.500 scaled)
2026-06-04 20:05:34 | INFO     | analysis:509 |   [RC] media_impressions_clara_google max_response=1.0753 (@ spend=1.500 scaled)
2026-06-04 20:05:34 | INFO     | analysis:509 |   [RC] media_impressions_clara_linkedin max_response=0.4565 (@ spend=1.500 scaled)
2026-06-04 20:05:34 | INFO     | analysis:509 |   [RC] media_clicks_clara_meta        max_response=0.5522 (@ spend=1.500 scaled)
2026-06-04 20:05:34 | INFO     | analysis:515 |   Response curves computed for 4 channels x 100 spend points.
2026-06-04 20:05:34 | INFO     | analysis:509 |   [RC] media_impressions_clara_dv360  max_response=0.6163 (@ spend=1.500 scaled)
2026-06-04 20:05:34 | INFO     | analysis:509 |   [RC] media_impressions_clara_google max_response=1.0753 (@ spend=1.500 scaled)
2026-06-04 20:05:34 | INFO     | analysis:509 |   [RC] media_impressions_clara_linkedin max_response=0.4565 (@ spend=1.500 scaled)
2026-06-04 20:05:34 | INFO     | analysis:509 |   [RC] media_clicks_clara_meta        max_response=0.5522 (@ spend=1.500 scaled)
2026-06-04 20:05:34 | INFO     | analysis:515 |   Response curves computed for 4 channels x 101 spend points.
2026-06-04 20:05:34 | INFO     | analysis:554 |   Marginal ROI curves computed.
2026-06-04 20:05:34 | INFO     | analysis:509 |   [RC] media_impressions_clara_dv360  max_response=0.6539 (@ spend=5.000 scaled)
2026-06-04 20:05:34 | INFO     | analysis:509 |   [RC] media_impressions_clara_google max_response=1.0801 (@ spend=5.000 scaled)
2026-06-04 20:05:34 | INFO     | analysis:509 |   [RC] media_impressions_clara_linkedin max_response=1.3068 (@ spend=5.000 scaled)
2026-06-04 20:05:34 | INFO     | analysis:509 |   [RC] media_clicks_clara_meta        max_response=0.5543 (@ spend=5.000 scaled)
2026-06-04 20:05:34 | INFO     | analysis:515 |   Response curves computed for 4 channels x 200 spend points.
2026-06-04 20:05:34 | INFO     | analysis:633 |   [SATURATION] Analysis complete for 4 channels.
2026-06-04 20:05:36 | INFO     | analysis:884 |   Saved: mmm_outputs_clara\response_curves\response_curves.png
2026-06-04 20:05:36 | INFO     | analysis:967 |   Saved: mmm_outputs_clara\response_curves\response_curve_media_impressions_clara_dv360.png
2026-06-04 20:05:37 | INFO     | analysis:967 |   Saved: mmm_outputs_clara\response_curves\response_curve_media_impressions_clara_google.png
2026-06-04 20:05:37 | INFO     | analysis:967 |   Saved: mmm_outputs_clara\response_curves\response_curve_media_impressions_clara_linkedin.png
2026-06-04 20:05:38 | INFO     | analysis:967 |   Saved: mmm_outputs_clara\response_curves\response_curve_media_clicks_clara_meta.png
2026-06-04 20:05:38 | INFO     | analyze:452 | [REPORT 2/3] Budget optimisation scenarios...
2026-06-04 20:05:38 | INFO     | optimisation:467 |   [OPT FORWARD] period=monthly (4.35 model-periods) | total_budget_spend=56,039.54 | per-period-spend=12,887.5910
2026-06-04 20:05:38 | INFO     | optimisation:501 |   [ACHIEVABILITY] response achievable within bounds: [30.5443, 63.2221]
2026-06-04 20:05:46 | WARNING  | optimisation:565 |   [OPTIMISE] 1/200 SLSQP runs did not converge — using current spend allocation as fallback for those samples.
2026-06-04 20:05:46 | WARNING  | optimisation:571 |   [OPTIMISE] 1/200 samples violated bounds or budget constraint (>1% tolerance).
2026-06-04 20:05:46 | INFO     | optimisation:671 |   [OPTIMISE FORWARD] expected_response=98.0043 | current_response=40.5373 | pct_change=+141.8% | convergence=99.5%
2026-06-04 20:05:46 | INFO     | optimisation:677 | 
                         channel  current_spend_£  optimal_spend_£_mean  pct_change_spend  current_response  response_mean  pct_change_response  current_roi  optimal_roi
   media_impressions_clara_dv360          1039.75               1218.36             17.18            1.2910        11.5309               793.21     0.001242     0.009464
  media_impressions_clara_google         41696.34              41114.85             -1.39            5.9557        27.1487               355.84     0.000143     0.000660
media_impressions_clara_linkedin          5600.83               4755.78            -15.09           29.1647        29.4255                 0.89     0.005207     0.006187
         media_clicks_clara_meta          7702.62               8950.56             16.20            4.1259        29.8992               624.67     0.000536     0.003340
                           TOTAL         56039.54              56039.54              0.00           40.5373        98.0043               141.76     0.000723     0.001749
2026-06-04 20:05:46 | INFO     | optimisation:467 |   [OPT FORWARD] period=monthly (4.35 model-periods) | total_budget_spend=44,831.63 | per-period-spend=10,310.0728
2026-06-04 20:05:46 | INFO     | optimisation:501 |   [ACHIEVABILITY] response achievable within bounds: [30.5443, 63.2221]
2026-06-04 20:05:53 | WARNING  | optimisation:565 |   [OPTIMISE] 1/200 SLSQP runs did not converge — using current spend allocation as fallback for those samples.
2026-06-04 20:05:53 | WARNING  | optimisation:571 |   [OPTIMISE] 1/200 samples violated bounds or budget constraint (>1% tolerance).
2026-06-04 20:05:53 | INFO     | optimisation:671 |   [OPTIMISE FORWARD] expected_response=81.9092 | current_response=40.5373 | pct_change=+102.1% | convergence=99.5%
2026-06-04 20:05:53 | INFO     | optimisation:677 | 
                         channel  current_spend_£  optimal_spend_£_mean  pct_change_spend  current_response  response_mean  pct_change_response  current_roi  optimal_roi
   media_impressions_clara_dv360          1039.75               1158.09             11.38            1.2910        11.2295               769.86     0.001242     0.009697
  media_impressions_clara_google         41696.34              30841.53            -26.03            5.9557        14.1983               138.40     0.000143     0.000460
media_impressions_clara_linkedin          5600.83               4318.36            -22.90           29.1647        28.7569                -1.40     0.005207     0.006659
         media_clicks_clara_meta          7702.62               8513.65             10.53            4.1259        27.7245               571.97     0.000536     0.003256
                           TOTAL         56039.54              44831.63            -20.00           40.5373        81.9092               102.06     0.000723     0.001827
2026-06-04 20:05:53 | INFO     | optimisation:467 |   [OPT FORWARD] period=monthly (4.35 model-periods) | total_budget_spend=50,435.59 | per-period-spend=11,598.8319
2026-06-04 20:05:53 | INFO     | optimisation:501 |   [ACHIEVABILITY] response achievable within bounds: [30.5443, 63.2221]
2026-06-04 20:06:00 | WARNING  | optimisation:565 |   [OPTIMISE] 3/200 SLSQP runs did not converge — using current spend allocation as fallback for those samples.
2026-06-04 20:06:00 | WARNING  | optimisation:571 |   [OPTIMISE] 3/200 samples violated bounds or budget constraint (>1% tolerance).
2026-06-04 20:06:00 | INFO     | optimisation:671 |   [OPTIMISE FORWARD] expected_response=89.9914 | current_response=40.5373 | pct_change=+122.0% | convergence=98.5%
2026-06-04 20:06:00 | INFO     | optimisation:677 | 
                         channel  current_spend_£  optimal_spend_£_mean  pct_change_spend  current_response  response_mean  pct_change_response  current_roi  optimal_roi
   media_impressions_clara_dv360          1039.75               1191.11             14.56            1.2910        11.4108               783.90     0.001242     0.009580
  media_impressions_clara_google         41696.34              35452.93            -14.97            5.9557        19.8001               232.46     0.000143     0.000558
media_impressions_clara_linkedin          5600.83               4936.83            -11.86           29.1647        29.5598                 1.35     0.005207     0.005988
         media_clicks_clara_meta          7702.62               8854.71             14.96            4.1259        29.2206               608.23     0.000536     0.003300
                           TOTAL         56039.54              50435.59            -10.00           40.5373        89.9914               122.00     0.000723     0.001784
2026-06-04 20:06:00 | INFO     | optimisation:467 |   [OPT FORWARD] period=monthly (4.35 model-periods) | total_budget_spend=61,643.50 | per-period-spend=14,176.3501
2026-06-04 20:06:00 | INFO     | optimisation:501 |   [ACHIEVABILITY] response achievable within bounds: [30.5443, 63.2221]
2026-06-04 20:06:08 | WARNING  | optimisation:565 |   [OPTIMISE] 5/200 SLSQP runs did not converge — using current spend allocation as fallback for those samples.
2026-06-04 20:06:08 | WARNING  | optimisation:571 |   [OPTIMISE] 5/200 samples violated bounds or budget constraint (>1% tolerance).
2026-06-04 20:06:08 | INFO     | optimisation:671 |   [OPTIMISE FORWARD] expected_response=106.6724 | current_response=40.5373 | pct_change=+163.2% | convergence=97.5%
2026-06-04 20:06:08 | INFO     | optimisation:677 | 
                         channel  current_spend_£  optimal_spend_£_mean  pct_change_spend  current_response  response_mean  pct_change_response  current_roi  optimal_roi
   media_impressions_clara_dv360          1039.75               1246.17             19.85            1.2910        11.5105               791.63     0.001242     0.009237
  media_impressions_clara_google         41696.34              46727.32             12.07            5.9557        35.9510               503.64     0.000143     0.000769
media_impressions_clara_linkedin          5600.83               4705.94            -15.98           29.1647        29.3444                 0.62     0.005207     0.006236
         media_clicks_clara_meta          7702.62               8964.07             16.38            4.1259        29.8664               623.88     0.000536     0.003332
                           TOTAL         56039.54              61643.50             10.00           40.5373       106.6724               163.15     0.000723     0.001730
2026-06-04 20:06:08 | INFO     | optimisation:467 |   [OPT FORWARD] period=monthly (4.35 model-periods) | total_budget_spend=67,247.45 | per-period-spend=15,465.1092
2026-06-04 20:06:08 | INFO     | optimisation:501 |   [ACHIEVABILITY] response achievable within bounds: [30.5443, 63.2221]
2026-06-04 20:06:16 | WARNING  | optimisation:565 |   [OPTIMISE] 1/200 SLSQP runs did not converge — using current spend allocation as fallback for those samples.
2026-06-04 20:06:16 | WARNING  | optimisation:571 |   [OPTIMISE] 1/200 samples violated bounds or budget constraint (>1% tolerance).
2026-06-04 20:06:16 | INFO     | optimisation:671 |   [OPTIMISE FORWARD] expected_response=115.8301 | current_response=40.5373 | pct_change=+185.7% | convergence=99.5%
2026-06-04 20:06:16 | INFO     | optimisation:677 | 
                         channel  current_spend_£  optimal_spend_£_mean  pct_change_spend  current_response  response_mean  pct_change_response  current_roi  optimal_roi
   media_impressions_clara_dv360          1039.75               1285.33             23.62            1.2910        11.6829               804.98     0.001242     0.009089
  media_impressions_clara_google         41696.34              51979.07             24.66            5.9557        44.6584               649.84     0.000143     0.000859
media_impressions_clara_linkedin          5600.83               4730.42            -15.54           29.1647        29.3279                 0.56     0.005207     0.006200
         media_clicks_clara_meta          7702.62               9252.63             20.12            4.1259        30.1610               631.02     0.000536     0.003260
                           TOTAL         56039.54              67247.45             20.00           40.5373       115.8301               185.74     0.000723     0.001722
2026-06-04 20:06:16 | INFO     | analyze:489 | [REPORT 3/3] Building HTML...
2026-06-04 20:06:16 | INFO     | analyze:531 | 
[REPORT] Saved: mmm_outputs_clara\mmm_report.html
2026-06-04 20:06:16 | INFO     | analyze:532 | [REPORT] Open in any browser — all charts are embedded, no other files needed.
2026-06-04 20:06:16 | INFO     | analyze:557 | 
[ALL] Complete.
2026-06-05 10:08:41 | WARNING  | main:87 | [PYTENSOR] g++ compiler not found — running on the Python backend (slower, but fully functional).  To enable the faster C backend: conda install -c conda-forge m2w64-toolchain  (Windows/conda)  |  sudo apt-get install g++ build-essential  (Linux/WSL)
2026-06-05 10:08:41 | INFO     | config:655 | [CONFIG] Loaded YAML config from: config_hier.yaml
2026-06-05 10:08:41 | INFO     | config:741 | [CONFIG] Schema built:
DataSchema: weekly data
  Date: date  |  Response: response_metric_inbound_deals_total
  Media channels: 4
    google                    -> media_impressions_clara_google (impressions, type=paid_search)
    dv360                     -> media_impressions_clara_dv360 (impressions, type=display)
    linkedin                  -> media_impressions_clara_linkedin (impressions, type=paid_social)
    meta                      -> media_impressions_clara_meta (impressions, type=paid_social)
  Event dummies: 1
    fraud_activity
2026-06-05 10:08:41 | INFO     | pipeline:351 | ======================================================================
2026-06-05 10:08:41 | INFO     | pipeline:352 |   BAYESIAN MARKET MIX MODEL - PRODUCTION PIPELINE (~20-30 min target)
2026-06-05 10:08:41 | INFO     | pipeline:353 | ======================================================================
2026-06-05 10:08:41 | INFO     | pipeline:354 |   CSV          : wkly_clara_data_31Jul 2.csv
2026-06-05 10:08:41 | INFO     | pipeline:355 |   Response     : response_metric_inbound_deals_total
2026-06-05 10:08:41 | INFO     | pipeline:356 |   Frequency    : weekly | dayfirst=True | holdout=0
2026-06-05 10:08:41 | INFO     | pipeline:357 |   Spend prefix : spends_
2026-06-05 10:08:41 | INFO     | pipeline:358 |   Media cols   : [prefix-based auto]
2026-06-05 10:08:41 | INFO     | pipeline:359 |   Output dir   : Bayesian_Output
2026-06-05 10:08:41 | INFO     | pipeline:360 |   Hierarchical : True | two-timescale adstock: False | synergies: False
2026-06-05 10:08:41 | INFO     | pipeline:361 |   Baseline     : gaussian_random_walk
2026-06-05 10:08:41 | INFO     | pipeline:362 |   Ranking      : lexicographic
2026-06-05 10:08:41 | INFO     | pipeline:363 |   Hybrid fast  : False
2026-06-05 10:08:41 | INFO     | pipeline:364 |   Runtime mode : fast_20m
2026-06-05 10:08:41 | INFO     | pipeline:365 |   Quality gate : accept quality_flag <= 2 | reject_if_all_bad=False
2026-06-05 10:08:41 | INFO     | pipeline:366 |   Skip Stage 0 : True
2026-06-05 10:08:41 | INFO     | pipeline:367 |   Skip MAP     : True
2026-06-05 10:08:41 | INFO     | pipeline:368 |   Use lag      : False
2026-06-05 10:08:41 | INFO     | pipeline:369 |   Time-varying betas : False
2026-06-05 10:08:41 | INFO     | pipeline:370 |   Dynamic saturation: False
2026-06-05 10:08:41 | INFO     | pipeline:371 |   Strict validation : False
2026-06-05 10:08:41 | INFO     | pipeline:372 |   Outlier detection : True
2026-06-05 10:08:41 | INFO     | pipeline:373 |   Stationarity test : True
2026-06-05 10:08:41 | INFO     | pipeline:374 |   Channel priors: custom (4 channels)
2026-06-05 10:08:41 | INFO     | pipeline:375 | ======================================================================
2026-06-05 10:08:41 | INFO     | pipeline:459 | [CONFIG] fast_20m caps applied — draws: 2000→800, tune: 1000→500, top_n_map: 8→8. YAML sampling.draws/tune values are overridden by runtime_mode='fast_20m'.
2026-06-05 10:08:41 | INFO     | pipeline:528 | 
[PREP] Loading and preprocessing data...
2026-06-05 10:08:41 | INFO     | data_prep:445 | Loading data from: wkly_clara_data_31Jul 2.csv
2026-06-05 10:08:41 | INFO     | data_prep:494 |   Rows after filter: 84
2026-06-05 10:08:41 | INFO     | data_prep:495 |   Date range: 2024-01-01 00:00:00 -> 2025-08-04 00:00:00
2026-06-05 10:08:41 | WARNING  | data_prep:518 | Response has <=0 values. (auto) Clipped to 0 for log1p/sqrt.
2026-06-05 10:08:41 | WARNING  | data_prep:556 | [DATA_PREP] Detected 2 outlier(s) in the response after transform. Review data quality or enable robust handling.
2026-06-05 10:08:42 | INFO     | data_prep:569 | [DATA_PREP] Stationarity checks: adf_stat=-16.9427, adf_pvalue=0.0000, kpss_stat=0.7403, kpss_pvalue=0.0100
2026-06-05 10:08:42 | INFO     | data_prep:581 |   Response transform: log1p | min=0, max=184, mean=102
2026-06-05 10:08:42 | INFO     | data_prep:612 |   Per-channel variable selections:
2026-06-05 10:08:42 | INFO     | data_prep:614 |     dv360                          -> media_impressions_clara_dv360
2026-06-05 10:08:42 | INFO     | data_prep:614 |     google                         -> media_impressions_clara_google
2026-06-05 10:08:42 | INFO     | data_prep:614 |     linkedin                       -> media_impressions_clara_linkedin
2026-06-05 10:08:42 | INFO     | data_prep:614 |     meta                           -> media_impressions_clara_meta
2026-06-05 10:08:42 | INFO     | data_prep:630 |   Media columns selected: ['media_impressions_clara_dv360', 'media_impressions_clara_google', 'media_impressions_clara_linkedin', 'media_impressions_clara_meta']
2026-06-05 10:08:42 | WARNING  | data_prep:766 | [DATA_PREP] fourier_order capped: requested 2 but T=84 weekly periods only supports 1 (need ~52 observations per order). Using fourier_order=1.
2026-06-05 10:08:42 | INFO     | data_prep:774 |   Fourier seasonality: frequency=weekly, period=52.18, order=1
2026-06-05 10:08:42 | INFO     | data_prep:811 |   T=84 weekly | C=4 channels | Fourier order=1
2026-06-05 10:08:42 | INFO     | data_prep:837 |   Channel families: ['display', 'search', 'social']
2026-06-05 10:08:42 | INFO     | data_prep:839 |     media_impressions_clara_dv360       -> display
2026-06-05 10:08:42 | INFO     | data_prep:839 |     media_impressions_clara_google      -> search
2026-06-05 10:08:42 | INFO     | data_prep:839 |     media_impressions_clara_linkedin    -> social
2026-06-05 10:08:42 | INFO     | data_prep:839 |     media_impressions_clara_meta        -> social
2026-06-05 10:08:42 | WARNING  | data_prep:1068 | [DATA_PREP] Event column(s) listed in YAML not found in CSV — they will be IGNORED: ['fraud_activity']
  Check spelling/case exactly matches the CSV header.   CSV columns available: ['date', 'panel', 'media_clicks_clara_dv360', 'media_clicks_clara_google', 'media_clicks_clara_linkedin', 'media_clicks_clara_meta', 'media_impressions_clara_dv360', 'media_impressions_clara_google', 'media_impressions_clara_linkedin', 'media_impressions_clara_meta', 'spends_clara_dv360', 'spends_clara_google', 'spends_clara_linkedin', 'spends_clara_meta', 'response_metric_inbound_deals_total', 'response_metric_inbound_signups_total']
2026-06-05 10:08:42 | DEBUG    | data_prep:1155 |   [RESET_MASK] 2 restart event(s) across 4 channels (gap threshold = 4 weeks)
2026-06-05 10:08:42 | INFO     | pipeline:532 | [PREP] Done in 0.8s
2026-06-05 10:08:42 | INFO     | priors:295 | [PRIOR-CFG] Validated 4 per-channel prior configs. Channels using defaults: []
2026-06-05 10:08:42 | INFO     | pipeline:615 | [S0] Skipped - using hybrid fast-scan winners if available
2026-06-05 10:08:42 | INFO     | pipeline:630 | 
[SPECS] Per-channel transform assignments:
2026-06-05 10:08:42 | INFO     | pipeline:632 |   [0] media_impressions_clara_dv360  -> geometric+softplus
2026-06-05 10:08:42 | INFO     | pipeline:632 |   [1] media_impressions_clara_google -> geometric+softplus
2026-06-05 10:08:42 | INFO     | pipeline:632 |   [2] media_impressions_clara_linkedin -> geometric+softplus
2026-06-05 10:08:42 | INFO     | pipeline:632 |   [3] media_impressions_clara_meta   -> geometric+softplus
2026-06-05 10:08:42 | INFO     | pipeline:634 | 
[GRID] Building full hyperparameter grid...
2026-06-05 10:08:42 | INFO     | config:329 | Full grid: 48 configurations
2026-06-05 10:08:42 | INFO     | config:361 | Pruned grid: 48 -> 48 unique (lag x fourier x adstock x sat) combinations
2026-06-05 10:08:42 | INFO     | pipeline:659 | [S1] MAP pre-screen skipped (pruned grid small enough or skip_map=True)
2026-06-05 10:08:42 | INFO     | pipeline_stages:426 | ============================================================
2026-06-05 10:08:42 | INFO     | pipeline_stages:427 | STAGE 1b - FAST MCMC SCAN
2026-06-05 10:08:42 | INFO     | pipeline_stages:430 |   Configs: 8 | Fast mode: 60 draws, 1 chain(s)
2026-06-05 10:08:42 | INFO     | pipeline_stages:431 |   Keeping top-1 for full refit
2026-06-05 10:08:42 | INFO     | pipeline_stages:433 |   Per-channel transforms: ENABLED
2026-06-05 10:08:42 | INFO     | pipeline_stages:434 | ============================================================
2026-06-05 10:08:42 | INFO     | pipeline_stages:440 | 
  [ 1/8] Fast MCMC: lag4_fo1_geometric_softplus_ta95
2026-06-05 10:08:42 | WARNING  | priors:334 | [MODEL_BUILDER] use_hierarchical=True (Case B (single-timescale)): adstock_lam_prior settings for 4 channel(s) are IGNORED: ['media_impressions_clara_google', 'media_impressions_clara_dv360', 'media_impressions_clara_linkedin', 'media_impressions_clara_meta']. In hierarchical mode, adstock decay is controlled by the family-level hl_slow_median hyperprior (priors.families in YAML), not per-channel adstock_lam_prior. To use per-channel adstock priors, set use_hierarchical=False.
2026-06-05 10:08:42 | DEBUG    | model_builder:548 |   Hierarchical geometric adstock (Case B): F=3 families, C=4 channels. Family lam medians: {'display': np.float64(0.707), 'search': np.float64(0.758), 'social': np.float64(0.63)}
2026-06-05 10:09:09 | DEBUG    | model_builder:1433 |   Sampling complete in 27.4s
2026-06-05 10:09:09 | WARNING  | metrics:217 | R-hat cannot be computed with only 1 chain - returning sentinel 1.0. Use chains >= 2 for production runs.
2026-06-05 10:09:11 | INFO     | metrics:1146 |   Temporal CV: 3 folds | mean MAPE=10.79% | mean RMSE=12.86
2026-06-05 10:09:11 | INFO     | pipeline_stages:463 |     [OK] qf=2 | MAPE=13.38% | R2=0.5626 | R-hat=1.0000 [estimated] | divs=0 | wall=27s
2026-06-05 10:09:11 | INFO     | pipeline_stages:440 | 
  [ 2/8] Fast MCMC: lag4_fo1_geometric_hill_ta95
2026-06-05 10:09:11 | WARNING  | priors:334 | [MODEL_BUILDER] use_hierarchical=True (Case B (single-timescale)): adstock_lam_prior settings for 4 channel(s) are IGNORED: ['media_impressions_clara_google', 'media_impressions_clara_dv360', 'media_impressions_clara_linkedin', 'media_impressions_clara_meta']. In hierarchical mode, adstock decay is controlled by the family-level hl_slow_median hyperprior (priors.families in YAML), not per-channel adstock_lam_prior. To use per-channel adstock priors, set use_hierarchical=False.
2026-06-05 10:09:11 | DEBUG    | model_builder:548 |   Hierarchical geometric adstock (Case B): F=3 families, C=4 channels. Family lam medians: {'display': np.float64(0.707), 'search': np.float64(0.758), 'social': np.float64(0.63)}
2026-06-05 10:09:25 | DEBUG    | model_builder:1433 |   Sampling complete in 13.8s
2026-06-05 10:09:25 | WARNING  | metrics:217 | R-hat cannot be computed with only 1 chain - returning sentinel 1.0. Use chains >= 2 for production runs.
2026-06-05 10:09:25 | INFO     | metrics:1146 |   Temporal CV: 3 folds | mean MAPE=10.42% | mean RMSE=12.42
2026-06-05 10:09:25 | INFO     | pipeline_stages:463 |     [OK] qf=2 | MAPE=13.08% | R2=0.5718 | R-hat=1.0000 [estimated] | divs=0 | wall=14s
2026-06-05 10:09:25 | INFO     | pipeline_stages:440 | 
  [ 3/8] Fast MCMC: lag4_fo1_geometric_logistic_ta95
2026-06-05 10:09:25 | WARNING  | priors:334 | [MODEL_BUILDER] use_hierarchical=True (Case B (single-timescale)): adstock_lam_prior settings for 4 channel(s) are IGNORED: ['media_impressions_clara_google', 'media_impressions_clara_dv360', 'media_impressions_clara_linkedin', 'media_impressions_clara_meta']. In hierarchical mode, adstock decay is controlled by the family-level hl_slow_median hyperprior (priors.families in YAML), not per-channel adstock_lam_prior. To use per-channel adstock priors, set use_hierarchical=False.
2026-06-05 10:09:25 | DEBUG    | model_builder:548 |   Hierarchical geometric adstock (Case B): F=3 families, C=4 channels. Family lam medians: {'display': np.float64(0.707), 'search': np.float64(0.758), 'social': np.float64(0.63)}
2026-06-05 10:09:37 | DEBUG    | model_builder:1433 |   Sampling complete in 11.7s
2026-06-05 10:09:37 | WARNING  | metrics:217 | R-hat cannot be computed with only 1 chain - returning sentinel 1.0. Use chains >= 2 for production runs.
2026-06-05 10:09:37 | INFO     | metrics:1146 |   Temporal CV: 3 folds | mean MAPE=10.24% | mean RMSE=12.14
2026-06-05 10:09:37 | INFO     | pipeline_stages:463 |     [OK] qf=2 | MAPE=13.14% | R2=0.5705 | R-hat=1.0000 [estimated] | divs=0 | wall=12s
2026-06-05 10:09:37 | INFO     | pipeline_stages:440 | 
  [ 4/8] Fast MCMC: lag4_fo1_geometric_exponential_ta95
2026-06-05 10:09:37 | WARNING  | priors:334 | [MODEL_BUILDER] use_hierarchical=True (Case B (single-timescale)): adstock_lam_prior settings for 4 channel(s) are IGNORED: ['media_impressions_clara_google', 'media_impressions_clara_dv360', 'media_impressions_clara_linkedin', 'media_impressions_clara_meta']. In hierarchical mode, adstock decay is controlled by the family-level hl_slow_median hyperprior (priors.families in YAML), not per-channel adstock_lam_prior. To use per-channel adstock priors, set use_hierarchical=False.
2026-06-05 10:09:37 | DEBUG    | model_builder:548 |   Hierarchical geometric adstock (Case B): F=3 families, C=4 channels. Family lam medians: {'display': np.float64(0.707), 'search': np.float64(0.758), 'social': np.float64(0.63)}
2026-06-05 10:09:47 | DEBUG    | model_builder:1433 |   Sampling complete in 10.0s
2026-06-05 10:09:47 | WARNING  | metrics:217 | R-hat cannot be computed with only 1 chain - returning sentinel 1.0. Use chains >= 2 for production runs.
2026-06-05 10:09:48 | INFO     | metrics:1146 |   Temporal CV: 3 folds | mean MAPE=10.06% | mean RMSE=12.26
2026-06-05 10:09:48 | INFO     | pipeline_stages:463 |     [OK] qf=2 | MAPE=13.03% | R2=0.5793 | R-hat=1.0000 [estimated] | divs=0 | wall=10s
2026-06-05 10:09:48 | INFO     | pipeline_stages:440 | 
  [ 5/8] Fast MCMC: lag4_fo1_weibull_softplus_ta95
2026-06-05 10:09:48 | WARNING  | priors:334 | [MODEL_BUILDER] use_hierarchical=True (Case B (single-timescale)): adstock_lam_prior settings for 4 channel(s) are IGNORED: ['media_impressions_clara_google', 'media_impressions_clara_dv360', 'media_impressions_clara_linkedin', 'media_impressions_clara_meta']. In hierarchical mode, adstock decay is controlled by the family-level hl_slow_median hyperprior (priors.families in YAML), not per-channel adstock_lam_prior. To use per-channel adstock priors, set use_hierarchical=False.
2026-06-05 10:09:48 | DEBUG    | model_builder:548 |   Hierarchical geometric adstock (Case B): F=3 families, C=4 channels. Family lam medians: {'display': np.float64(0.707), 'search': np.float64(0.758), 'social': np.float64(0.63)}
2026-06-05 10:10:00 | DEBUG    | model_builder:1433 |   Sampling complete in 12.3s
2026-06-05 10:10:00 | WARNING  | metrics:217 | R-hat cannot be computed with only 1 chain - returning sentinel 1.0. Use chains >= 2 for production runs.
2026-06-05 10:10:01 | INFO     | metrics:1146 |   Temporal CV: 3 folds | mean MAPE=9.63% | mean RMSE=11.71
2026-06-05 10:10:01 | INFO     | pipeline_stages:463 |     [OK] qf=2 | MAPE=12.85% | R2=0.5706 | R-hat=1.0000 [estimated] | divs=0 | wall=12s
2026-06-05 10:10:01 | INFO     | pipeline_stages:440 | 
  [ 6/8] Fast MCMC: lag4_fo1_weibull_hill_ta95
2026-06-05 10:10:01 | WARNING  | priors:334 | [MODEL_BUILDER] use_hierarchical=True (Case B (single-timescale)): adstock_lam_prior settings for 4 channel(s) are IGNORED: ['media_impressions_clara_google', 'media_impressions_clara_dv360', 'media_impressions_clara_linkedin', 'media_impressions_clara_meta']. In hierarchical mode, adstock decay is controlled by the family-level hl_slow_median hyperprior (priors.families in YAML), not per-channel adstock_lam_prior. To use per-channel adstock priors, set use_hierarchical=False.
2026-06-05 10:10:01 | DEBUG    | model_builder:548 |   Hierarchical geometric adstock (Case B): F=3 families, C=4 channels. Family lam medians: {'display': np.float64(0.707), 'search': np.float64(0.758), 'social': np.float64(0.63)}
2026-06-05 10:10:19 | DEBUG    | model_builder:1433 |   Sampling complete in 18.3s
2026-06-05 10:10:19 | WARNING  | metrics:217 | R-hat cannot be computed with only 1 chain - returning sentinel 1.0. Use chains >= 2 for production runs.
2026-06-05 10:10:20 | INFO     | metrics:1146 |   Temporal CV: 3 folds | mean MAPE=9.70% | mean RMSE=11.75
2026-06-05 10:10:20 | INFO     | pipeline_stages:463 |     [OK] qf=2 | MAPE=12.73% | R2=0.5957 | R-hat=1.0000 [estimated] | divs=0 | wall=18s
2026-06-05 10:10:20 | INFO     | pipeline_stages:440 | 
  [ 7/8] Fast MCMC: lag4_fo1_weibull_logistic_ta95
2026-06-05 10:10:20 | WARNING  | priors:334 | [MODEL_BUILDER] use_hierarchical=True (Case B (single-timescale)): adstock_lam_prior settings for 4 channel(s) are IGNORED: ['media_impressions_clara_google', 'media_impressions_clara_dv360', 'media_impressions_clara_linkedin', 'media_impressions_clara_meta']. In hierarchical mode, adstock decay is controlled by the family-level hl_slow_median hyperprior (priors.families in YAML), not per-channel adstock_lam_prior. To use per-channel adstock priors, set use_hierarchical=False.
2026-06-05 10:10:20 | DEBUG    | model_builder:548 |   Hierarchical geometric adstock (Case B): F=3 families, C=4 channels. Family lam medians: {'display': np.float64(0.707), 'search': np.float64(0.758), 'social': np.float64(0.63)}
2026-06-05 10:10:56 | DEBUG    | model_builder:1433 |   Sampling complete in 35.3s
2026-06-05 10:10:56 | WARNING  | metrics:217 | R-hat cannot be computed with only 1 chain - returning sentinel 1.0. Use chains >= 2 for production runs.
2026-06-05 10:10:58 | INFO     | metrics:1146 |   Temporal CV: 3 folds | mean MAPE=9.36% | mean RMSE=11.37
2026-06-05 10:10:58 | INFO     | pipeline_stages:463 |     [OK] qf=2 | MAPE=12.54% | R2=0.5898 | R-hat=1.0000 [estimated] | divs=0 | wall=35s
2026-06-05 10:10:58 | INFO     | pipeline_stages:440 | 
  [ 8/8] Fast MCMC: lag4_fo1_weibull_exponential_ta95
2026-06-05 10:10:58 | WARNING  | priors:334 | [MODEL_BUILDER] use_hierarchical=True (Case B (single-timescale)): adstock_lam_prior settings for 4 channel(s) are IGNORED: ['media_impressions_clara_google', 'media_impressions_clara_dv360', 'media_impressions_clara_linkedin', 'media_impressions_clara_meta']. In hierarchical mode, adstock decay is controlled by the family-level hl_slow_median hyperprior (priors.families in YAML), not per-channel adstock_lam_prior. To use per-channel adstock priors, set use_hierarchical=False.
2026-06-05 10:10:58 | DEBUG    | model_builder:548 |   Hierarchical geometric adstock (Case B): F=3 families, C=4 channels. Family lam medians: {'display': np.float64(0.707), 'search': np.float64(0.758), 'social': np.float64(0.63)}
2026-06-05 10:11:32 | DEBUG    | model_builder:1433 |   Sampling complete in 34.1s
2026-06-05 10:11:32 | WARNING  | metrics:217 | R-hat cannot be computed with only 1 chain - returning sentinel 1.0. Use chains >= 2 for production runs.
2026-06-05 10:11:33 | INFO     | metrics:1146 |   Temporal CV: 3 folds | mean MAPE=9.85% | mean RMSE=12.08
2026-06-05 10:11:34 | INFO     | pipeline_stages:463 |     [OK] qf=2 | MAPE=12.67% | R2=0.5900 | R-hat=1.0000 [estimated] | divs=0 | wall=34s
2026-06-05 10:11:34 | WARNING  | pipeline_stages:493 | [S1b] No models passed quality_flag <= 1. Falling back to top-K by ranking.
2026-06-05 10:11:34 | INFO     | pipeline_stages:502 | 
  Top-1 survivors for full refit:
2026-06-05 10:11:34 | INFO     | pipeline_stages:507 |     1. lag4_fo1_weibull_logistic_ta95                          | MAPE=12.54% | R-hat=1.0000 | LOO=N/A
2026-06-05 10:11:34 | INFO     | pipeline:78 | [TIMER] stage_1b_mcmc        2.9 min (171.8 s)  [8 models]
2026-06-05 10:11:34 | INFO     | pipeline_stages:544 | ============================================================
2026-06-05 10:11:34 | INFO     | pipeline_stages:545 | STAGE 2 - FULL REFIT
2026-06-05 10:11:34 | INFO     | pipeline_stages:546 |   Models to refit: 1 | Full settings: 800 draws, 2 chain(s)
2026-06-05 10:11:34 | INFO     | pipeline_stages:548 |   Per-channel transforms: ENABLED
2026-06-05 10:11:34 | INFO     | pipeline_stages:550 |     [0] media_impressions_clara_dv360  -> geometric+softplus
2026-06-05 10:11:34 | INFO     | pipeline_stages:550 |     [1] media_impressions_clara_google -> geometric+softplus
2026-06-05 10:11:34 | INFO     | pipeline_stages:550 |     [2] media_impressions_clara_linkedin -> geometric+softplus
2026-06-05 10:11:34 | INFO     | pipeline_stages:550 |     [3] media_impressions_clara_meta   -> geometric+softplus
2026-06-05 10:11:34 | INFO     | pipeline_stages:551 | ============================================================
2026-06-05 10:11:34 | INFO     | pipeline_stages:569 | 
  [1/1] Full refit: lag4_fo1_weibull_logistic_ta95
2026-06-05 10:11:34 | WARNING  | priors:334 | [MODEL_BUILDER] use_hierarchical=True (Case B (single-timescale)): adstock_lam_prior settings for 4 channel(s) are IGNORED: ['media_impressions_clara_google', 'media_impressions_clara_dv360', 'media_impressions_clara_linkedin', 'media_impressions_clara_meta']. In hierarchical mode, adstock decay is controlled by the family-level hl_slow_median hyperprior (priors.families in YAML), not per-channel adstock_lam_prior. To use per-channel adstock priors, set use_hierarchical=False.
2026-06-05 10:11:34 | DEBUG    | model_builder:548 |   Hierarchical geometric adstock (Case B): F=3 families, C=4 channels. Family lam medians: {'display': np.float64(0.707), 'search': np.float64(0.758), 'social': np.float64(0.63)}
2026-06-05 10:12:27 | DEBUG    | model_builder:1433 |   Sampling complete in 52.8s
2026-06-05 10:12:30 | INFO     | metrics:1146 |   Temporal CV: 3 folds | mean MAPE=10.77% | mean RMSE=12.78
2026-06-05 10:12:30 | INFO     | pipeline_stages:590 |     [OK] qf=2 | MAPE=13.53% | R2=0.5494 | R-hat=1.0074 | divs=0 | LOO=-42.68 | ESS=110 | wall=53s
2026-06-05 10:12:30 | INFO     | pipeline_stages:647 | 
  == Per-Channel Transform Summary ==
2026-06-05 10:12:30 | INFO     | pipeline_stages:650 |                          channel   adstock saturation  use_lag  lag_mode  lam_mean  alpha_sat_mean  beta_mean
   media_impressions_clara_dv360 geometric   softplus    False       NaN    2.0999             NaN        NaN
  media_impressions_clara_google geometric   softplus    False       NaN    2.9979             NaN        NaN
media_impressions_clara_linkedin geometric   softplus    False       NaN    3.1999             NaN        NaN
    media_impressions_clara_meta geometric   softplus    False       NaN    3.2391             NaN        NaN
2026-06-05 10:12:30 | INFO     | pipeline_stages:656 | 
  [BEST] BEST MODEL: lag4_fo1_weibull_logistic_ta95
2026-06-05 10:12:30 | INFO     | pipeline_stages:657 |     MAPE       : 13.5349%
2026-06-05 10:12:30 | INFO     | pipeline_stages:658 |     R2         : 0.5494
2026-06-05 10:12:30 | INFO     | pipeline_stages:659 |     Pearson r  : 0.8234
2026-06-05 10:12:30 | INFO     | pipeline_stages:660 |     Max R-hat  : 1.00738
2026-06-05 10:12:30 | INFO     | pipeline_stages:661 |     ESS bulk   : 110
2026-06-05 10:12:30 | INFO     | pipeline_stages:662 |     ESS tail   : 171
2026-06-05 10:12:30 | INFO     | pipeline_stages:663 |     Divergences: 0
2026-06-05 10:12:30 | INFO     | pipeline_stages:664 |     LOO-IC     : -42.6832
2026-06-05 10:12:30 | INFO     | pipeline_stages:665 |     WAIC       : -42.0308
2026-06-05 10:12:30 | INFO     | pipeline:78 | [TIMER] stage_2_full         0.9 min (56.7 s)  [1 models]
2026-06-05 10:12:30 | INFO     | pipeline:692 | 
[ANALYSIS] Computing channel contributions...
2026-06-05 10:12:30 | INFO     | pipeline:697 | 
  Channel Contribution Summary:
2026-06-05 10:12:30 | INFO     | pipeline:698 |                          channel  mean_share_pct  roi_proxy  hdi_90_low  hdi_90_high
    media_impressions_clara_meta         27.1984   0.095017    3.734465    49.968409
media_impressions_clara_linkedin         25.8000   0.241608    0.000030    47.714906
  media_impressions_clara_google         23.9495   0.025035    0.001135    47.146358
   media_impressions_clara_dv360         23.0521   0.160992    0.007450    44.712000
2026-06-05 10:12:30 | INFO     | pipeline:702 | 
  Component Contribution Summary:
2026-06-05 10:12:30 | INFO     | pipeline:703 |   component     group  share_abs_pct  mean_effect
media_total     media      52.059716     0.977024
   baseline non_media      46.383449    -0.870496
seasonality non_media       1.556835     0.019940
2026-06-05 10:12:30 | INFO     | pipeline:78 | [TIMER] analysis             0.0 min (0.2 s)
2026-06-05 10:12:30 | INFO     | pipeline:719 | 
======================================================================
2026-06-05 10:12:30 | INFO     | pipeline:720 |   PIPELINE COMPLETE
2026-06-05 10:12:30 | INFO     | pipeline:721 | ======================================================================
2026-06-05 10:12:30 | INFO     | pipeline:722 |   Total wall time   : 3.8 minutes
2026-06-05 10:12:30 | INFO     | pipeline:723 |   Best model key    : lag4_fo1_weibull_logistic_ta95
2026-06-05 10:12:30 | INFO     | pipeline:724 |   Fourier order     : 1
2026-06-05 10:12:30 | INFO     | pipeline:725 |   Max adstock lag   : 4
2026-06-05 10:12:30 | INFO     | pipeline:728 |   Quality flag      : 2 (0=best, 2=poor)
2026-06-05 10:12:30 | INFO     | pipeline:729 |   MAPE              : 13.5349%
2026-06-05 10:12:30 | INFO     | pipeline:730 |   R2                : 0.5494
2026-06-05 10:12:30 | INFO     | pipeline:731 |   Pearson r         : 0.8234
2026-06-05 10:12:30 | INFO     | pipeline:732 |   Max R-hat         : 1.00738
2026-06-05 10:12:30 | INFO     | pipeline:733 |   ESS bulk (min)    : 110
2026-06-05 10:12:30 | INFO     | pipeline:734 |   ESS tail (min)    : 171
2026-06-05 10:12:30 | INFO     | pipeline:735 |   Divergences       : 0
2026-06-05 10:12:30 | INFO     | pipeline:736 |   LOO-IC            : -42.6832 +/- 13.8043
2026-06-05 10:12:30 | INFO     | pipeline:737 |   WAIC              : -42.0308
2026-06-05 10:12:30 | INFO     | pipeline:741 | 
[PLOTS] Generating diagnostic plots...
2026-06-05 10:12:30 | INFO     | plots:1121 | Generating plots...
2026-06-05 10:12:32 | INFO     | plots:50 |   Saved: Bayesian_Output\01_actual_vs_fitted.png
2026-06-05 10:12:32 | INFO     | plots:50 |   Saved: Bayesian_Output\02_media_contributions.png
2026-06-05 10:12:33 | INFO     | plots:50 |   Saved: Bayesian_Output\03_channel_share.png
2026-06-05 10:12:38 | INFO     | plots:50 |   Saved: Bayesian_Output\04_convergence_diagnostics.png
2026-06-05 10:12:39 | INFO     | plots:50 |   Saved: Bayesian_Output\05_posterior_betas.png
2026-06-05 10:12:39 | INFO     | plots:50 |   Saved: Bayesian_Output\06_component_share.png
2026-06-05 10:12:43 | INFO     | plots:50 |   Saved: Bayesian_Output\07_az_trace.png
2026-06-05 10:12:43 | WARNING  | priors:334 | [MODEL_BUILDER] use_hierarchical=True (Case B (single-timescale)): adstock_lam_prior settings for 4 channel(s) are IGNORED: ['media_impressions_clara_google', 'media_impressions_clara_dv360', 'media_impressions_clara_linkedin', 'media_impressions_clara_meta']. In hierarchical mode, adstock decay is controlled by the family-level hl_slow_median hyperprior (priors.families in YAML), not per-channel adstock_lam_prior. To use per-channel adstock priors, set use_hierarchical=False.
2026-06-05 10:12:43 | DEBUG    | model_builder:548 |   Hierarchical geometric adstock (Case B): F=3 families, C=4 channels. Family lam medians: {'display': np.float64(0.707), 'search': np.float64(0.758), 'social': np.float64(0.63)}
2026-06-05 10:14:30 | INFO     | plots:50 |   Saved: Bayesian_Output\08_ppc.png
2026-06-05 10:14:30 | INFO     | plots:50 |   Saved: Bayesian_Output\09_full_contribution_bar.png
2026-06-05 10:14:31 | INFO     | plots:883 |   Saved: Bayesian_Output\01_actual_vs_fitted_interactive.html
2026-06-05 10:14:31 | INFO     | plots:931 |   Saved: Bayesian_Output\02_media_contributions_interactive.html
2026-06-05 10:14:31 | INFO     | plots:998 |   Saved: Bayesian_Output\03_channel_share_interactive.html
2026-06-05 10:14:31 | INFO     | plots:1043 |   Saved: Bayesian_Output\06_component_share_interactive.html
2026-06-05 10:14:31 | INFO     | plots:1105 |   Saved: Bayesian_Output\dashboard.html  ← open this for all charts on one page
2026-06-05 10:14:31 | INFO     | plots:1147 |   All plots saved to: Bayesian_Output
2026-06-05 10:14:31 | INFO     | pipeline:78 | [TIMER] plots                2.0 min (120.8 s)
2026-06-05 10:14:31 | INFO     | pipeline:746 | 
[EXPORT] Writing output files...
2026-06-05 10:14:31 | INFO     | export:355 | Exporting results...
2026-06-05 10:14:31 | INFO     | export:403 |   Saved: Bayesian_Output\model_results\best_model.json
2026-06-05 10:14:31 | INFO     | export:414 |   Saved: Bayesian_Output\model_results\scan_stage1b.csv
2026-06-05 10:14:31 | INFO     | export:414 |   Saved: Bayesian_Output\model_results\scan_stage2.csv
2026-06-05 10:14:31 | INFO     | export:419 |   Saved: Bayesian_Output\model_results\channel_contributions.csv
2026-06-05 10:14:31 | INFO     | export:430 |   Saved: Bayesian_Output\model_results\component_contributions.csv
2026-06-05 10:14:31 | INFO     | export:436 |   Saved: Bayesian_Output\model_results\channel_transform_summary.csv
2026-06-05 10:14:31 | INFO     | export:489 |   Saved: Bayesian_Output\model_results\media_share_weekly.csv
2026-06-05 10:14:31 | INFO     | export:527 |   Saved: Bayesian_Output\model_results\actual_vs_predicted.csv
2026-06-05 10:14:31 | INFO     | export:532 |   Saved: Bayesian_Output\model_results\weekly_decomposition.csv
2026-06-05 10:14:33 | INFO     | export:546 |   Saved: Bayesian_Output\model_results\az_summary.csv
2026-06-05 10:14:33 | INFO     | export:567 |   Saved: Bayesian_Output\model_results\model_summary.txt
2026-06-05 10:14:33 | INFO     | export:571 |   All exports complete -> Bayesian_Output\model_results
2026-06-05 10:14:33 | INFO     | priors:600 |   Saved: Bayesian_Output\model_results\return_index.csv
2026-06-05 10:14:34 | INFO     | priors:617 |   Saved: Bayesian_Output\model_results\return_index.xlsx
2026-06-05 10:14:34 | INFO     | export:581 |   Return index summary:
                      channel_id modeled_metric  mean_return_index  mean_return_index_spend  lower_bound  upper_bound  mean_contribution_signups  mean_weekly_metric_value  mean_weekly_spend
media_impressions_clara_linkedin    Impressions             0.2416                  20.9494       0.0138       0.5368                    26.4279                 109383.33            1261.51
   media_impressions_clara_dv360    Impressions             0.1610                 100.4394       0.0087       0.3942                    23.6357                 146812.73             235.32
    media_impressions_clara_meta    Impressions             0.0950                  16.0814       0.0147       0.2076                    27.8439                 293042.37            1731.43
  media_impressions_clara_google    Impressions             0.0250                   2.6086       0.0005       0.0615                    24.5484                 980558.85            9410.40
2026-06-05 10:14:34 | INFO     | priors:653 |   Saved: Bayesian_Output\model_results\channel_prior_config.csv
2026-06-05 10:14:34 | INFO     | export:603 |   Saved: Bayesian_Output\model_results\stage_timings.csv
2026-06-05 10:14:36 | INFO     | export:288 |   Saved: Bayesian_Output\model_results\model_results.xlsx
2026-06-05 10:14:36 | INFO     | pipeline:78 | [TIMER] export               0.1 min (4.6 s)
2026-06-05 10:14:36 | INFO     | pipeline:121 | [STATE] Saving posterior trace...
2026-06-05 10:14:40 | INFO     | pipeline:123 |   trace.nc  — 11.5 MB
2026-06-05 10:14:40 | INFO     | pipeline:131 |   prep.pkl  — 0.0 MB
2026-06-05 10:14:40 | INFO     | pipeline:165 |   best_cfg.json saved
2026-06-05 10:14:40 | INFO     | pipeline:769 | 
[STATE] Model state saved. Run post-pipeline analysis when ready:
  optimisation: section detected in YAML — run standalone scripts to apply it:
  python analyze.py curves    --config <yaml>   <- response curves
  python analyze.py optimise  --config <yaml>   <- forward budget optimisation
  python analyze.py reverse   --config <yaml>   <- reverse optimisation
  python analyze.py scenarios --config <yaml>   <- scenario comparison
  python analyze.py report    --config <yaml>   <- full HTML report
  python analyze.py all       --config <yaml>   <- run everything
2026-06-05 11:11:42 | INFO     | analyze:879 | ============================================================
2026-06-05 11:11:42 | INFO     | analyze:880 |   FULL ANALYSIS (curves → optimise → reverse → sequential → scenarios → report)
2026-06-05 11:11:42 | INFO     | analyze:881 | ============================================================
2026-06-05 11:11:42 | INFO     | analyze:890 | 
──────────────────────────────────────────────────
  Response Curves
──────────────────────────────────────────────────
2026-06-05 11:11:48 | INFO     | pipeline:196 | [LOAD] trace.nc  <- Bayesian_Output\trace.nc
2026-06-05 11:11:49 | INFO     | pipeline:199 | [LOAD] prep.pkl  <- Bayesian_Output\prep.pkl
2026-06-05 11:11:49 | DEBUG    | optimisation:1922 |   [CPP] Loaded source CSV: wkly_clara_data_31Jul 2.csv
2026-06-05 11:11:49 | INFO     | optimisation:1948 |   [CPP] media_impressions_clara_dv360             Impressions      CPM (GBP / 1000 imps) = 0.001603  [computed from data]
2026-06-05 11:11:49 | INFO     | optimisation:1948 |   [CPP] media_impressions_clara_google            Impressions      CPM (GBP / 1000 imps) = 0.009597  [computed from data]
2026-06-05 11:11:49 | INFO     | optimisation:1948 |   [CPP] media_impressions_clara_linkedin          Impressions      CPM (GBP / 1000 imps) = 0.011533  [computed from data]
2026-06-05 11:11:49 | INFO     | optimisation:1948 |   [CPP] media_impressions_clara_meta              Impressions      CPM (GBP / 1000 imps) = 0.005908  [computed from data]
2026-06-05 11:11:49 | INFO     | analyze:99 | 
  Channel metric types and cost-per-unit rates:
  Channel                                       Metric           Rate
  --------------------------------------------------------------------------------
  media_impressions_clara_dv360                 Impressions      0.001603  (CPM (GBP / 1000 imps))
  media_impressions_clara_google                Impressions      0.009597  (CPM (GBP / 1000 imps))
  media_impressions_clara_linkedin              Impressions      0.011533  (CPM (GBP / 1000 imps))
  media_impressions_clara_meta                  Impressions      0.005908  (CPM (GBP / 1000 imps))
2026-06-05 11:11:49 | INFO     | analyze:159 | 
[CURVES] Computing instantaneous response curves...
2026-06-05 11:11:49 | INFO     | analysis:697 |   [RC:instantaneous] media_impressions_clara_dv360  max_signups=68.04 @ GBP 1,389
2026-06-05 11:11:49 | INFO     | analysis:697 |   [RC:instantaneous] media_impressions_clara_google max_signups=71.21 @ GBP 100,321
2026-06-05 11:11:49 | INFO     | analysis:697 |   [RC:instantaneous] media_impressions_clara_linkedin max_signups=80.55 @ GBP 9,065
2026-06-05 11:11:49 | INFO     | analysis:697 |   [RC:instantaneous] media_impressions_clara_meta   max_signups=83.64 @ GBP 9,358
2026-06-05 11:11:49 | INFO     | analysis:703 |   Response curves computed for 4 channels x 100 spend points.
2026-06-05 11:11:49 | INFO     | analyze:163 |   Saved: Bayesian_Output\response_curves\response_curves_instantaneous.csv
2026-06-05 11:11:50 | INFO     | analysis:1314 |   Saved: Bayesian_Output\response_curves\instantaneous\response_curves.png
2026-06-05 11:11:50 | INFO     | analysis:1397 |   Saved: Bayesian_Output\response_curves\instantaneous\response_curve_media_impressions_clara_dv360.png
2026-06-05 11:11:51 | INFO     | analysis:1397 |   Saved: Bayesian_Output\response_curves\instantaneous\response_curve_media_impressions_clara_google.png
2026-06-05 11:11:51 | INFO     | analysis:1397 |   Saved: Bayesian_Output\response_curves\instantaneous\response_curve_media_impressions_clara_linkedin.png
2026-06-05 11:11:51 | INFO     | analysis:1397 |   Saved: Bayesian_Output\response_curves\instantaneous\response_curve_media_impressions_clara_meta.png
2026-06-05 11:11:51 | INFO     | analyze:169 | 
[CURVES] Computing steady-state response curves...
2026-06-05 11:11:51 | INFO     | analysis:697 |   [RC:steady_state] media_impressions_clara_dv360  max_signups=1461.40 @ GBP 1,389
2026-06-05 11:11:51 | INFO     | analysis:697 |   [RC:steady_state] media_impressions_clara_google max_signups=2622.85 @ GBP 100,321
2026-06-05 11:11:51 | INFO     | analysis:697 |   [RC:steady_state] media_impressions_clara_linkedin max_signups=839.85 @ GBP 9,065
2026-06-05 11:11:51 | INFO     | analysis:697 |   [RC:steady_state] media_impressions_clara_meta   max_signups=951.67 @ GBP 9,358
2026-06-05 11:11:51 | INFO     | analysis:703 |   Response curves computed for 4 channels x 100 spend points.
2026-06-05 11:11:51 | INFO     | analysis:697 |   [RC:steady_state] media_impressions_clara_dv360  max_signups=1461.40 @ GBP 1,389
2026-06-05 11:11:51 | INFO     | analysis:697 |   [RC:steady_state] media_impressions_clara_google max_signups=2622.85 @ GBP 100,321
2026-06-05 11:11:51 | INFO     | analysis:697 |   [RC:steady_state] media_impressions_clara_linkedin max_signups=839.85 @ GBP 9,065
2026-06-05 11:11:51 | INFO     | analysis:697 |   [RC:steady_state] media_impressions_clara_meta   max_signups=951.67 @ GBP 9,358
2026-06-05 11:11:51 | INFO     | analysis:703 |   Response curves computed for 4 channels x 101 spend points.
2026-06-05 11:11:51 | INFO     | analysis:742 |   Marginal ROI curves computed.
2026-06-05 11:11:51 | INFO     | analysis:697 |   [RC:steady_state] media_impressions_clara_dv360  max_signups=2475983.82 @ GBP 4,629
2026-06-05 11:11:51 | INFO     | analysis:697 |   [RC:steady_state] media_impressions_clara_google max_signups=16509523.58 @ GBP 334,403
2026-06-05 11:11:51 | INFO     | analysis:697 |   [RC:steady_state] media_impressions_clara_linkedin max_signups=495707.35 @ GBP 30,216
2026-06-05 11:11:51 | INFO     | analysis:697 |   [RC:steady_state] media_impressions_clara_meta   max_signups=741808.58 @ GBP 31,193
2026-06-05 11:11:51 | INFO     | analysis:703 |   Response curves computed for 4 channels x 200 spend points.
2026-06-05 11:11:51 | ERROR    | analyze:894 |   Response Curves failed: 'mean_response_raw'
2026-06-05 11:11:51 | INFO     | analyze:890 | 
──────────────────────────────────────────────────
  Forward Optimisation
──────────────────────────────────────────────────
2026-06-05 11:11:51 | INFO     | pipeline:196 | [LOAD] trace.nc  <- Bayesian_Output\trace.nc
2026-06-05 11:11:51 | INFO     | pipeline:199 | [LOAD] prep.pkl  <- Bayesian_Output\prep.pkl
2026-06-05 11:11:51 | DEBUG    | optimisation:1922 |   [CPP] Loaded source CSV: wkly_clara_data_31Jul 2.csv
2026-06-05 11:11:51 | INFO     | optimisation:1948 |   [CPP] media_impressions_clara_dv360             Impressions      CPM (GBP / 1000 imps) = 0.001603  [computed from data]
2026-06-05 11:11:51 | INFO     | optimisation:1948 |   [CPP] media_impressions_clara_google            Impressions      CPM (GBP / 1000 imps) = 0.009597  [computed from data]
2026-06-05 11:11:51 | INFO     | optimisation:1948 |   [CPP] media_impressions_clara_linkedin          Impressions      CPM (GBP / 1000 imps) = 0.011533  [computed from data]
2026-06-05 11:11:51 | INFO     | optimisation:1948 |   [CPP] media_impressions_clara_meta              Impressions      CPM (GBP / 1000 imps) = 0.005908  [computed from data]
2026-06-05 11:11:51 | INFO     | analyze:99 | 
  Channel metric types and cost-per-unit rates:
  Channel                                       Metric           Rate
  --------------------------------------------------------------------------------
  media_impressions_clara_dv360                 Impressions      0.001603  (CPM (GBP / 1000 imps))
  media_impressions_clara_google                Impressions      0.009597  (CPM (GBP / 1000 imps))
  media_impressions_clara_linkedin              Impressions      0.011533  (CPM (GBP / 1000 imps))
  media_impressions_clara_meta                  Impressions      0.005908  (CPM (GBP / 1000 imps))
2026-06-05 11:11:51 | INFO     | analyze:230 | 
[OPTIMISE] Forward optimisation | period=monthly | budget=observed mean
2026-06-05 11:11:51 | INFO     | optimisation:460 |   [OPT] total_budget not specified — using observed monthly spend: 54,957.17
2026-06-05 11:11:51 | INFO     | optimisation:467 |   [OPT FORWARD] period=monthly (4.35 model-periods) | total_budget_spend=54,957.17 | per-period-spend=12,638.6737
2026-06-05 11:11:51 | INFO     | optimisation:501 |   [ACHIEVABILITY] response achievable within bounds: [48,556.3688, 90,176.1135]
2026-06-05 11:11:52 | WARNING  | optimisation:565 |   [OPTIMISE] 200/200 SLSQP runs did not converge — using current spend allocation as fallback for those samples.
2026-06-05 11:11:52 | WARNING  | optimisation:571 |   [OPTIMISE] 200/200 samples violated bounds or budget constraint (>1% tolerance).
2026-06-05 11:11:52 | INFO     | optimisation:671 |   [OPTIMISE FORWARD] expected_response=inf | current_response=420.0166 | pct_change=+inf% | convergence=0.0%
2026-06-05 11:11:52 | INFO     | optimisation:677 | 
                         channel  current_spend_£  optimal_spend_£_mean  pct_change_spend  current_response  response_mean  pct_change_response  current_roi  optimal_roi
   media_impressions_clara_dv360          1023.26             446873.47          43571.39          107.7137            inf                  inf     0.105265          inf
  media_impressions_clara_google         40919.56            2984657.70           7193.96           92.7919      4326.4406              4562.52     0.002268     0.001450
media_impressions_clara_linkedin          5485.49             332944.64           5969.56          101.1480      3876.5832              3732.59     0.018439     0.011643
    media_impressions_clara_meta          7528.85             891972.13          11747.39          118.3630     10573.3747              8833.00     0.015721     0.011854
                           TOTAL         54957.17            4656447.94           8372.87          420.0166            inf                  inf     0.007643          inf
2026-06-05 11:11:52 | INFO     | analyze:241 |   Saved: Bayesian_Output\budget_optimisation.csv
2026-06-05 11:11:53 | INFO     | export:324 |   Updated model_results.xlsx — added tabs: ['Forward Optimisation']
2026-06-05 11:11:53 | INFO     | analyze:265 | [OPTIMISE] Done.
2026-06-05 11:11:53 | INFO     | analyze:890 | 
──────────────────────────────────────────────────
  Reverse Optimisation
──────────────────────────────────────────────────
2026-06-05 11:11:53 | INFO     | pipeline:196 | [LOAD] trace.nc  <- Bayesian_Output\trace.nc
2026-06-05 11:11:53 | INFO     | pipeline:199 | [LOAD] prep.pkl  <- Bayesian_Output\prep.pkl
2026-06-05 11:11:53 | DEBUG    | optimisation:1922 |   [CPP] Loaded source CSV: wkly_clara_data_31Jul 2.csv
2026-06-05 11:11:53 | INFO     | optimisation:1948 |   [CPP] media_impressions_clara_dv360             Impressions      CPM (GBP / 1000 imps) = 0.001603  [computed from data]
2026-06-05 11:11:53 | INFO     | optimisation:1948 |   [CPP] media_impressions_clara_google            Impressions      CPM (GBP / 1000 imps) = 0.009597  [computed from data]
2026-06-05 11:11:53 | INFO     | optimisation:1948 |   [CPP] media_impressions_clara_linkedin          Impressions      CPM (GBP / 1000 imps) = 0.011533  [computed from data]
2026-06-05 11:11:53 | INFO     | optimisation:1948 |   [CPP] media_impressions_clara_meta              Impressions      CPM (GBP / 1000 imps) = 0.005908  [computed from data]
2026-06-05 11:11:53 | INFO     | analyze:99 | 
  Channel metric types and cost-per-unit rates:
  Channel                                       Metric           Rate
  --------------------------------------------------------------------------------
  media_impressions_clara_dv360                 Impressions      0.001603  (CPM (GBP / 1000 imps))
  media_impressions_clara_google                Impressions      0.009597  (CPM (GBP / 1000 imps))
  media_impressions_clara_linkedin              Impressions      0.011533  (CPM (GBP / 1000 imps))
  media_impressions_clara_meta                  Impressions      0.005908  (CPM (GBP / 1000 imps))
2026-06-05 11:11:53 | INFO     | analyze:286 | 
[REVERSE] Reverse optimisation | period=monthly | target=observed mean
2026-06-05 11:11:53 | INFO     | optimisation:749 |   [OPT REVERSE] target_response not specified — using observed monthly response: 441.3558
2026-06-05 11:11:53 | INFO     | optimisation:757 |   [OPT REVERSE] period=monthly (4.35 model-periods) | target_response=441.3558 | per-period-model=4.552267
2026-06-05 11:11:53 | INFO     | optimisation:788 |   [ACHIEVABILITY] response achievable within bounds: [48,556.3688, 90,176.1135] | target=441.3558 | achievable=False
2026-06-05 11:11:53 | WARNING  | optimisation:794 |   [OPTIMISE REVERSE] Target 441.3558 is outside achievable range [48,556.3688, 90,176.1135]. Results may not meet the target — consider relaxing channel bounds.
2026-06-05 11:11:53 | WARNING  | optimisation:860 |   [OPTIMISE REVERSE] 9/200 SLSQP runs did not converge — current spend used as fallback for those samples.
2026-06-05 11:11:53 | INFO     | optimisation:945 |   [OPTIMISE REVERSE] min_spend_£=4,656,447.94 | achieved=inf | target=441.3558 | achievable=False | convergence=95.5%
2026-06-05 11:11:53 | INFO     | optimisation:951 | 
                         channel  current_spend_£  min_spend_£_mean  pct_change_spend  achieved_response_mean  current_cpa  optimal_cpa
   media_impressions_clara_dv360          1023.26         446873.47          43571.39                     inf     9.499851     0.000000
  media_impressions_clara_google         40919.56        2984657.70           7193.96               4326.4406   440.981865   689.864483
media_impressions_clara_linkedin          5485.49         332944.64           5969.56               3876.5832    54.232298    85.886107
    media_impressions_clara_meta          7528.85         891972.13          11747.39              10573.3747    63.608130    84.360212
                           TOTAL         54957.17        4656447.94           8372.87                     inf   130.845224     0.000000
2026-06-05 11:11:53 | INFO     | analyze:298 |   Saved: Bayesian_Output\spend_target_optimisation.csv
2026-06-05 11:11:54 | INFO     | export:324 |   Updated model_results.xlsx — added tabs: ['Forward Optimisation', 'Reverse Optimisation']
2026-06-05 11:11:54 | INFO     | analyze:305 | [REVERSE] Done.
2026-06-05 11:11:54 | INFO     | analyze:890 | 
──────────────────────────────────────────────────
  Sequential Multi-Period Optimisation
──────────────────────────────────────────────────
2026-06-05 11:11:54 | INFO     | pipeline:196 | [LOAD] trace.nc  <- Bayesian_Output\trace.nc
2026-06-05 11:11:54 | INFO     | pipeline:199 | [LOAD] prep.pkl  <- Bayesian_Output\prep.pkl
2026-06-05 11:11:54 | DEBUG    | optimisation:1922 |   [CPP] Loaded source CSV: wkly_clara_data_31Jul 2.csv
2026-06-05 11:11:54 | INFO     | optimisation:1948 |   [CPP] media_impressions_clara_dv360             Impressions      CPM (GBP / 1000 imps) = 0.001603  [computed from data]
2026-06-05 11:11:54 | INFO     | optimisation:1948 |   [CPP] media_impressions_clara_google            Impressions      CPM (GBP / 1000 imps) = 0.009597  [computed from data]
2026-06-05 11:11:54 | INFO     | optimisation:1948 |   [CPP] media_impressions_clara_linkedin          Impressions      CPM (GBP / 1000 imps) = 0.011533  [computed from data]
2026-06-05 11:11:54 | INFO     | optimisation:1948 |   [CPP] media_impressions_clara_meta              Impressions      CPM (GBP / 1000 imps) = 0.005908  [computed from data]
2026-06-05 11:11:54 | INFO     | analyze:99 | 
  Channel metric types and cost-per-unit rates:
  Channel                                       Metric           Rate
  --------------------------------------------------------------------------------
  media_impressions_clara_dv360                 Impressions      0.001603  (CPM (GBP / 1000 imps))
  media_impressions_clara_google                Impressions      0.009597  (CPM (GBP / 1000 imps))
  media_impressions_clara_linkedin              Impressions      0.011533  (CPM (GBP / 1000 imps))
  media_impressions_clara_meta                  Impressions      0.005908  (CPM (GBP / 1000 imps))
2026-06-05 11:11:54 | INFO     | analyze:608 |   [SEQ] spend_in_currency=true → CPP forced to 1.0 for all channels
2026-06-05 11:11:54 | INFO     | analyze:663 | 
[SEQUENTIAL] 1-Month | n_months=1 | budget=£6,119,189 (scale=1.0) | cpa=None
2026-06-05 11:11:54 | INFO     | optimisation:1647 |   [SEQ-OPT] n_months=1  n_ppm=4  total=£6,119,189.10  monthly=£6,119,189.10  round_budget_pct=0.020
2026-06-05 11:11:54 | INFO     | optimisation:1770 |   [SEQ-OPT] month=1  opt=57.89  bau=49.29  curr=488.81
2026-06-05 11:11:54 | ERROR    | analyze:685 |   [SEQUENTIAL] 1-Month failed: type NoneType doesn't define __round__ method
2026-06-05 11:11:54 | DEBUG    | analyze:686 | Traceback (most recent call last):
  File "C:\Users\DebasishBanik\OneDrive - Blend 360\Desktop\Bayesian_Code\analyze.py", line 669, in cmd_sequential
    df_sum, df_ch, df_mon = optimise_budget_sequential(
                            ~~~~~~~~~~~~~~~~~~~~~~~~~~^
        best,
        ^^^^^
    ...<11 lines>...
        round_budget_pct   = float(round_budget_pct) if round_budget_pct else None,
        ^^^^^^^^^^^^^^^^^^^^^^^^^^^^^^^^^^^^^^^^^^^^^^^^^^^^^^^^^^^^^^^^^^^^^^^^^^^
    )
    ^
  File "C:\Users\DebasishBanik\OneDrive - Blend 360\Desktop\Bayesian_Code\optimisation.py", line 1834, in optimise_budget_sequential
    "step_size_gbp"                  : round(step_size, 2),
                                       ~~~~~^^^^^^^^^^^^^^
TypeError: type NoneType doesn't define __round__ method

2026-06-05 11:11:54 | INFO     | analyze:663 | 
[SEQUENTIAL] 3-Month | n_months=3 | budget=£18,357,567 (scale=1.0) | cpa=None
2026-06-05 11:11:54 | INFO     | optimisation:1647 |   [SEQ-OPT] n_months=3  n_ppm=4  total=£18,357,567.29  monthly=£6,119,189.10  round_budget_pct=0.020
2026-06-05 11:11:54 | INFO     | optimisation:1770 |   [SEQ-OPT] month=1  opt=57.89  bau=49.29  curr=488.81
2026-06-05 11:11:54 | INFO     | optimisation:1770 |   [SEQ-OPT] month=2  opt=63.15  bau=53.52  curr=488.81
2026-06-05 11:11:54 | INFO     | optimisation:1770 |   [SEQ-OPT] month=3  opt=64.57  bau=54.85  curr=488.81
2026-06-05 11:11:54 | ERROR    | analyze:685 |   [SEQUENTIAL] 3-Month failed: type NoneType doesn't define __round__ method
2026-06-05 11:11:54 | DEBUG    | analyze:686 | Traceback (most recent call last):
  File "C:\Users\DebasishBanik\OneDrive - Blend 360\Desktop\Bayesian_Code\analyze.py", line 669, in cmd_sequential
    df_sum, df_ch, df_mon = optimise_budget_sequential(
                            ~~~~~~~~~~~~~~~~~~~~~~~~~~^
        best,
        ^^^^^
    ...<11 lines>...
        round_budget_pct   = float(round_budget_pct) if round_budget_pct else None,
        ^^^^^^^^^^^^^^^^^^^^^^^^^^^^^^^^^^^^^^^^^^^^^^^^^^^^^^^^^^^^^^^^^^^^^^^^^^^
    )
    ^
  File "C:\Users\DebasishBanik\OneDrive - Blend 360\Desktop\Bayesian_Code\optimisation.py", line 1834, in optimise_budget_sequential
    "step_size_gbp"                  : round(step_size, 2),
                                       ~~~~~^^^^^^^^^^^^^^
TypeError: type NoneType doesn't define __round__ method

2026-06-05 11:11:54 | INFO     | analyze:663 | 
[SEQUENTIAL] 6-Month | n_months=6 | budget=£36,715,135 (scale=1.0) | cpa=None
2026-06-05 11:11:54 | INFO     | optimisation:1647 |   [SEQ-OPT] n_months=6  n_ppm=4  total=£36,715,134.57  monthly=£6,119,189.10  round_budget_pct=0.020
2026-06-05 11:11:55 | INFO     | optimisation:1770 |   [SEQ-OPT] month=1  opt=57.89  bau=49.29  curr=488.81
2026-06-05 11:11:55 | INFO     | optimisation:1770 |   [SEQ-OPT] month=2  opt=63.15  bau=53.52  curr=488.81
2026-06-05 11:11:55 | INFO     | optimisation:1770 |   [SEQ-OPT] month=3  opt=64.57  bau=54.85  curr=488.81
2026-06-05 11:11:55 | INFO     | optimisation:1770 |   [SEQ-OPT] month=4  opt=65.11  bau=55.37  curr=488.81
2026-06-05 11:11:55 | INFO     | optimisation:1770 |   [SEQ-OPT] month=5  opt=65.34  bau=55.59  curr=488.81
2026-06-05 11:11:55 | INFO     | optimisation:1770 |   [SEQ-OPT] month=6  opt=65.43  bau=55.68  curr=488.81
2026-06-05 11:11:55 | ERROR    | analyze:685 |   [SEQUENTIAL] 6-Month failed: type NoneType doesn't define __round__ method
2026-06-05 11:11:55 | DEBUG    | analyze:686 | Traceback (most recent call last):
  File "C:\Users\DebasishBanik\OneDrive - Blend 360\Desktop\Bayesian_Code\analyze.py", line 669, in cmd_sequential
    df_sum, df_ch, df_mon = optimise_budget_sequential(
                            ~~~~~~~~~~~~~~~~~~~~~~~~~~^
        best,
        ^^^^^
    ...<11 lines>...
        round_budget_pct   = float(round_budget_pct) if round_budget_pct else None,
        ^^^^^^^^^^^^^^^^^^^^^^^^^^^^^^^^^^^^^^^^^^^^^^^^^^^^^^^^^^^^^^^^^^^^^^^^^^^
    )
    ^
  File "C:\Users\DebasishBanik\OneDrive - Blend 360\Desktop\Bayesian_Code\optimisation.py", line 1834, in optimise_budget_sequential
    "step_size_gbp"                  : round(step_size, 2),
                                       ~~~~~^^^^^^^^^^^^^^
TypeError: type NoneType doesn't define __round__ method

2026-06-05 11:11:55 | INFO     | analyze:663 | 
[SEQUENTIAL] 12-Month | n_months=12 | budget=£73,430,269 (scale=1.0) | cpa=None
2026-06-05 11:11:55 | INFO     | optimisation:1647 |   [SEQ-OPT] n_months=12  n_ppm=4  total=£73,430,269.14  monthly=£6,119,189.10  round_budget_pct=0.020
2026-06-05 11:11:55 | INFO     | optimisation:1770 |   [SEQ-OPT] month=1  opt=57.89  bau=49.29  curr=488.81
2026-06-05 11:11:55 | INFO     | optimisation:1770 |   [SEQ-OPT] month=2  opt=63.15  bau=53.52  curr=488.81
2026-06-05 11:11:55 | INFO     | optimisation:1770 |   [SEQ-OPT] month=3  opt=64.57  bau=54.85  curr=488.81
2026-06-05 11:11:56 | INFO     | optimisation:1770 |   [SEQ-OPT] month=4  opt=65.11  bau=55.37  curr=488.81
2026-06-05 11:11:56 | INFO     | optimisation:1770 |   [SEQ-OPT] month=5  opt=65.34  bau=55.59  curr=488.81
2026-06-05 11:11:56 | INFO     | optimisation:1770 |   [SEQ-OPT] month=6  opt=65.43  bau=55.68  curr=488.81
2026-06-05 11:11:56 | INFO     | optimisation:1770 |   [SEQ-OPT] month=7  opt=65.47  bau=55.72  curr=488.81
2026-06-05 11:11:56 | INFO     | optimisation:1770 |   [SEQ-OPT] month=8  opt=65.49  bau=55.74  curr=488.81
2026-06-05 11:11:56 | INFO     | optimisation:1770 |   [SEQ-OPT] month=9  opt=65.50  bau=55.75  curr=488.81
2026-06-05 11:11:56 | INFO     | optimisation:1770 |   [SEQ-OPT] month=10  opt=65.50  bau=55.75  curr=488.81
2026-06-05 11:11:56 | INFO     | optimisation:1770 |   [SEQ-OPT] month=11  opt=65.50  bau=55.75  curr=488.81
2026-06-05 11:11:56 | INFO     | optimisation:1770 |   [SEQ-OPT] month=12  opt=65.50  bau=55.75  curr=488.81
2026-06-05 11:11:56 | ERROR    | analyze:685 |   [SEQUENTIAL] 12-Month failed: type NoneType doesn't define __round__ method
2026-06-05 11:11:56 | DEBUG    | analyze:686 | Traceback (most recent call last):
  File "C:\Users\DebasishBanik\OneDrive - Blend 360\Desktop\Bayesian_Code\analyze.py", line 669, in cmd_sequential
    df_sum, df_ch, df_mon = optimise_budget_sequential(
                            ~~~~~~~~~~~~~~~~~~~~~~~~~~^
        best,
        ^^^^^
    ...<11 lines>...
        round_budget_pct   = float(round_budget_pct) if round_budget_pct else None,
        ^^^^^^^^^^^^^^^^^^^^^^^^^^^^^^^^^^^^^^^^^^^^^^^^^^^^^^^^^^^^^^^^^^^^^^^^^^^
    )
    ^
  File "C:\Users\DebasishBanik\OneDrive - Blend 360\Desktop\Bayesian_Code\optimisation.py", line 1834, in optimise_budget_sequential
    "step_size_gbp"                  : round(step_size, 2),
                                       ~~~~~^^^^^^^^^^^^^^
TypeError: type NoneType doesn't define __round__ method

2026-06-05 11:11:56 | WARNING  | analyze:708 | [SEQUENTIAL] No scenarios completed successfully.
2026-06-05 11:11:56 | INFO     | analyze:890 | 
──────────────────────────────────────────────────
  Scenarios
──────────────────────────────────────────────────
2026-06-05 11:11:56 | INFO     | pipeline:196 | [LOAD] trace.nc  <- Bayesian_Output\trace.nc
2026-06-05 11:11:57 | INFO     | pipeline:199 | [LOAD] prep.pkl  <- Bayesian_Output\prep.pkl
2026-06-05 11:11:57 | DEBUG    | optimisation:1922 |   [CPP] Loaded source CSV: wkly_clara_data_31Jul 2.csv
2026-06-05 11:11:57 | INFO     | optimisation:1948 |   [CPP] media_impressions_clara_dv360             Impressions      CPM (GBP / 1000 imps) = 0.001603  [computed from data]
2026-06-05 11:11:57 | INFO     | optimisation:1948 |   [CPP] media_impressions_clara_google            Impressions      CPM (GBP / 1000 imps) = 0.009597  [computed from data]
2026-06-05 11:11:57 | INFO     | optimisation:1948 |   [CPP] media_impressions_clara_linkedin          Impressions      CPM (GBP / 1000 imps) = 0.011533  [computed from data]
2026-06-05 11:11:57 | INFO     | optimisation:1948 |   [CPP] media_impressions_clara_meta              Impressions      CPM (GBP / 1000 imps) = 0.005908  [computed from data]
2026-06-05 11:11:57 | INFO     | analyze:99 | 
  Channel metric types and cost-per-unit rates:
  Channel                                       Metric           Rate
  --------------------------------------------------------------------------------
  media_impressions_clara_dv360                 Impressions      0.001603  (CPM (GBP / 1000 imps))
  media_impressions_clara_google                Impressions      0.009597  (CPM (GBP / 1000 imps))
  media_impressions_clara_linkedin              Impressions      0.011533  (CPM (GBP / 1000 imps))
  media_impressions_clara_meta                  Impressions      0.005908  (CPM (GBP / 1000 imps))
2026-06-05 11:11:57 | INFO     | analyze:334 | 
[SCENARIOS] Running 5 scenario(s) | period=monthly
2026-06-05 11:11:57 | INFO     | analysis:1565 | 
[SCENARIO] -- Current spend (current) ----------------
2026-06-05 11:11:57 | INFO     | analysis:1681 |   [SCENARIO] Current spend: spend=£54,957 | response=420.0166 | ROI=0.0076
2026-06-05 11:11:57 | INFO     | analysis:1565 | 
[SCENARIO] -- -20% budget (budget_pct) ----------------
2026-06-05 11:11:57 | INFO     | optimisation:467 |   [OPT FORWARD] period=monthly (4.35 model-periods) | total_budget_spend=43,965.73 | per-period-spend=10,110.9390
2026-06-05 11:11:57 | INFO     | optimisation:501 |   [ACHIEVABILITY] response achievable within bounds: [269.1930, 4,169.0506]
2026-06-05 11:12:00 | WARNING  | optimisation:565 |   [OPTIMISE] 1/200 SLSQP runs did not converge — using current spend allocation as fallback for those samples.
2026-06-05 11:12:00 | WARNING  | optimisation:571 |   [OPTIMISE] 1/200 samples violated bounds or budget constraint (>1% tolerance).
2026-06-05 11:12:00 | INFO     | optimisation:671 |   [OPTIMISE FORWARD] expected_response=3813.8434 | current_response=420.0166 | pct_change=+808.0% | convergence=99.5%
2026-06-05 11:12:00 | INFO     | optimisation:677 | 
                         channel  current_spend_£  optimal_spend_£_mean  pct_change_spend  current_response  response_mean  pct_change_response  current_roi  optimal_roi
   media_impressions_clara_dv360          1023.26              43530.17           4154.05          107.7137      3596.4032              3238.86     0.105265     0.082619
  media_impressions_clara_google         40919.56                163.68            -99.60           92.7919        64.1237               -30.90     0.002268     0.391767
media_impressions_clara_linkedin          5485.49                241.77            -95.59          101.1480        81.2819               -19.64     0.018439     0.336194
    media_impressions_clara_meta          7528.85                 30.12            -99.60          118.3630        72.0347               -39.14     0.015721     2.391954
                           TOTAL         54957.17              43965.73            -20.00          420.0166      3813.8434               808.02     0.007643     0.086746
2026-06-05 11:12:00 | INFO     | analysis:1681 |   [SCENARIO] -20% budget: spend=£43,966 | response=3813.8434 | ROI=0.0867
2026-06-05 11:12:00 | INFO     | analysis:1565 | 
[SCENARIO] -- -10% budget (budget_pct) ----------------
2026-06-05 11:12:00 | INFO     | optimisation:467 |   [OPT FORWARD] period=monthly (4.35 model-periods) | total_budget_spend=49,461.45 | per-period-spend=11,374.8063
2026-06-05 11:12:00 | INFO     | optimisation:501 |   [ACHIEVABILITY] response achievable within bounds: [269.1930, 4,681.3756]
2026-06-05 11:12:04 | INFO     | optimisation:671 |   [OPTIMISE FORWARD] expected_response=4282.2115 | current_response=420.0166 | pct_change=+919.5% | convergence=100.0%
2026-06-05 11:12:04 | INFO     | optimisation:677 | 
                         channel  current_spend_£  optimal_spend_£_mean  pct_change_spend  current_response  response_mean  pct_change_response  current_roi  optimal_roi
   media_impressions_clara_dv360          1023.26              49214.14           4709.53          107.7137      4063.5893              3672.58     0.105265 8.257000e-02
  media_impressions_clara_google         40919.56                  0.00           -100.00           92.7919        64.0741               -30.95     0.002268 3.935563e+11
media_impressions_clara_linkedin          5485.49                247.31            -95.49          101.1480        82.6448               -18.29     0.018439 3.341780e-01
    media_impressions_clara_meta          7528.85                  0.00           -100.00          118.3630        71.9033               -39.25     0.015721 2.424585e+12
                           TOTAL         54957.17              49461.45            -10.00          420.0166      4282.2115               919.53     0.007643 8.657700e-02
2026-06-05 11:12:04 | INFO     | analysis:1681 |   [SCENARIO] -10% budget: spend=£49,461 | response=4282.2115 | ROI=0.0866
2026-06-05 11:12:04 | INFO     | analysis:1565 | 
[SCENARIO] -- +10% budget (budget_pct) ----------------
2026-06-05 11:12:04 | INFO     | optimisation:467 |   [OPT FORWARD] period=monthly (4.35 model-periods) | total_budget_spend=60,452.88 | per-period-spend=13,902.5411
2026-06-05 11:12:04 | INFO     | optimisation:501 |   [ACHIEVABILITY] response achievable within bounds: [269.1930, 5,707.4805]
2026-06-05 11:12:08 | WARNING  | optimisation:565 |   [OPTIMISE] 1/200 SLSQP runs did not converge — using current spend allocation as fallback for those samples.
2026-06-05 11:12:08 | WARNING  | optimisation:571 |   [OPTIMISE] 1/200 samples violated bounds or budget constraint (>1% tolerance).
2026-06-05 11:12:08 | INFO     | optimisation:671 |   [OPTIMISE FORWARD] expected_response=5165.7516 | current_response=420.0166 | pct_change=+1129.9% | convergence=99.5%
2026-06-05 11:12:08 | INFO     | optimisation:677 | 
                         channel  current_spend_£  optimal_spend_£_mean  pct_change_spend  current_response  response_mean  pct_change_response  current_roi  optimal_roi
   media_impressions_clara_dv360          1023.26              59853.98           5749.32          107.7137      4943.5006              4489.48     0.105265     0.082593
  media_impressions_clara_google         40919.56                225.06            -99.45           92.7919        64.2581               -30.75     0.002268     0.285518
media_impressions_clara_linkedin          5485.49                332.43            -93.94          101.1480        85.7870               -15.19     0.018439     0.258057
    media_impressions_clara_meta          7528.85                 41.41            -99.45          118.3630        72.2058               -39.00     0.015721     1.743736
                           TOTAL         54957.17              60452.88             10.00          420.0166      5165.7516              1129.89     0.007643     0.085451
2026-06-05 11:12:08 | INFO     | analysis:1681 |   [SCENARIO] +10% budget: spend=£60,453 | response=5165.7516 | ROI=0.0855
2026-06-05 11:12:08 | INFO     | analysis:1565 | 
[SCENARIO] -- +20% budget (budget_pct) ----------------
2026-06-05 11:12:08 | INFO     | optimisation:467 |   [OPT FORWARD] period=monthly (4.35 model-periods) | total_budget_spend=65,948.60 | per-period-spend=15,166.4084
2026-06-05 11:12:08 | INFO     | optimisation:501 |   [ACHIEVABILITY] response achievable within bounds: [269.1930, 6,220.9652]
2026-06-05 11:13:12 | WARNING  | optimisation:565 |   [OPTIMISE] 122/200 SLSQP runs did not converge — using current spend allocation as fallback for those samples.
2026-06-05 11:13:12 | WARNING  | optimisation:571 |   [OPTIMISE] 122/200 samples violated bounds or budget constraint (>1% tolerance).
2026-06-05 11:13:12 | INFO     | optimisation:671 |   [OPTIMISE FORWARD] expected_response=2403.9425 | current_response=420.0166 | pct_change=+472.3% | convergence=39.0%
2026-06-05 11:13:12 | INFO     | optimisation:677 | 
                         channel  current_spend_£  optimal_spend_£_mean  pct_change_spend  current_response  response_mean  pct_change_response  current_roi  optimal_roi
   media_impressions_clara_dv360          1023.26              26139.24           2454.50          107.7137      2089.7390              1840.09     0.105265     0.079946
  media_impressions_clara_google         40919.56              29953.12            -26.80           92.7919        89.9829                -3.03     0.002268     0.003004
media_impressions_clara_linkedin          5485.49               4345.12            -20.79          101.1480       113.7402                12.45     0.018439     0.026177
    media_impressions_clara_meta          7528.85               5511.12            -26.80          118.3630       110.4804                -6.66     0.015721     0.020047
                           TOTAL         54957.17              65948.60             20.00          420.0166      2403.9425               472.34     0.007643     0.036452
2026-06-05 11:13:12 | INFO     | analysis:1681 |   [SCENARIO] +20% budget: spend=£65,949 | response=2403.9425 | ROI=0.0365
2026-06-05 11:13:12 | INFO     | analysis:1689 | 
[SCENARIOS] Complete — 5 scenario(s) evaluated.
2026-06-05 11:13:12 | INFO     | analysis:1691 | 
     scenario  total_spend_£  pct_change_spend  total_response_mean  pct_change_response  overall_roi_£
Current spend       54957.17               0.0             420.0166                  0.0         0.0076
  -20% budget       43965.73             -20.0            3813.8434                808.0         0.0867
  -10% budget       49461.45             -10.0            4282.2115                919.5         0.0866
  +10% budget       60452.88              10.0            5165.7516               1129.9         0.0855
  +20% budget       65948.60              20.0            2403.9425                472.3         0.0365
2026-06-05 11:13:12 | INFO     | analyze:346 |   Saved: scenarios/scenario_comparison.csv + scenario_channel_detail.csv
2026-06-05 11:13:12 | INFO     | analysis:1870 |   Saved: Bayesian_Output\scenarios\scenario_comparison.png
2026-06-05 11:13:13 | INFO     | analysis:1916 |   Saved: Bayesian_Output\scenarios\scenario_roi_comparison.png
2026-06-05 11:13:13 | INFO     | analyze:353 | [SCENARIOS] Done.
2026-06-05 11:13:13 | INFO     | analyze:890 | 
──────────────────────────────────────────────────
  HTML Report
──────────────────────────────────────────────────
2026-06-05 11:13:13 | INFO     | pipeline:196 | [LOAD] trace.nc  <- Bayesian_Output\trace.nc
2026-06-05 11:13:13 | INFO     | pipeline:199 | [LOAD] prep.pkl  <- Bayesian_Output\prep.pkl
2026-06-05 11:13:13 | DEBUG    | optimisation:1922 |   [CPP] Loaded source CSV: wkly_clara_data_31Jul 2.csv
2026-06-05 11:13:13 | INFO     | optimisation:1948 |   [CPP] media_impressions_clara_dv360             Impressions      CPM (GBP / 1000 imps) = 0.001603  [computed from data]
2026-06-05 11:13:13 | INFO     | optimisation:1948 |   [CPP] media_impressions_clara_google            Impressions      CPM (GBP / 1000 imps) = 0.009597  [computed from data]
2026-06-05 11:13:13 | INFO     | optimisation:1948 |   [CPP] media_impressions_clara_linkedin          Impressions      CPM (GBP / 1000 imps) = 0.011533  [computed from data]
2026-06-05 11:13:13 | INFO     | optimisation:1948 |   [CPP] media_impressions_clara_meta              Impressions      CPM (GBP / 1000 imps) = 0.005908  [computed from data]
2026-06-05 11:13:13 | INFO     | analyze:99 | 
  Channel metric types and cost-per-unit rates:
  Channel                                       Metric           Rate
  --------------------------------------------------------------------------------
  media_impressions_clara_dv360                 Impressions      0.001603  (CPM (GBP / 1000 imps))
  media_impressions_clara_google                Impressions      0.009597  (CPM (GBP / 1000 imps))
  media_impressions_clara_linkedin              Impressions      0.011533  (CPM (GBP / 1000 imps))
  media_impressions_clara_meta                  Impressions      0.005908  (CPM (GBP / 1000 imps))
2026-06-05 11:13:13 | INFO     | analyze:454 | [REPORT 1/3] Response curves...
2026-06-05 11:13:13 | INFO     | analysis:697 |   [RC:steady_state] media_impressions_clara_dv360  max_signups=1461.40 @ GBP 1,389
2026-06-05 11:13:13 | INFO     | analysis:697 |   [RC:steady_state] media_impressions_clara_google max_signups=2622.85 @ GBP 100,321
2026-06-05 11:13:13 | INFO     | analysis:697 |   [RC:steady_state] media_impressions_clara_linkedin max_signups=839.85 @ GBP 9,065
2026-06-05 11:13:13 | INFO     | analysis:697 |   [RC:steady_state] media_impressions_clara_meta   max_signups=951.67 @ GBP 9,358
2026-06-05 11:13:13 | INFO     | analysis:703 |   Response curves computed for 4 channels x 100 spend points.
2026-06-05 11:13:13 | INFO     | analysis:697 |   [RC:steady_state] media_impressions_clara_dv360  max_signups=1461.40 @ GBP 1,389
2026-06-05 11:13:13 | INFO     | analysis:697 |   [RC:steady_state] media_impressions_clara_google max_signups=2622.85 @ GBP 100,321
2026-06-05 11:13:13 | INFO     | analysis:697 |   [RC:steady_state] media_impressions_clara_linkedin max_signups=839.85 @ GBP 9,065
2026-06-05 11:13:13 | INFO     | analysis:697 |   [RC:steady_state] media_impressions_clara_meta   max_signups=951.67 @ GBP 9,358
2026-06-05 11:13:13 | INFO     | analysis:703 |   Response curves computed for 4 channels x 101 spend points.
2026-06-05 11:13:13 | INFO     | analysis:742 |   Marginal ROI curves computed.
2026-06-05 11:13:13 | INFO     | analysis:697 |   [RC:steady_state] media_impressions_clara_dv360  max_signups=2475983.82 @ GBP 4,629
2026-06-05 11:13:13 | INFO     | analysis:697 |   [RC:steady_state] media_impressions_clara_google max_signups=16509523.58 @ GBP 334,403
2026-06-05 11:13:13 | INFO     | analysis:697 |   [RC:steady_state] media_impressions_clara_linkedin max_signups=495707.35 @ GBP 30,216
2026-06-05 11:13:13 | INFO     | analysis:697 |   [RC:steady_state] media_impressions_clara_meta   max_signups=741808.58 @ GBP 31,193
2026-06-05 11:13:13 | INFO     | analysis:703 |   Response curves computed for 4 channels x 200 spend points.
2026-06-05 11:13:13 | ERROR    | analyze:894 |   HTML Report failed: 'mean_response_raw'
2026-06-05 11:13:13 | INFO     | analyze:895 | 
[ALL] Complete.
2026-06-05 11:48:18 | WARNING  | main:87 | [PYTENSOR] g++ compiler not found — running on the Python backend (slower, but fully functional).  To enable the faster C backend: conda install -c conda-forge m2w64-toolchain  (Windows/conda)  |  sudo apt-get install g++ build-essential  (Linux/WSL)
2026-06-05 11:48:18 | INFO     | config:655 | [CONFIG] Loaded YAML config from: config_hier.yaml
2026-06-05 11:48:18 | INFO     | config:741 | [CONFIG] Schema built:
DataSchema: weekly data
  Date: date  |  Response: response_metric_inbound_deals_total
  Media channels: 4
    google                    -> media_impressions_clara_google (impressions, type=paid_search)
    dv360                     -> media_impressions_clara_dv360 (impressions, type=display)
    linkedin                  -> media_impressions_clara_linkedin (impressions, type=paid_social)
    meta                      -> media_impressions_clara_meta (impressions, type=paid_social)
  Event dummies: 1
    fraud_activity
2026-06-05 11:48:18 | INFO     | pipeline:351 | ======================================================================
2026-06-05 11:48:18 | INFO     | pipeline:352 |   BAYESIAN MARKET MIX MODEL - PRODUCTION PIPELINE (~20-30 min target)
2026-06-05 11:48:18 | INFO     | pipeline:353 | ======================================================================
2026-06-05 11:48:18 | INFO     | pipeline:354 |   CSV          : wkly_clara_data_31Jul 2.csv
2026-06-05 11:48:18 | INFO     | pipeline:355 |   Response     : response_metric_inbound_deals_total
2026-06-05 11:48:18 | INFO     | pipeline:356 |   Frequency    : weekly | dayfirst=True | holdout=0
2026-06-05 11:48:18 | INFO     | pipeline:357 |   Spend prefix : spends_
2026-06-05 11:48:18 | INFO     | pipeline:358 |   Media cols   : [prefix-based auto]
2026-06-05 11:48:18 | INFO     | pipeline:359 |   Output dir   : Bayesian_Output
2026-06-05 11:48:18 | INFO     | pipeline:360 |   Hierarchical : True | two-timescale adstock: False | synergies: False
2026-06-05 11:48:18 | INFO     | pipeline:361 |   Baseline     : gaussian_random_walk
2026-06-05 11:48:18 | INFO     | pipeline:362 |   Ranking      : lexicographic
2026-06-05 11:48:18 | INFO     | pipeline:363 |   Hybrid fast  : False
2026-06-05 11:48:18 | INFO     | pipeline:364 |   Runtime mode : fast_20m
2026-06-05 11:48:18 | INFO     | pipeline:365 |   Quality gate : accept quality_flag <= 2 | reject_if_all_bad=False
2026-06-05 11:48:18 | INFO     | pipeline:366 |   Skip Stage 0 : True
2026-06-05 11:48:18 | INFO     | pipeline:367 |   Skip MAP     : True
2026-06-05 11:48:18 | INFO     | pipeline:368 |   Use lag      : False
2026-06-05 11:48:18 | INFO     | pipeline:369 |   Time-varying betas : False
2026-06-05 11:48:18 | INFO     | pipeline:370 |   Dynamic saturation: False
2026-06-05 11:48:18 | INFO     | pipeline:371 |   Strict validation : False
2026-06-05 11:48:18 | INFO     | pipeline:372 |   Outlier detection : True
2026-06-05 11:48:18 | INFO     | pipeline:373 |   Stationarity test : True
2026-06-05 11:48:18 | INFO     | pipeline:374 |   Channel priors: custom (4 channels)
2026-06-05 11:48:18 | INFO     | pipeline:375 | ======================================================================
2026-06-05 11:48:18 | INFO     | pipeline:459 | [CONFIG] fast_20m caps applied — draws: 2000→800, tune: 1000→500, top_n_map: 8→8. YAML sampling.draws/tune values are overridden by runtime_mode='fast_20m'.
2026-06-05 11:48:18 | INFO     | pipeline:528 | 
[PREP] Loading and preprocessing data...
2026-06-05 11:48:18 | INFO     | data_prep:445 | Loading data from: wkly_clara_data_31Jul 2.csv
2026-06-05 11:48:18 | INFO     | data_prep:494 |   Rows after filter: 84
2026-06-05 11:48:18 | INFO     | data_prep:495 |   Date range: 2024-01-01 00:00:00 -> 2025-08-04 00:00:00
2026-06-05 11:48:18 | WARNING  | data_prep:518 | Response has <=0 values. (auto) Clipped to 0 for log1p/sqrt.
2026-06-05 11:48:18 | WARNING  | data_prep:556 | [DATA_PREP] Detected 2 outlier(s) in the response after transform. Review data quality or enable robust handling.
2026-06-05 11:48:19 | INFO     | data_prep:569 | [DATA_PREP] Stationarity checks: adf_stat=-16.9427, adf_pvalue=0.0000, kpss_stat=0.7403, kpss_pvalue=0.0100
2026-06-05 11:48:19 | INFO     | data_prep:581 |   Response transform: log1p | min=0, max=184, mean=102
2026-06-05 11:48:19 | INFO     | data_prep:612 |   Per-channel variable selections:
2026-06-05 11:48:19 | INFO     | data_prep:614 |     dv360                          -> media_impressions_clara_dv360
2026-06-05 11:48:19 | INFO     | data_prep:614 |     google                         -> media_impressions_clara_google
2026-06-05 11:48:19 | INFO     | data_prep:614 |     linkedin                       -> media_impressions_clara_linkedin
2026-06-05 11:48:19 | INFO     | data_prep:614 |     meta                           -> media_impressions_clara_meta
2026-06-05 11:48:19 | INFO     | data_prep:630 |   Media columns selected: ['media_impressions_clara_dv360', 'media_impressions_clara_google', 'media_impressions_clara_linkedin', 'media_impressions_clara_meta']
2026-06-05 11:48:19 | WARNING  | data_prep:766 | [DATA_PREP] fourier_order capped: requested 2 but T=84 weekly periods only supports 1 (need ~52 observations per order). Using fourier_order=1.
2026-06-05 11:48:19 | INFO     | data_prep:774 |   Fourier seasonality: frequency=weekly, period=52.18, order=1
2026-06-05 11:48:19 | INFO     | data_prep:811 |   T=84 weekly | C=4 channels | Fourier order=1
2026-06-05 11:48:19 | INFO     | data_prep:837 |   Channel families: ['display', 'search', 'social']
2026-06-05 11:48:19 | INFO     | data_prep:839 |     media_impressions_clara_dv360       -> display
2026-06-05 11:48:20 | INFO     | data_prep:839 |     media_impressions_clara_google      -> search
2026-06-05 11:48:20 | INFO     | data_prep:839 |     media_impressions_clara_linkedin    -> social
2026-06-05 11:48:20 | INFO     | data_prep:839 |     media_impressions_clara_meta        -> social
2026-06-05 11:48:20 | WARNING  | data_prep:1068 | [DATA_PREP] Event column(s) listed in YAML not found in CSV — they will be IGNORED: ['fraud_activity']
  Check spelling/case exactly matches the CSV header.   CSV columns available: ['date', 'panel', 'media_clicks_clara_dv360', 'media_clicks_clara_google', 'media_clicks_clara_linkedin', 'media_clicks_clara_meta', 'media_impressions_clara_dv360', 'media_impressions_clara_google', 'media_impressions_clara_linkedin', 'media_impressions_clara_meta', 'spends_clara_dv360', 'spends_clara_google', 'spends_clara_linkedin', 'spends_clara_meta', 'response_metric_inbound_deals_total', 'response_metric_inbound_signups_total']
2026-06-05 11:48:20 | DEBUG    | data_prep:1155 |   [RESET_MASK] 2 restart event(s) across 4 channels (gap threshold = 4 weeks)
2026-06-05 11:48:20 | INFO     | pipeline:532 | [PREP] Done in 1.3s
2026-06-05 11:48:20 | INFO     | priors:295 | [PRIOR-CFG] Validated 4 per-channel prior configs. Channels using defaults: []
2026-06-05 11:48:20 | INFO     | pipeline:615 | [S0] Skipped - using hybrid fast-scan winners if available
2026-06-05 11:48:20 | INFO     | pipeline:630 | 
[SPECS] Per-channel transform assignments:
2026-06-05 11:48:20 | INFO     | pipeline:632 |   [0] media_impressions_clara_dv360  -> geometric+softplus
2026-06-05 11:48:20 | INFO     | pipeline:632 |   [1] media_impressions_clara_google -> geometric+softplus
2026-06-05 11:48:20 | INFO     | pipeline:632 |   [2] media_impressions_clara_linkedin -> geometric+softplus
2026-06-05 11:48:20 | INFO     | pipeline:632 |   [3] media_impressions_clara_meta   -> geometric+softplus
2026-06-05 11:48:20 | INFO     | pipeline:634 | 
[GRID] Building full hyperparameter grid...
2026-06-05 11:48:20 | INFO     | config:329 | Full grid: 48 configurations
2026-06-05 11:48:20 | INFO     | config:361 | Pruned grid: 48 -> 48 unique (lag x fourier x adstock x sat) combinations
2026-06-05 11:48:20 | INFO     | pipeline:659 | [S1] MAP pre-screen skipped (pruned grid small enough or skip_map=True)
2026-06-05 11:48:20 | INFO     | pipeline_stages:426 | ============================================================
2026-06-05 11:48:20 | INFO     | pipeline_stages:427 | STAGE 1b - FAST MCMC SCAN
2026-06-05 11:48:20 | INFO     | pipeline_stages:430 |   Configs: 8 | Fast mode: 60 draws, 1 chain(s)
2026-06-05 11:48:20 | INFO     | pipeline_stages:431 |   Keeping top-1 for full refit
2026-06-05 11:48:20 | INFO     | pipeline_stages:433 |   Per-channel transforms: ENABLED
2026-06-05 11:48:20 | INFO     | pipeline_stages:434 | ============================================================
2026-06-05 11:48:20 | INFO     | pipeline_stages:440 | 
  [ 1/8] Fast MCMC: lag4_fo1_geometric_softplus_ta95
2026-06-05 11:48:20 | WARNING  | priors:334 | [MODEL_BUILDER] use_hierarchical=True (Case B (single-timescale)): adstock_lam_prior settings for 4 channel(s) are IGNORED: ['media_impressions_clara_google', 'media_impressions_clara_dv360', 'media_impressions_clara_linkedin', 'media_impressions_clara_meta']. In hierarchical mode, adstock decay is controlled by the family-level hl_slow_median hyperprior (priors.families in YAML), not per-channel adstock_lam_prior. To use per-channel adstock priors, set use_hierarchical=False.
2026-06-05 11:48:20 | DEBUG    | model_builder:548 |   Hierarchical geometric adstock (Case B): F=3 families, C=4 channels. Family lam medians: {'display': np.float64(0.707), 'search': np.float64(0.758), 'social': np.float64(0.63)}
2026-06-05 11:48:57 | DEBUG    | model_builder:1433 |   Sampling complete in 36.4s
2026-06-05 11:48:57 | WARNING  | metrics:217 | R-hat cannot be computed with only 1 chain - returning sentinel 1.0. Use chains >= 2 for production runs.
2026-06-05 11:48:58 | INFO     | metrics:1146 |   Temporal CV: 3 folds | mean MAPE=10.79% | mean RMSE=12.86
2026-06-05 11:48:58 | INFO     | pipeline_stages:463 |     [OK] qf=2 | MAPE=13.38% | R2=0.5626 | R-hat=1.0000 [estimated] | divs=0 | wall=36s
2026-06-05 11:48:58 | INFO     | pipeline_stages:440 | 
  [ 2/8] Fast MCMC: lag4_fo1_geometric_hill_ta95
2026-06-05 11:48:58 | WARNING  | priors:334 | [MODEL_BUILDER] use_hierarchical=True (Case B (single-timescale)): adstock_lam_prior settings for 4 channel(s) are IGNORED: ['media_impressions_clara_google', 'media_impressions_clara_dv360', 'media_impressions_clara_linkedin', 'media_impressions_clara_meta']. In hierarchical mode, adstock decay is controlled by the family-level hl_slow_median hyperprior (priors.families in YAML), not per-channel adstock_lam_prior. To use per-channel adstock priors, set use_hierarchical=False.
2026-06-05 11:48:58 | DEBUG    | model_builder:548 |   Hierarchical geometric adstock (Case B): F=3 families, C=4 channels. Family lam medians: {'display': np.float64(0.707), 'search': np.float64(0.758), 'social': np.float64(0.63)}
2026-06-05 11:49:12 | DEBUG    | model_builder:1433 |   Sampling complete in 13.5s
2026-06-05 11:49:12 | WARNING  | metrics:217 | R-hat cannot be computed with only 1 chain - returning sentinel 1.0. Use chains >= 2 for production runs.
2026-06-05 11:49:12 | INFO     | metrics:1146 |   Temporal CV: 3 folds | mean MAPE=10.42% | mean RMSE=12.42
2026-06-05 11:49:12 | INFO     | pipeline_stages:463 |     [OK] qf=2 | MAPE=13.08% | R2=0.5718 | R-hat=1.0000 [estimated] | divs=0 | wall=13s
2026-06-05 11:49:12 | INFO     | pipeline_stages:440 | 
  [ 3/8] Fast MCMC: lag4_fo1_geometric_logistic_ta95
2026-06-05 11:49:12 | WARNING  | priors:334 | [MODEL_BUILDER] use_hierarchical=True (Case B (single-timescale)): adstock_lam_prior settings for 4 channel(s) are IGNORED: ['media_impressions_clara_google', 'media_impressions_clara_dv360', 'media_impressions_clara_linkedin', 'media_impressions_clara_meta']. In hierarchical mode, adstock decay is controlled by the family-level hl_slow_median hyperprior (priors.families in YAML), not per-channel adstock_lam_prior. To use per-channel adstock priors, set use_hierarchical=False.
2026-06-05 11:49:12 | DEBUG    | model_builder:548 |   Hierarchical geometric adstock (Case B): F=3 families, C=4 channels. Family lam medians: {'display': np.float64(0.707), 'search': np.float64(0.758), 'social': np.float64(0.63)}
2026-06-05 11:49:23 | DEBUG    | model_builder:1433 |   Sampling complete in 10.8s
2026-06-05 11:49:23 | WARNING  | metrics:217 | R-hat cannot be computed with only 1 chain - returning sentinel 1.0. Use chains >= 2 for production runs.
2026-06-05 11:49:23 | INFO     | metrics:1146 |   Temporal CV: 3 folds | mean MAPE=10.24% | mean RMSE=12.14
2026-06-05 11:49:23 | INFO     | pipeline_stages:463 |     [OK] qf=2 | MAPE=13.14% | R2=0.5705 | R-hat=1.0000 [estimated] | divs=0 | wall=11s
2026-06-05 11:49:23 | INFO     | pipeline_stages:440 | 
  [ 4/8] Fast MCMC: lag4_fo1_geometric_exponential_ta95
2026-06-05 11:49:23 | WARNING  | priors:334 | [MODEL_BUILDER] use_hierarchical=True (Case B (single-timescale)): adstock_lam_prior settings for 4 channel(s) are IGNORED: ['media_impressions_clara_google', 'media_impressions_clara_dv360', 'media_impressions_clara_linkedin', 'media_impressions_clara_meta']. In hierarchical mode, adstock decay is controlled by the family-level hl_slow_median hyperprior (priors.families in YAML), not per-channel adstock_lam_prior. To use per-channel adstock priors, set use_hierarchical=False.
2026-06-05 11:49:24 | DEBUG    | model_builder:548 |   Hierarchical geometric adstock (Case B): F=3 families, C=4 channels. Family lam medians: {'display': np.float64(0.707), 'search': np.float64(0.758), 'social': np.float64(0.63)}
2026-06-05 11:49:33 | DEBUG    | model_builder:1433 |   Sampling complete in 9.0s
2026-06-05 11:49:33 | WARNING  | metrics:217 | R-hat cannot be computed with only 1 chain - returning sentinel 1.0. Use chains >= 2 for production runs.
2026-06-05 11:49:33 | INFO     | metrics:1146 |   Temporal CV: 3 folds | mean MAPE=10.06% | mean RMSE=12.26
2026-06-05 11:49:33 | INFO     | pipeline_stages:463 |     [OK] qf=2 | MAPE=13.03% | R2=0.5793 | R-hat=1.0000 [estimated] | divs=0 | wall=9s
2026-06-05 11:49:33 | INFO     | pipeline_stages:440 | 
  [ 5/8] Fast MCMC: lag4_fo1_weibull_softplus_ta95
2026-06-05 11:49:33 | WARNING  | priors:334 | [MODEL_BUILDER] use_hierarchical=True (Case B (single-timescale)): adstock_lam_prior settings for 4 channel(s) are IGNORED: ['media_impressions_clara_google', 'media_impressions_clara_dv360', 'media_impressions_clara_linkedin', 'media_impressions_clara_meta']. In hierarchical mode, adstock decay is controlled by the family-level hl_slow_median hyperprior (priors.families in YAML), not per-channel adstock_lam_prior. To use per-channel adstock priors, set use_hierarchical=False.
2026-06-05 11:49:33 | DEBUG    | model_builder:548 |   Hierarchical geometric adstock (Case B): F=3 families, C=4 channels. Family lam medians: {'display': np.float64(0.707), 'search': np.float64(0.758), 'social': np.float64(0.63)}
2026-06-05 11:49:45 | DEBUG    | model_builder:1433 |   Sampling complete in 12.1s
2026-06-05 11:49:45 | WARNING  | metrics:217 | R-hat cannot be computed with only 1 chain - returning sentinel 1.0. Use chains >= 2 for production runs.
2026-06-05 11:49:46 | INFO     | metrics:1146 |   Temporal CV: 3 folds | mean MAPE=9.63% | mean RMSE=11.71
2026-06-05 11:49:46 | INFO     | pipeline_stages:463 |     [OK] qf=2 | MAPE=12.85% | R2=0.5706 | R-hat=1.0000 [estimated] | divs=0 | wall=12s
2026-06-05 11:49:46 | INFO     | pipeline_stages:440 | 
  [ 6/8] Fast MCMC: lag4_fo1_weibull_hill_ta95
2026-06-05 11:49:46 | WARNING  | priors:334 | [MODEL_BUILDER] use_hierarchical=True (Case B (single-timescale)): adstock_lam_prior settings for 4 channel(s) are IGNORED: ['media_impressions_clara_google', 'media_impressions_clara_dv360', 'media_impressions_clara_linkedin', 'media_impressions_clara_meta']. In hierarchical mode, adstock decay is controlled by the family-level hl_slow_median hyperprior (priors.families in YAML), not per-channel adstock_lam_prior. To use per-channel adstock priors, set use_hierarchical=False.
2026-06-05 11:49:46 | DEBUG    | model_builder:548 |   Hierarchical geometric adstock (Case B): F=3 families, C=4 channels. Family lam medians: {'display': np.float64(0.707), 'search': np.float64(0.758), 'social': np.float64(0.63)}
2026-06-05 11:49:58 | DEBUG    | model_builder:1433 |   Sampling complete in 12.1s
2026-06-05 11:49:58 | WARNING  | metrics:217 | R-hat cannot be computed with only 1 chain - returning sentinel 1.0. Use chains >= 2 for production runs.
2026-06-05 11:49:58 | INFO     | metrics:1146 |   Temporal CV: 3 folds | mean MAPE=9.70% | mean RMSE=11.75
2026-06-05 11:49:58 | INFO     | pipeline_stages:463 |     [OK] qf=2 | MAPE=12.73% | R2=0.5957 | R-hat=1.0000 [estimated] | divs=0 | wall=12s
2026-06-05 11:49:58 | INFO     | pipeline_stages:440 | 
  [ 7/8] Fast MCMC: lag4_fo1_weibull_logistic_ta95
2026-06-05 11:49:58 | WARNING  | priors:334 | [MODEL_BUILDER] use_hierarchical=True (Case B (single-timescale)): adstock_lam_prior settings for 4 channel(s) are IGNORED: ['media_impressions_clara_google', 'media_impressions_clara_dv360', 'media_impressions_clara_linkedin', 'media_impressions_clara_meta']. In hierarchical mode, adstock decay is controlled by the family-level hl_slow_median hyperprior (priors.families in YAML), not per-channel adstock_lam_prior. To use per-channel adstock priors, set use_hierarchical=False.
2026-06-05 11:49:58 | DEBUG    | model_builder:548 |   Hierarchical geometric adstock (Case B): F=3 families, C=4 channels. Family lam medians: {'display': np.float64(0.707), 'search': np.float64(0.758), 'social': np.float64(0.63)}
2026-06-05 11:50:09 | DEBUG    | model_builder:1433 |   Sampling complete in 10.9s
2026-06-05 11:50:09 | WARNING  | metrics:217 | R-hat cannot be computed with only 1 chain - returning sentinel 1.0. Use chains >= 2 for production runs.
2026-06-05 11:50:10 | INFO     | metrics:1146 |   Temporal CV: 3 folds | mean MAPE=9.36% | mean RMSE=11.37
2026-06-05 11:50:10 | INFO     | pipeline_stages:463 |     [OK] qf=2 | MAPE=12.54% | R2=0.5898 | R-hat=1.0000 [estimated] | divs=0 | wall=11s
2026-06-05 11:50:10 | INFO     | pipeline_stages:440 | 
  [ 8/8] Fast MCMC: lag4_fo1_weibull_exponential_ta95
2026-06-05 11:50:10 | WARNING  | priors:334 | [MODEL_BUILDER] use_hierarchical=True (Case B (single-timescale)): adstock_lam_prior settings for 4 channel(s) are IGNORED: ['media_impressions_clara_google', 'media_impressions_clara_dv360', 'media_impressions_clara_linkedin', 'media_impressions_clara_meta']. In hierarchical mode, adstock decay is controlled by the family-level hl_slow_median hyperprior (priors.families in YAML), not per-channel adstock_lam_prior. To use per-channel adstock priors, set use_hierarchical=False.
2026-06-05 11:50:10 | DEBUG    | model_builder:548 |   Hierarchical geometric adstock (Case B): F=3 families, C=4 channels. Family lam medians: {'display': np.float64(0.707), 'search': np.float64(0.758), 'social': np.float64(0.63)}
2026-06-05 11:50:20 | DEBUG    | model_builder:1433 |   Sampling complete in 10.5s
2026-06-05 11:50:20 | WARNING  | metrics:217 | R-hat cannot be computed with only 1 chain - returning sentinel 1.0. Use chains >= 2 for production runs.
2026-06-05 11:50:21 | INFO     | metrics:1146 |   Temporal CV: 3 folds | mean MAPE=9.85% | mean RMSE=12.08
2026-06-05 11:50:21 | INFO     | pipeline_stages:463 |     [OK] qf=2 | MAPE=12.67% | R2=0.5900 | R-hat=1.0000 [estimated] | divs=0 | wall=11s
2026-06-05 11:50:21 | WARNING  | pipeline_stages:493 | [S1b] No models passed quality_flag <= 1. Falling back to top-K by ranking.
2026-06-05 11:50:21 | INFO     | pipeline_stages:502 | 
  Top-1 survivors for full refit:
2026-06-05 11:50:21 | INFO     | pipeline_stages:507 |     1. lag4_fo1_weibull_logistic_ta95                          | MAPE=12.54% | R-hat=1.0000 | LOO=N/A
2026-06-05 11:50:21 | INFO     | pipeline:78 | [TIMER] stage_1b_mcmc        2.0 min (121.2 s)  [8 models]
2026-06-05 11:50:21 | INFO     | pipeline_stages:544 | ============================================================
2026-06-05 11:50:21 | INFO     | pipeline_stages:545 | STAGE 2 - FULL REFIT
2026-06-05 11:50:21 | INFO     | pipeline_stages:546 |   Models to refit: 1 | Full settings: 800 draws, 2 chain(s)
2026-06-05 11:50:21 | INFO     | pipeline_stages:548 |   Per-channel transforms: ENABLED
2026-06-05 11:50:21 | INFO     | pipeline_stages:550 |     [0] media_impressions_clara_dv360  -> geometric+softplus
2026-06-05 11:50:21 | INFO     | pipeline_stages:550 |     [1] media_impressions_clara_google -> geometric+softplus
2026-06-05 11:50:21 | INFO     | pipeline_stages:550 |     [2] media_impressions_clara_linkedin -> geometric+softplus
2026-06-05 11:50:21 | INFO     | pipeline_stages:550 |     [3] media_impressions_clara_meta   -> geometric+softplus
2026-06-05 11:50:21 | INFO     | pipeline_stages:551 | ============================================================
2026-06-05 11:50:21 | INFO     | pipeline_stages:569 | 
  [1/1] Full refit: lag4_fo1_weibull_logistic_ta95
2026-06-05 11:50:21 | WARNING  | priors:334 | [MODEL_BUILDER] use_hierarchical=True (Case B (single-timescale)): adstock_lam_prior settings for 4 channel(s) are IGNORED: ['media_impressions_clara_google', 'media_impressions_clara_dv360', 'media_impressions_clara_linkedin', 'media_impressions_clara_meta']. In hierarchical mode, adstock decay is controlled by the family-level hl_slow_median hyperprior (priors.families in YAML), not per-channel adstock_lam_prior. To use per-channel adstock priors, set use_hierarchical=False.
2026-06-05 11:50:21 | DEBUG    | model_builder:548 |   Hierarchical geometric adstock (Case B): F=3 families, C=4 channels. Family lam medians: {'display': np.float64(0.707), 'search': np.float64(0.758), 'social': np.float64(0.63)}
2026-06-05 11:50:43 | DEBUG    | model_builder:1433 |   Sampling complete in 22.4s
2026-06-05 11:50:44 | INFO     | metrics:1146 |   Temporal CV: 3 folds | mean MAPE=10.77% | mean RMSE=12.78
2026-06-05 11:50:44 | INFO     | pipeline_stages:590 |     [OK] qf=2 | MAPE=13.53% | R2=0.5494 | R-hat=1.0074 | divs=0 | LOO=-42.68 | ESS=110 | wall=22s
2026-06-05 11:50:44 | INFO     | pipeline_stages:647 | 
  == Per-Channel Transform Summary ==
2026-06-05 11:50:44 | INFO     | pipeline_stages:650 |                          channel   adstock saturation  use_lag  lag_mode  lam_mean  alpha_sat_mean  beta_mean
   media_impressions_clara_dv360 geometric   softplus    False       NaN    2.0999             NaN        NaN
  media_impressions_clara_google geometric   softplus    False       NaN    2.9979             NaN        NaN
media_impressions_clara_linkedin geometric   softplus    False       NaN    3.1999             NaN        NaN
    media_impressions_clara_meta geometric   softplus    False       NaN    3.2391             NaN        NaN
2026-06-05 11:50:44 | INFO     | pipeline_stages:656 | 
  [BEST] BEST MODEL: lag4_fo1_weibull_logistic_ta95
2026-06-05 11:50:44 | INFO     | pipeline_stages:657 |     MAPE       : 13.5349%
2026-06-05 11:50:44 | INFO     | pipeline_stages:658 |     R2         : 0.5494
2026-06-05 11:50:44 | INFO     | pipeline_stages:659 |     Pearson r  : 0.8234
2026-06-05 11:50:44 | INFO     | pipeline_stages:660 |     Max R-hat  : 1.00738
2026-06-05 11:50:44 | INFO     | pipeline_stages:661 |     ESS bulk   : 110
2026-06-05 11:50:44 | INFO     | pipeline_stages:662 |     ESS tail   : 171
2026-06-05 11:50:44 | INFO     | pipeline_stages:663 |     Divergences: 0
2026-06-05 11:50:44 | INFO     | pipeline_stages:664 |     LOO-IC     : -42.6832
2026-06-05 11:50:44 | INFO     | pipeline_stages:665 |     WAIC       : -42.0308
2026-06-05 11:50:44 | INFO     | pipeline:78 | [TIMER] stage_2_full         0.4 min (23.4 s)  [1 models]
2026-06-05 11:50:44 | INFO     | pipeline:692 | 
[ANALYSIS] Computing channel contributions...
2026-06-05 11:50:44 | INFO     | pipeline:697 | 
  Channel Contribution Summary:
2026-06-05 11:50:44 | INFO     | pipeline:698 |                          channel  mean_share_pct  roi_proxy  hdi_90_low  hdi_90_high
    media_impressions_clara_meta         27.1984   0.095017    3.734465    49.968409
media_impressions_clara_linkedin         25.8000   0.241608    0.000030    47.714906
  media_impressions_clara_google         23.9495   0.025035    0.001135    47.146358
   media_impressions_clara_dv360         23.0521   0.160992    0.007450    44.712000
2026-06-05 11:50:44 | INFO     | pipeline:702 | 
  Component Contribution Summary:
2026-06-05 11:50:44 | INFO     | pipeline:703 |   component     group  share_abs_pct  mean_effect
media_total     media      52.059716     0.977024
   baseline non_media      46.383449    -0.870496
seasonality non_media       1.556835     0.019940
2026-06-05 11:50:44 | INFO     | pipeline:78 | [TIMER] analysis             0.0 min (0.0 s)
2026-06-05 11:50:44 | INFO     | pipeline:719 | 
======================================================================
2026-06-05 11:50:44 | INFO     | pipeline:720 |   PIPELINE COMPLETE
2026-06-05 11:50:44 | INFO     | pipeline:721 | ======================================================================
2026-06-05 11:50:44 | INFO     | pipeline:722 |   Total wall time   : 2.4 minutes
2026-06-05 11:50:44 | INFO     | pipeline:723 |   Best model key    : lag4_fo1_weibull_logistic_ta95
2026-06-05 11:50:44 | INFO     | pipeline:724 |   Fourier order     : 1
2026-06-05 11:50:44 | INFO     | pipeline:725 |   Max adstock lag   : 4
2026-06-05 11:50:44 | INFO     | pipeline:728 |   Quality flag      : 2 (0=best, 2=poor)
2026-06-05 11:50:44 | INFO     | pipeline:729 |   MAPE              : 13.5349%
2026-06-05 11:50:44 | INFO     | pipeline:730 |   R2                : 0.5494
2026-06-05 11:50:44 | INFO     | pipeline:731 |   Pearson r         : 0.8234
2026-06-05 11:50:44 | INFO     | pipeline:732 |   Max R-hat         : 1.00738
2026-06-05 11:50:44 | INFO     | pipeline:733 |   ESS bulk (min)    : 110
2026-06-05 11:50:44 | INFO     | pipeline:734 |   ESS tail (min)    : 171
2026-06-05 11:50:44 | INFO     | pipeline:735 |   Divergences       : 0
2026-06-05 11:50:44 | INFO     | pipeline:736 |   LOO-IC            : -42.6832 +/- 13.8043
2026-06-05 11:50:44 | INFO     | pipeline:737 |   WAIC              : -42.0308
2026-06-05 11:50:44 | INFO     | pipeline:741 | 
[PLOTS] Generating diagnostic plots...
2026-06-05 11:50:44 | INFO     | plots:1121 | Generating plots...
2026-06-05 11:50:45 | INFO     | plots:50 |   Saved: Bayesian_Output\01_actual_vs_fitted.png
2026-06-05 11:50:45 | INFO     | plots:50 |   Saved: Bayesian_Output\02_media_contributions.png
2026-06-05 11:50:45 | INFO     | plots:50 |   Saved: Bayesian_Output\03_channel_share.png
2026-06-05 11:50:46 | INFO     | plots:50 |   Saved: Bayesian_Output\04_convergence_diagnostics.png
2026-06-05 11:50:46 | INFO     | plots:50 |   Saved: Bayesian_Output\05_posterior_betas.png
2026-06-05 11:50:46 | INFO     | plots:50 |   Saved: Bayesian_Output\06_component_share.png
2026-06-05 11:50:47 | INFO     | plots:50 |   Saved: Bayesian_Output\07_az_trace.png
2026-06-05 11:50:47 | WARNING  | priors:334 | [MODEL_BUILDER] use_hierarchical=True (Case B (single-timescale)): adstock_lam_prior settings for 4 channel(s) are IGNORED: ['media_impressions_clara_google', 'media_impressions_clara_dv360', 'media_impressions_clara_linkedin', 'media_impressions_clara_meta']. In hierarchical mode, adstock decay is controlled by the family-level hl_slow_median hyperprior (priors.families in YAML), not per-channel adstock_lam_prior. To use per-channel adstock priors, set use_hierarchical=False.
2026-06-05 11:50:47 | DEBUG    | model_builder:548 |   Hierarchical geometric adstock (Case B): F=3 families, C=4 channels. Family lam medians: {'display': np.float64(0.707), 'search': np.float64(0.758), 'social': np.float64(0.63)}
2026-06-05 11:51:09 | INFO     | plots:50 |   Saved: Bayesian_Output\08_ppc.png
2026-06-05 11:51:10 | INFO     | plots:50 |   Saved: Bayesian_Output\09_full_contribution_bar.png
2026-06-05 11:51:10 | INFO     | plots:883 |   Saved: Bayesian_Output\01_actual_vs_fitted_interactive.html
2026-06-05 11:51:10 | INFO     | plots:931 |   Saved: Bayesian_Output\02_media_contributions_interactive.html
2026-06-05 11:51:10 | INFO     | plots:998 |   Saved: Bayesian_Output\03_channel_share_interactive.html
2026-06-05 11:51:10 | INFO     | plots:1043 |   Saved: Bayesian_Output\06_component_share_interactive.html
2026-06-05 11:51:10 | INFO     | plots:1105 |   Saved: Bayesian_Output\dashboard.html  ← open this for all charts on one page
2026-06-05 11:51:10 | INFO     | plots:1147 |   All plots saved to: Bayesian_Output
2026-06-05 11:51:10 | INFO     | pipeline:78 | [TIMER] plots                0.4 min (25.8 s)
2026-06-05 11:51:10 | INFO     | pipeline:746 | 
[EXPORT] Writing output files...
2026-06-05 11:51:10 | INFO     | export:737 | Exporting results...
2026-06-05 11:51:10 | INFO     | export:785 |   Saved: Bayesian_Output\model_results\best_model.json
2026-06-05 11:51:10 | INFO     | export:796 |   Saved: Bayesian_Output\model_results\scan_stage1b.csv
2026-06-05 11:51:10 | INFO     | export:796 |   Saved: Bayesian_Output\model_results\scan_stage2.csv
2026-06-05 11:51:10 | INFO     | export:801 |   Saved: Bayesian_Output\model_results\channel_contributions.csv
2026-06-05 11:51:10 | INFO     | export:812 |   Saved: Bayesian_Output\model_results\component_contributions.csv
2026-06-05 11:51:10 | INFO     | export:818 |   Saved: Bayesian_Output\model_results\channel_transform_summary.csv
2026-06-05 11:51:10 | INFO     | export:871 |   Saved: Bayesian_Output\model_results\media_share_weekly.csv
2026-06-05 11:51:10 | INFO     | export:909 |   Saved: Bayesian_Output\model_results\actual_vs_predicted.csv
2026-06-05 11:51:10 | INFO     | export:914 |   Saved: Bayesian_Output\model_results\weekly_decomposition.csv
2026-06-05 11:51:11 | INFO     | export:928 |   Saved: Bayesian_Output\model_results\az_summary.csv
2026-06-05 11:51:11 | INFO     | export:949 |   Saved: Bayesian_Output\model_results\model_summary.txt
2026-06-05 11:51:11 | INFO     | export:953 |   All exports complete -> Bayesian_Output\model_results
2026-06-05 11:51:11 | INFO     | priors:600 |   Saved: Bayesian_Output\model_results\return_index.csv
2026-06-05 11:51:11 | INFO     | priors:617 |   Saved: Bayesian_Output\model_results\return_index.xlsx
2026-06-05 11:51:11 | INFO     | export:963 |   Return index summary:
                      channel_id modeled_metric  mean_return_index  mean_return_index_spend  lower_bound  upper_bound  mean_contribution_signups  mean_weekly_metric_value  mean_weekly_spend
media_impressions_clara_linkedin    Impressions             0.2416                  20.9494       0.0138       0.5368                    26.4279                 109383.33            1261.51
   media_impressions_clara_dv360    Impressions             0.1610                 100.4394       0.0087       0.3942                    23.6357                 146812.73             235.32
    media_impressions_clara_meta    Impressions             0.0950                  16.0814       0.0147       0.2076                    27.8439                 293042.37            1731.43
  media_impressions_clara_google    Impressions             0.0250                   2.6086       0.0005       0.0615                    24.5484                 980558.85            9410.40
2026-06-05 11:51:11 | INFO     | priors:653 |   Saved: Bayesian_Output\model_results\channel_prior_config.csv
2026-06-05 11:51:11 | INFO     | export:985 |   Saved: Bayesian_Output\model_results\stage_timings.csv
2026-06-05 11:51:12 | INFO     | export:288 |   Saved: Bayesian_Output\model_results\model_results.xlsx
2026-06-05 11:51:12 | INFO     | pipeline:78 | [TIMER] export               0.0 min (2.1 s)
2026-06-05 11:51:12 | INFO     | pipeline:121 | [STATE] Saving posterior trace...
2026-06-05 11:51:14 | INFO     | pipeline:123 |   trace.nc  — 11.5 MB
2026-06-05 11:51:14 | INFO     | pipeline:131 |   prep.pkl  — 0.0 MB
2026-06-05 11:51:14 | INFO     | pipeline:165 |   best_cfg.json saved
2026-06-05 11:51:14 | INFO     | pipeline:769 | 
[STATE] Model state saved. Run post-pipeline analysis when ready:
  optimisation: section detected in YAML — run standalone scripts to apply it:
  python analyze.py curves    --config <yaml>   <- response curves
  python analyze.py optimise  --config <yaml>   <- forward budget optimisation
  python analyze.py reverse   --config <yaml>   <- reverse optimisation
  python analyze.py scenarios --config <yaml>   <- scenario comparison
  python analyze.py report    --config <yaml>   <- full HTML report
  python analyze.py all       --config <yaml>   <- run everything
2026-06-05 11:54:18 | INFO     | pipeline:196 | [LOAD] trace.nc  <- Bayesian_Output\trace.nc
2026-06-05 11:54:18 | INFO     | pipeline:199 | [LOAD] prep.pkl  <- Bayesian_Output\prep.pkl
2026-06-05 11:54:19 | DEBUG    | optimisation:1922 |   [CPP] Loaded source CSV: wkly_clara_data_31Jul 2.csv
2026-06-05 11:54:19 | INFO     | optimisation:1948 |   [CPP] media_impressions_clara_dv360             Impressions      CPM (GBP / 1000 imps) = 0.001603  [computed from data]
2026-06-05 11:54:19 | INFO     | optimisation:1948 |   [CPP] media_impressions_clara_google            Impressions      CPM (GBP / 1000 imps) = 0.009597  [computed from data]
2026-06-05 11:54:19 | INFO     | optimisation:1948 |   [CPP] media_impressions_clara_linkedin          Impressions      CPM (GBP / 1000 imps) = 0.011533  [computed from data]
2026-06-05 11:54:19 | INFO     | optimisation:1948 |   [CPP] media_impressions_clara_meta              Impressions      CPM (GBP / 1000 imps) = 0.005908  [computed from data]
2026-06-05 11:54:19 | INFO     | analyze:99 | 
  Channel metric types and cost-per-unit rates:
  Channel                                       Metric           Rate
  --------------------------------------------------------------------------------
  media_impressions_clara_dv360                 Impressions      0.001603  (CPM (GBP / 1000 imps))
  media_impressions_clara_google                Impressions      0.009597  (CPM (GBP / 1000 imps))
  media_impressions_clara_linkedin              Impressions      0.011533  (CPM (GBP / 1000 imps))
  media_impressions_clara_meta                  Impressions      0.005908  (CPM (GBP / 1000 imps))
2026-06-05 11:54:19 | INFO     | analyze:159 | 
[CURVES] Computing instantaneous response curves...
2026-06-05 11:54:19 | INFO     | analysis:697 |   [RC:instantaneous] media_impressions_clara_dv360  max_signups=68.04 @ GBP 1,389
2026-06-05 11:54:19 | INFO     | analysis:697 |   [RC:instantaneous] media_impressions_clara_google max_signups=71.21 @ GBP 100,321
2026-06-05 11:54:19 | INFO     | analysis:697 |   [RC:instantaneous] media_impressions_clara_linkedin max_signups=80.55 @ GBP 9,065
2026-06-05 11:54:19 | INFO     | analysis:697 |   [RC:instantaneous] media_impressions_clara_meta   max_signups=83.64 @ GBP 9,358
2026-06-05 11:54:19 | INFO     | analysis:703 |   Response curves computed for 4 channels x 100 spend points.
2026-06-05 11:54:19 | INFO     | analyze:163 |   Saved: Bayesian_Output\response_curves\response_curves_instantaneous.csv
2026-06-05 11:54:19 | INFO     | analysis:1314 |   Saved: Bayesian_Output\response_curves\instantaneous\response_curves.png
2026-06-05 11:54:20 | INFO     | analysis:1397 |   Saved: Bayesian_Output\response_curves\instantaneous\response_curve_media_impressions_clara_dv360.png
2026-06-05 11:54:20 | INFO     | analysis:1397 |   Saved: Bayesian_Output\response_curves\instantaneous\response_curve_media_impressions_clara_google.png
2026-06-05 11:54:20 | INFO     | analysis:1397 |   Saved: Bayesian_Output\response_curves\instantaneous\response_curve_media_impressions_clara_linkedin.png
2026-06-05 11:54:20 | INFO     | analysis:1397 |   Saved: Bayesian_Output\response_curves\instantaneous\response_curve_media_impressions_clara_meta.png
2026-06-05 11:54:20 | INFO     | analyze:169 | 
[CURVES] Computing steady-state response curves...
2026-06-05 11:54:20 | INFO     | analysis:697 |   [RC:steady_state] media_impressions_clara_dv360  max_signups=1461.40 @ GBP 1,389
2026-06-05 11:54:20 | INFO     | analysis:697 |   [RC:steady_state] media_impressions_clara_google max_signups=2622.85 @ GBP 100,321
2026-06-05 11:54:20 | INFO     | analysis:697 |   [RC:steady_state] media_impressions_clara_linkedin max_signups=839.85 @ GBP 9,065
2026-06-05 11:54:20 | INFO     | analysis:697 |   [RC:steady_state] media_impressions_clara_meta   max_signups=951.67 @ GBP 9,358
2026-06-05 11:54:20 | INFO     | analysis:703 |   Response curves computed for 4 channels x 100 spend points.
2026-06-05 11:54:20 | INFO     | analysis:697 |   [RC:steady_state] media_impressions_clara_dv360  max_signups=1461.40 @ GBP 1,389
2026-06-05 11:54:20 | INFO     | analysis:697 |   [RC:steady_state] media_impressions_clara_google max_signups=2622.85 @ GBP 100,321
2026-06-05 11:54:20 | INFO     | analysis:697 |   [RC:steady_state] media_impressions_clara_linkedin max_signups=839.85 @ GBP 9,065
2026-06-05 11:54:20 | INFO     | analysis:697 |   [RC:steady_state] media_impressions_clara_meta   max_signups=951.67 @ GBP 9,358
2026-06-05 11:54:20 | INFO     | analysis:703 |   Response curves computed for 4 channels x 101 spend points.
2026-06-05 11:54:20 | INFO     | analysis:742 |   Marginal ROI curves computed.
2026-06-05 11:54:20 | INFO     | analysis:697 |   [RC:steady_state] media_impressions_clara_dv360  max_signups=2475983.82 @ GBP 4,629
2026-06-05 11:54:20 | INFO     | analysis:697 |   [RC:steady_state] media_impressions_clara_google max_signups=16509523.58 @ GBP 334,403
2026-06-05 11:54:20 | INFO     | analysis:697 |   [RC:steady_state] media_impressions_clara_linkedin max_signups=495707.35 @ GBP 30,216
2026-06-05 11:54:20 | INFO     | analysis:697 |   [RC:steady_state] media_impressions_clara_meta   max_signups=741808.58 @ GBP 31,193
2026-06-05 11:54:20 | INFO     | analysis:703 |   Response curves computed for 4 channels x 200 spend points.
2026-06-05 11:54:36 | INFO     | pipeline:196 | [LOAD] trace.nc  <- Bayesian_Output\trace.nc
2026-06-05 11:54:36 | INFO     | pipeline:199 | [LOAD] prep.pkl  <- Bayesian_Output\prep.pkl
2026-06-05 11:54:36 | DEBUG    | optimisation:1922 |   [CPP] Loaded source CSV: wkly_clara_data_31Jul 2.csv
2026-06-05 11:54:36 | INFO     | optimisation:1948 |   [CPP] media_impressions_clara_dv360             Impressions      CPM (GBP / 1000 imps) = 0.001603  [computed from data]
2026-06-05 11:54:36 | INFO     | optimisation:1948 |   [CPP] media_impressions_clara_google            Impressions      CPM (GBP / 1000 imps) = 0.009597  [computed from data]
2026-06-05 11:54:36 | INFO     | optimisation:1948 |   [CPP] media_impressions_clara_linkedin          Impressions      CPM (GBP / 1000 imps) = 0.011533  [computed from data]
2026-06-05 11:54:36 | INFO     | optimisation:1948 |   [CPP] media_impressions_clara_meta              Impressions      CPM (GBP / 1000 imps) = 0.005908  [computed from data]
2026-06-05 11:54:36 | INFO     | analyze:99 | 
  Channel metric types and cost-per-unit rates:
  Channel                                       Metric           Rate
  --------------------------------------------------------------------------------
  media_impressions_clara_dv360                 Impressions      0.001603  (CPM (GBP / 1000 imps))
  media_impressions_clara_google                Impressions      0.009597  (CPM (GBP / 1000 imps))
  media_impressions_clara_linkedin              Impressions      0.011533  (CPM (GBP / 1000 imps))
  media_impressions_clara_meta                  Impressions      0.005908  (CPM (GBP / 1000 imps))
2026-06-05 11:54:36 | INFO     | analyze:524 |   [SEQ] spend_in_currency=true → CPP forced to 1.0 for all channels
2026-06-05 11:54:36 | INFO     | analyze:621 | 
[SEQUENTIAL] Scenario 1: Current Spend | type=forward | n_months=1 | budget=£6,119,189
2026-06-05 11:54:36 | INFO     | optimisation:1647 |   [SEQ-OPT] n_months=1  n_ppm=4  total=£6,119,189.10  monthly=£6,119,189.10  round_budget_pct=0.020
2026-06-05 11:54:36 | INFO     | optimisation:1770 |   [SEQ-OPT] month=1  opt=57.89  bau=49.29  curr=488.81
2026-06-05 11:54:36 | ERROR    | analyze:632 |   [SEQUENTIAL] Current Spend failed: type NoneType doesn't define __round__ method
2026-06-05 11:54:36 | DEBUG    | analyze:633 | Traceback (most recent call last):
  File "C:\Users\DebasishBanik\OneDrive - Blend 360\Desktop\Bayesian_Code\analyze.py", line 626, in cmd_sequential
    df_sum, df_ch, df_mon = optimise_budget_sequential(
                            ~~~~~~~~~~~~~~~~~~~~~~~~~~^
        best, prep,
        ^^^^^^^^^^^
        total_budget = total_b,
        ^^^^^^^^^^^^^^^^^^^^^^^
        **_shared_kw,
        ^^^^^^^^^^^^^
    )
    ^
  File "C:\Users\DebasishBanik\OneDrive - Blend 360\Desktop\Bayesian_Code\optimisation.py", line 1834, in optimise_budget_sequential
    "step_size_gbp"                  : round(step_size, 2),
                                       ~~~~~^^^^^^^^^^^^^^
TypeError: type NoneType doesn't define __round__ method

2026-06-05 11:54:36 | INFO     | analyze:621 | 
[SEQUENTIAL] Scenario 2: Budget +20% | type=forward | n_months=1 | budget=£7,343,027
2026-06-05 11:54:36 | INFO     | optimisation:1647 |   [SEQ-OPT] n_months=1  n_ppm=4  total=£7,343,026.91  monthly=£7,343,026.91  round_budget_pct=0.020
2026-06-05 11:54:37 | INFO     | optimisation:1770 |   [SEQ-OPT] month=1  opt=63.33  bau=60.46  curr=488.81
2026-06-05 11:54:37 | ERROR    | analyze:632 |   [SEQUENTIAL] Budget +20% failed: type NoneType doesn't define __round__ method
2026-06-05 11:54:37 | DEBUG    | analyze:633 | Traceback (most recent call last):
  File "C:\Users\DebasishBanik\OneDrive - Blend 360\Desktop\Bayesian_Code\analyze.py", line 626, in cmd_sequential
    df_sum, df_ch, df_mon = optimise_budget_sequential(
                            ~~~~~~~~~~~~~~~~~~~~~~~~~~^
        best, prep,
        ^^^^^^^^^^^
        total_budget = total_b,
        ^^^^^^^^^^^^^^^^^^^^^^^
        **_shared_kw,
        ^^^^^^^^^^^^^
    )
    ^
  File "C:\Users\DebasishBanik\OneDrive - Blend 360\Desktop\Bayesian_Code\optimisation.py", line 1834, in optimise_budget_sequential
    "step_size_gbp"                  : round(step_size, 2),
                                       ~~~~~^^^^^^^^^^^^^^
TypeError: type NoneType doesn't define __round__ method

2026-06-05 11:54:37 | INFO     | analyze:621 | 
[SEQUENTIAL] Scenario 3: Budget -20% | type=forward | n_months=1 | budget=£4,895,351
2026-06-05 11:54:37 | INFO     | optimisation:1647 |   [SEQ-OPT] n_months=1  n_ppm=4  total=£4,895,351.28  monthly=£4,895,351.28  round_budget_pct=0.020
2026-06-05 11:54:37 | INFO     | optimisation:1770 |   [SEQ-OPT] month=1  opt=45.54  bau=38.54  curr=488.81
2026-06-05 11:54:37 | ERROR    | analyze:632 |   [SEQUENTIAL] Budget -20% failed: type NoneType doesn't define __round__ method
2026-06-05 11:54:37 | DEBUG    | analyze:633 | Traceback (most recent call last):
  File "C:\Users\DebasishBanik\OneDrive - Blend 360\Desktop\Bayesian_Code\analyze.py", line 626, in cmd_sequential
    df_sum, df_ch, df_mon = optimise_budget_sequential(
                            ~~~~~~~~~~~~~~~~~~~~~~~~~~^
        best, prep,
        ^^^^^^^^^^^
        total_budget = total_b,
        ^^^^^^^^^^^^^^^^^^^^^^^
        **_shared_kw,
        ^^^^^^^^^^^^^
    )
    ^
  File "C:\Users\DebasishBanik\OneDrive - Blend 360\Desktop\Bayesian_Code\optimisation.py", line 1834, in optimise_budget_sequential
    "step_size_gbp"                  : round(step_size, 2),
                                       ~~~~~^^^^^^^^^^^^^^
TypeError: type NoneType doesn't define __round__ method

2026-06-05 11:54:37 | INFO     | analyze:606 | 
[SEQUENTIAL] Scenario 4: Reverse - Match Current Response | type=reverse | n_months=1 | target=observed mean
2026-06-05 11:54:37 | ERROR    | analyze:617 |   [SEQUENTIAL] Reverse - Match Current Response failed: minimise_spend_sequential() got an unexpected keyword argument 'step_size'
2026-06-05 11:54:37 | DEBUG    | analyze:618 | Traceback (most recent call last):
  File "C:\Users\DebasishBanik\OneDrive - Blend 360\Desktop\Bayesian_Code\analyze.py", line 611, in cmd_sequential
    df_sum, df_ch, df_mon = minimise_spend_sequential(
                            ~~~~~~~~~~~~~~~~~~~~~~~~~^
        best, prep,
        ^^^^^^^^^^^
        target_response = float(t_resp) if t_resp else None,
        ^^^^^^^^^^^^^^^^^^^^^^^^^^^^^^^^^^^^^^^^^^^^^^^^^^^^
        **_shared_kw,
        ^^^^^^^^^^^^^
    )
    ^
TypeError: minimise_spend_sequential() got an unexpected keyword argument 'step_size'

2026-06-05 11:54:37 | WARNING  | analyze:663 | [SEQUENTIAL] No scenarios completed successfully.
2026-06-05 11:56:00 | INFO     | pipeline:196 | [LOAD] trace.nc  <- Bayesian_Output\trace.nc
2026-06-05 11:56:01 | INFO     | pipeline:199 | [LOAD] prep.pkl  <- Bayesian_Output\prep.pkl
2026-06-05 11:56:01 | DEBUG    | optimisation:1922 |   [CPP] Loaded source CSV: wkly_clara_data_31Jul 2.csv
2026-06-05 11:56:01 | INFO     | optimisation:1948 |   [CPP] media_impressions_clara_dv360             Impressions      CPM (GBP / 1000 imps) = 0.001603  [computed from data]
2026-06-05 11:56:01 | INFO     | optimisation:1948 |   [CPP] media_impressions_clara_google            Impressions      CPM (GBP / 1000 imps) = 0.009597  [computed from data]
2026-06-05 11:56:01 | INFO     | optimisation:1948 |   [CPP] media_impressions_clara_linkedin          Impressions      CPM (GBP / 1000 imps) = 0.011533  [computed from data]
2026-06-05 11:56:01 | INFO     | optimisation:1948 |   [CPP] media_impressions_clara_meta              Impressions      CPM (GBP / 1000 imps) = 0.005908  [computed from data]
2026-06-05 11:56:01 | INFO     | analyze:99 | 
  Channel metric types and cost-per-unit rates:
  Channel                                       Metric           Rate
  --------------------------------------------------------------------------------
  media_impressions_clara_dv360                 Impressions      0.001603  (CPM (GBP / 1000 imps))
  media_impressions_clara_google                Impressions      0.009597  (CPM (GBP / 1000 imps))
  media_impressions_clara_linkedin              Impressions      0.011533  (CPM (GBP / 1000 imps))
  media_impressions_clara_meta                  Impressions      0.005908  (CPM (GBP / 1000 imps))
2026-06-05 11:56:01 | INFO     | analyze:159 | 
[CURVES] Computing instantaneous response curves...
2026-06-05 11:56:01 | INFO     | analysis:697 |   [RC:instantaneous] media_impressions_clara_dv360  max_signups=68.04 @ GBP 1,389
2026-06-05 11:56:01 | INFO     | analysis:697 |   [RC:instantaneous] media_impressions_clara_google max_signups=71.21 @ GBP 100,321
2026-06-05 11:56:01 | INFO     | analysis:697 |   [RC:instantaneous] media_impressions_clara_linkedin max_signups=80.55 @ GBP 9,065
2026-06-05 11:56:01 | INFO     | analysis:697 |   [RC:instantaneous] media_impressions_clara_meta   max_signups=83.64 @ GBP 9,358
2026-06-05 11:56:01 | INFO     | analysis:703 |   Response curves computed for 4 channels x 100 spend points.
2026-06-05 11:56:01 | INFO     | analyze:163 |   Saved: Bayesian_Output\response_curves\response_curves_instantaneous.csv
2026-06-05 11:56:01 | INFO     | analysis:1314 |   Saved: Bayesian_Output\response_curves\instantaneous\response_curves.png
2026-06-05 11:56:01 | INFO     | analysis:1397 |   Saved: Bayesian_Output\response_curves\instantaneous\response_curve_media_impressions_clara_dv360.png
2026-06-05 11:56:02 | INFO     | analysis:1397 |   Saved: Bayesian_Output\response_curves\instantaneous\response_curve_media_impressions_clara_google.png
2026-06-05 11:56:02 | INFO     | analysis:1397 |   Saved: Bayesian_Output\response_curves\instantaneous\response_curve_media_impressions_clara_linkedin.png
2026-06-05 11:56:02 | INFO     | analysis:1397 |   Saved: Bayesian_Output\response_curves\instantaneous\response_curve_media_impressions_clara_meta.png
2026-06-05 11:56:02 | INFO     | analyze:169 | 
[CURVES] Computing steady-state response curves...
2026-06-05 11:56:02 | INFO     | analysis:697 |   [RC:steady_state] media_impressions_clara_dv360  max_signups=1461.40 @ GBP 1,389
2026-06-05 11:56:02 | INFO     | analysis:697 |   [RC:steady_state] media_impressions_clara_google max_signups=2622.85 @ GBP 100,321
2026-06-05 11:56:02 | INFO     | analysis:697 |   [RC:steady_state] media_impressions_clara_linkedin max_signups=839.85 @ GBP 9,065
2026-06-05 11:56:02 | INFO     | analysis:697 |   [RC:steady_state] media_impressions_clara_meta   max_signups=951.67 @ GBP 9,358
2026-06-05 11:56:02 | INFO     | analysis:703 |   Response curves computed for 4 channels x 100 spend points.
2026-06-05 11:56:02 | INFO     | analysis:697 |   [RC:steady_state] media_impressions_clara_dv360  max_signups=1461.40 @ GBP 1,389
2026-06-05 11:56:02 | INFO     | analysis:697 |   [RC:steady_state] media_impressions_clara_google max_signups=2622.85 @ GBP 100,321
2026-06-05 11:56:02 | INFO     | analysis:697 |   [RC:steady_state] media_impressions_clara_linkedin max_signups=839.85 @ GBP 9,065
2026-06-05 11:56:02 | INFO     | analysis:697 |   [RC:steady_state] media_impressions_clara_meta   max_signups=951.67 @ GBP 9,358
2026-06-05 11:56:02 | INFO     | analysis:703 |   Response curves computed for 4 channels x 101 spend points.
2026-06-05 11:56:02 | INFO     | analysis:742 |   Marginal ROI curves computed.
2026-06-05 11:56:02 | INFO     | analysis:697 |   [RC:steady_state] media_impressions_clara_dv360  max_signups=2475983.82 @ GBP 4,629
2026-06-05 11:56:02 | INFO     | analysis:697 |   [RC:steady_state] media_impressions_clara_google max_signups=16509523.58 @ GBP 334,403
2026-06-05 11:56:02 | INFO     | analysis:697 |   [RC:steady_state] media_impressions_clara_linkedin max_signups=495707.35 @ GBP 30,216
2026-06-05 11:56:02 | INFO     | analysis:697 |   [RC:steady_state] media_impressions_clara_meta   max_signups=741808.58 @ GBP 31,193
2026-06-05 11:56:02 | INFO     | analysis:703 |   Response curves computed for 4 channels x 200 spend points.
2026-06-05 11:56:02 | INFO     | analysis:821 |   [SATURATION] Analysis complete for 4 channels.
2026-06-05 11:56:02 | INFO     | analyze:175 |   Saved: Bayesian_Output\response_curves\response_curves_steady_state.csv
2026-06-05 11:56:03 | INFO     | analysis:1314 |   Saved: Bayesian_Output\response_curves\response_curves.png
2026-06-05 11:56:03 | INFO     | analysis:1397 |   Saved: Bayesian_Output\response_curves\response_curve_media_impressions_clara_dv360.png
2026-06-05 11:56:03 | INFO     | analysis:1397 |   Saved: Bayesian_Output\response_curves\response_curve_media_impressions_clara_google.png
2026-06-05 11:56:03 | INFO     | analysis:1397 |   Saved: Bayesian_Output\response_curves\response_curve_media_impressions_clara_linkedin.png
2026-06-05 11:56:03 | INFO     | analysis:1397 |   Saved: Bayesian_Output\response_curves\response_curve_media_impressions_clara_meta.png
2026-06-05 11:56:03 | INFO     | analyze:184 |   Saved: Bayesian_Output\response_curves\marginal_roi.csv
2026-06-05 11:56:03 | INFO     | analyze:184 |   Saved: Bayesian_Output\response_curves\saturation_analysis.csv
2026-06-05 11:56:03 | INFO     | analyze:187 | 
[CURVES] Computing multi-period cumulative curves (1M/3M/6M/1Y)...
2026-06-05 11:56:04 | INFO     | analysis:1018 |   [RC-MP:1M] media_impressions_clara_dv360  obs_period=GBP 941  cumul_signups=52.0
2026-06-05 11:56:04 | INFO     | analysis:1018 |   [RC-MP:1M] media_impressions_clara_google obs_period=GBP 37,642  cumul_signups=25.8
2026-06-05 11:56:04 | INFO     | analysis:1018 |   [RC-MP:1M] media_impressions_clara_linkedin obs_period=GBP 5,046  cumul_signups=44.1
2026-06-05 11:56:04 | INFO     | analysis:1018 |   [RC-MP:1M] media_impressions_clara_meta   obs_period=GBP 6,926  cumul_signups=65.5
2026-06-05 11:56:04 | INFO     | analysis:1018 |   [RC-MP:3M] media_impressions_clara_dv360  obs_period=GBP 3,059  cumul_signups=190.7
2026-06-05 11:56:04 | INFO     | analysis:1018 |   [RC-MP:3M] media_impressions_clara_google obs_period=GBP 122,335  cumul_signups=93.1
2026-06-05 11:56:04 | INFO     | analysis:1018 |   [RC-MP:3M] media_impressions_clara_linkedin obs_period=GBP 16,400  cumul_signups=156.5
2026-06-05 11:56:04 | INFO     | analysis:1018 |   [RC-MP:3M] media_impressions_clara_meta   obs_period=GBP 22,509  cumul_signups=237.1
2026-06-05 11:56:04 | INFO     | analysis:1018 |   [RC-MP:6M] media_impressions_clara_dv360  obs_period=GBP 6,118  cumul_signups=396.5
2026-06-05 11:56:04 | INFO     | analysis:1018 |   [RC-MP:6M] media_impressions_clara_google obs_period=GBP 244,670  cumul_signups=194.1
2026-06-05 11:56:04 | INFO     | analysis:1018 |   [RC-MP:6M] media_impressions_clara_linkedin obs_period=GBP 32,799  cumul_signups=322.0
2026-06-05 11:56:04 | INFO     | analysis:1018 |   [RC-MP:6M] media_impressions_clara_meta   obs_period=GBP 45,017  cumul_signups=490.2
2026-06-05 11:56:05 | INFO     | analysis:1018 |   [RC-MP:1Y] media_impressions_clara_dv360  obs_period=GBP 12,237  cumul_signups=808.8
2026-06-05 11:56:05 | INFO     | analysis:1018 |   [RC-MP:1Y] media_impressions_clara_google obs_period=GBP 489,341  cumul_signups=397.6
2026-06-05 11:56:05 | INFO     | analysis:1018 |   [RC-MP:1Y] media_impressions_clara_linkedin obs_period=GBP 65,599  cumul_signups=653.3
2026-06-05 11:56:05 | INFO     | analysis:1018 |   [RC-MP:1Y] media_impressions_clara_meta   obs_period=GBP 90,035  cumul_signups=997.1
2026-06-05 11:56:05 | INFO     | analysis:1025 |   Multi-period response curves: 4 periods x 4 channels x 150 points.
2026-06-05 11:56:05 | INFO     | analyze:194 |   Saved: Bayesian_Output\response_curves\response_curves_multiperiod.csv
2026-06-05 11:56:06 | INFO     | analysis:1131 |   Saved: Bayesian_Output\response_curves\multiperiod\response_curves_multiperiod.png
2026-06-05 11:56:07 | INFO     | analysis:1184 |   Saved: Bayesian_Output\response_curves\multiperiod\response_curves_multiperiod_1M.png
2026-06-05 11:56:07 | INFO     | analysis:1184 |   Saved: Bayesian_Output\response_curves\multiperiod\response_curves_multiperiod_3M.png
2026-06-05 11:56:08 | INFO     | analysis:1184 |   Saved: Bayesian_Output\response_curves\multiperiod\response_curves_multiperiod_6M.png
2026-06-05 11:56:09 | INFO     | analysis:1184 |   Saved: Bayesian_Output\response_curves\multiperiod\response_curves_multiperiod_1Y.png
2026-06-05 11:56:12 | INFO     | export:364 |   Added RC_MultiPeriod_Data tab
2026-06-05 11:56:13 | INFO     | export:409 |   Added RC_Channel_Charts tab to model_results.xlsx
2026-06-05 11:56:13 | INFO     | analyze:210 | [CURVES] Done.
2026-06-05 11:56:20 | INFO     | pipeline:196 | [LOAD] trace.nc  <- Bayesian_Output\trace.nc
2026-06-05 11:56:21 | INFO     | pipeline:199 | [LOAD] prep.pkl  <- Bayesian_Output\prep.pkl
2026-06-05 11:56:21 | DEBUG    | optimisation:1922 |   [CPP] Loaded source CSV: wkly_clara_data_31Jul 2.csv
2026-06-05 11:56:21 | INFO     | optimisation:1948 |   [CPP] media_impressions_clara_dv360             Impressions      CPM (GBP / 1000 imps) = 0.001603  [computed from data]
2026-06-05 11:56:21 | INFO     | optimisation:1948 |   [CPP] media_impressions_clara_google            Impressions      CPM (GBP / 1000 imps) = 0.009597  [computed from data]
2026-06-05 11:56:21 | INFO     | optimisation:1948 |   [CPP] media_impressions_clara_linkedin          Impressions      CPM (GBP / 1000 imps) = 0.011533  [computed from data]
2026-06-05 11:56:21 | INFO     | optimisation:1948 |   [CPP] media_impressions_clara_meta              Impressions      CPM (GBP / 1000 imps) = 0.005908  [computed from data]
2026-06-05 11:56:21 | INFO     | analyze:99 | 
  Channel metric types and cost-per-unit rates:
  Channel                                       Metric           Rate
  --------------------------------------------------------------------------------
  media_impressions_clara_dv360                 Impressions      0.001603  (CPM (GBP / 1000 imps))
  media_impressions_clara_google                Impressions      0.009597  (CPM (GBP / 1000 imps))
  media_impressions_clara_linkedin              Impressions      0.011533  (CPM (GBP / 1000 imps))
  media_impressions_clara_meta                  Impressions      0.005908  (CPM (GBP / 1000 imps))
2026-06-05 11:56:21 | INFO     | analyze:524 |   [SEQ] spend_in_currency=true → CPP forced to 1.0 for all channels
2026-06-05 11:56:21 | INFO     | analyze:621 | 
[SEQUENTIAL] Scenario 1: Current Spend | type=forward | n_months=1 | budget=£6,119,189
2026-06-05 11:56:21 | INFO     | optimisation:1647 |   [SEQ-OPT] n_months=1  n_ppm=4  total=£6,119,189.10  monthly=£6,119,189.10  round_budget_pct=0.020
2026-06-05 11:56:21 | INFO     | optimisation:1770 |   [SEQ-OPT] month=1  opt=57.89  bau=49.29  curr=488.81
2026-06-05 11:56:21 | ERROR    | analyze:632 |   [SEQUENTIAL] Current Spend failed: type NoneType doesn't define __round__ method
2026-06-05 11:56:21 | DEBUG    | analyze:633 | Traceback (most recent call last):
  File "C:\Users\DebasishBanik\OneDrive - Blend 360\Desktop\Bayesian_Code\analyze.py", line 626, in cmd_sequential
    df_sum, df_ch, df_mon = optimise_budget_sequential(
                            ~~~~~~~~~~~~~~~~~~~~~~~~~~^
        best, prep,
        ^^^^^^^^^^^
        total_budget = total_b,
        ^^^^^^^^^^^^^^^^^^^^^^^
        **_shared_kw,
        ^^^^^^^^^^^^^
    )
    ^
  File "C:\Users\DebasishBanik\OneDrive - Blend 360\Desktop\Bayesian_Code\optimisation.py", line 1834, in optimise_budget_sequential
    "step_size_gbp"                  : round(step_size, 2),
                                       ~~~~~^^^^^^^^^^^^^^
TypeError: type NoneType doesn't define __round__ method

2026-06-05 11:56:21 | INFO     | analyze:621 | 
[SEQUENTIAL] Scenario 2: Budget +20% | type=forward | n_months=1 | budget=£7,343,027
2026-06-05 11:56:21 | INFO     | optimisation:1647 |   [SEQ-OPT] n_months=1  n_ppm=4  total=£7,343,026.91  monthly=£7,343,026.91  round_budget_pct=0.020
2026-06-05 11:56:21 | INFO     | optimisation:1770 |   [SEQ-OPT] month=1  opt=63.33  bau=60.46  curr=488.81
2026-06-05 11:56:21 | ERROR    | analyze:632 |   [SEQUENTIAL] Budget +20% failed: type NoneType doesn't define __round__ method
2026-06-05 11:56:21 | DEBUG    | analyze:633 | Traceback (most recent call last):
  File "C:\Users\DebasishBanik\OneDrive - Blend 360\Desktop\Bayesian_Code\analyze.py", line 626, in cmd_sequential
    df_sum, df_ch, df_mon = optimise_budget_sequential(
                            ~~~~~~~~~~~~~~~~~~~~~~~~~~^
        best, prep,
        ^^^^^^^^^^^
        total_budget = total_b,
        ^^^^^^^^^^^^^^^^^^^^^^^
        **_shared_kw,
        ^^^^^^^^^^^^^
    )
    ^
  File "C:\Users\DebasishBanik\OneDrive - Blend 360\Desktop\Bayesian_Code\optimisation.py", line 1834, in optimise_budget_sequential
    "step_size_gbp"                  : round(step_size, 2),
                                       ~~~~~^^^^^^^^^^^^^^
TypeError: type NoneType doesn't define __round__ method

2026-06-05 11:56:21 | INFO     | analyze:621 | 
[SEQUENTIAL] Scenario 3: Budget -20% | type=forward | n_months=1 | budget=£4,895,351
2026-06-05 11:56:21 | INFO     | optimisation:1647 |   [SEQ-OPT] n_months=1  n_ppm=4  total=£4,895,351.28  monthly=£4,895,351.28  round_budget_pct=0.020
2026-06-05 11:56:21 | INFO     | optimisation:1770 |   [SEQ-OPT] month=1  opt=45.54  bau=38.54  curr=488.81
2026-06-05 11:56:21 | ERROR    | analyze:632 |   [SEQUENTIAL] Budget -20% failed: type NoneType doesn't define __round__ method
2026-06-05 11:56:21 | DEBUG    | analyze:633 | Traceback (most recent call last):
  File "C:\Users\DebasishBanik\OneDrive - Blend 360\Desktop\Bayesian_Code\analyze.py", line 626, in cmd_sequential
    df_sum, df_ch, df_mon = optimise_budget_sequential(
                            ~~~~~~~~~~~~~~~~~~~~~~~~~~^
        best, prep,
        ^^^^^^^^^^^
        total_budget = total_b,
        ^^^^^^^^^^^^^^^^^^^^^^^
        **_shared_kw,
        ^^^^^^^^^^^^^
    )
    ^
  File "C:\Users\DebasishBanik\OneDrive - Blend 360\Desktop\Bayesian_Code\optimisation.py", line 1834, in optimise_budget_sequential
    "step_size_gbp"                  : round(step_size, 2),
                                       ~~~~~^^^^^^^^^^^^^^
TypeError: type NoneType doesn't define __round__ method

2026-06-05 11:56:21 | INFO     | analyze:606 | 
[SEQUENTIAL] Scenario 4: Reverse - Match Current Response | type=reverse | n_months=1 | target=observed mean
2026-06-05 11:56:21 | ERROR    | analyze:617 |   [SEQUENTIAL] Reverse - Match Current Response failed: minimise_spend_sequential() got an unexpected keyword argument 'step_size'
2026-06-05 11:56:21 | DEBUG    | analyze:618 | Traceback (most recent call last):
  File "C:\Users\DebasishBanik\OneDrive - Blend 360\Desktop\Bayesian_Code\analyze.py", line 611, in cmd_sequential
    df_sum, df_ch, df_mon = minimise_spend_sequential(
                            ~~~~~~~~~~~~~~~~~~~~~~~~~^
        best, prep,
        ^^^^^^^^^^^
        target_response = float(t_resp) if t_resp else None,
        ^^^^^^^^^^^^^^^^^^^^^^^^^^^^^^^^^^^^^^^^^^^^^^^^^^^^
        **_shared_kw,
        ^^^^^^^^^^^^^
    )
    ^
TypeError: minimise_spend_sequential() got an unexpected keyword argument 'step_size'

2026-06-05 11:56:21 | WARNING  | analyze:663 | [SEQUENTIAL] No scenarios completed successfully.
2026-06-05 12:47:28 | WARNING  | main:87 | [PYTENSOR] g++ compiler not found — running on the Python backend (slower, but fully functional).  To enable the faster C backend: conda install -c conda-forge m2w64-toolchain  (Windows/conda)  |  sudo apt-get install g++ build-essential  (Linux/WSL)
2026-06-05 12:47:28 | INFO     | config:655 | [CONFIG] Loaded YAML config from: config_hier.yaml
2026-06-05 12:47:28 | INFO     | config:741 | [CONFIG] Schema built:
DataSchema: weekly data
  Date: date  |  Response: response_metric_inbound_deals_total
  Media channels: 4
    google                    -> media_impressions_clara_google (impressions, type=paid_search)
    dv360                     -> media_impressions_clara_dv360 (impressions, type=display)
    linkedin                  -> media_impressions_clara_linkedin (impressions, type=paid_social)
    meta                      -> media_impressions_clara_meta (impressions, type=paid_social)
  Event dummies: 1
    fraud_activity
2026-06-05 12:47:28 | INFO     | pipeline:351 | ======================================================================
2026-06-05 12:47:28 | INFO     | pipeline:352 |   BAYESIAN MARKET MIX MODEL - PRODUCTION PIPELINE (~20-30 min target)
2026-06-05 12:47:28 | INFO     | pipeline:353 | ======================================================================
2026-06-05 12:47:28 | INFO     | pipeline:354 |   CSV          : wkly_clara_data_31Jul 2.csv
2026-06-05 12:47:28 | INFO     | pipeline:355 |   Response     : response_metric_inbound_deals_total
2026-06-05 12:47:28 | INFO     | pipeline:356 |   Frequency    : weekly | dayfirst=True | holdout=0
2026-06-05 12:47:28 | INFO     | pipeline:357 |   Spend prefix : spends_
2026-06-05 12:47:28 | INFO     | pipeline:358 |   Media cols   : [prefix-based auto]
2026-06-05 12:47:28 | INFO     | pipeline:359 |   Output dir   : Bayesian_Output
2026-06-05 12:47:28 | INFO     | pipeline:360 |   Hierarchical : True | two-timescale adstock: False | synergies: False
2026-06-05 12:47:28 | INFO     | pipeline:361 |   Baseline     : gaussian_random_walk
2026-06-05 12:47:28 | INFO     | pipeline:362 |   Ranking      : lexicographic
2026-06-05 12:47:28 | INFO     | pipeline:363 |   Hybrid fast  : False
2026-06-05 12:47:28 | INFO     | pipeline:364 |   Runtime mode : fast_20m
2026-06-05 12:47:28 | INFO     | pipeline:365 |   Quality gate : accept quality_flag <= 2 | reject_if_all_bad=False
2026-06-05 12:47:28 | INFO     | pipeline:366 |   Skip Stage 0 : True
2026-06-05 12:47:28 | INFO     | pipeline:367 |   Skip MAP     : True
2026-06-05 12:47:28 | INFO     | pipeline:368 |   Use lag      : False
2026-06-05 12:47:28 | INFO     | pipeline:369 |   Time-varying betas : False
2026-06-05 12:47:28 | INFO     | pipeline:370 |   Dynamic saturation: False
2026-06-05 12:47:28 | INFO     | pipeline:371 |   Strict validation : False
2026-06-05 12:47:28 | INFO     | pipeline:372 |   Outlier detection : True
2026-06-05 12:47:28 | INFO     | pipeline:373 |   Stationarity test : True
2026-06-05 12:47:28 | INFO     | pipeline:374 |   Channel priors: custom (4 channels)
2026-06-05 12:47:28 | INFO     | pipeline:375 | ======================================================================
2026-06-05 12:47:28 | INFO     | pipeline:459 | [CONFIG] fast_20m caps applied — draws: 2000→800, tune: 1000→500, top_n_map: 8→8. YAML sampling.draws/tune values are overridden by runtime_mode='fast_20m'.
2026-06-05 12:47:28 | INFO     | pipeline:528 | 
[PREP] Loading and preprocessing data...
2026-06-05 12:47:28 | INFO     | data_prep:445 | Loading data from: wkly_clara_data_31Jul 2.csv
2026-06-05 12:47:28 | INFO     | data_prep:494 |   Rows after filter: 84
2026-06-05 12:47:28 | INFO     | data_prep:495 |   Date range: 2024-01-01 00:00:00 -> 2025-08-04 00:00:00
2026-06-05 12:47:28 | WARNING  | data_prep:518 | Response has <=0 values. (auto) Clipped to 0 for log1p/sqrt.
2026-06-05 12:47:28 | WARNING  | data_prep:556 | [DATA_PREP] Detected 2 outlier(s) in the response after transform. Review data quality or enable robust handling.
2026-06-05 12:47:28 | INFO     | data_prep:569 | [DATA_PREP] Stationarity checks: adf_stat=-16.9427, adf_pvalue=0.0000, kpss_stat=0.7403, kpss_pvalue=0.0100
2026-06-05 12:47:28 | INFO     | data_prep:581 |   Response transform: log1p | min=0, max=184, mean=102
2026-06-05 12:47:28 | INFO     | data_prep:612 |   Per-channel variable selections:
2026-06-05 12:47:28 | INFO     | data_prep:614 |     dv360                          -> media_impressions_clara_dv360
2026-06-05 12:47:28 | INFO     | data_prep:614 |     google                         -> media_impressions_clara_google
2026-06-05 12:47:28 | INFO     | data_prep:614 |     linkedin                       -> media_impressions_clara_linkedin
2026-06-05 12:47:28 | INFO     | data_prep:614 |     meta                           -> media_impressions_clara_meta
2026-06-05 12:47:28 | INFO     | data_prep:630 |   Media columns selected: ['media_impressions_clara_dv360', 'media_impressions_clara_google', 'media_impressions_clara_linkedin', 'media_impressions_clara_meta']
2026-06-05 12:47:28 | WARNING  | data_prep:766 | [DATA_PREP] fourier_order capped: requested 2 but T=84 weekly periods only supports 1 (need ~52 observations per order). Using fourier_order=1.
2026-06-05 12:47:28 | INFO     | data_prep:774 |   Fourier seasonality: frequency=weekly, period=52.18, order=1
2026-06-05 12:47:28 | INFO     | data_prep:811 |   T=84 weekly | C=4 channels | Fourier order=1
2026-06-05 12:47:28 | INFO     | data_prep:837 |   Channel families: ['display', 'search', 'social']
2026-06-05 12:47:28 | INFO     | data_prep:839 |     media_impressions_clara_dv360       -> display
2026-06-05 12:47:28 | INFO     | data_prep:839 |     media_impressions_clara_google      -> search
2026-06-05 12:47:28 | INFO     | data_prep:839 |     media_impressions_clara_linkedin    -> social
2026-06-05 12:47:28 | INFO     | data_prep:839 |     media_impressions_clara_meta        -> social
2026-06-05 12:47:28 | WARNING  | data_prep:1068 | [DATA_PREP] Event column(s) listed in YAML not found in CSV — they will be IGNORED: ['fraud_activity']
  Check spelling/case exactly matches the CSV header.   CSV columns available: ['date', 'panel', 'media_clicks_clara_dv360', 'media_clicks_clara_google', 'media_clicks_clara_linkedin', 'media_clicks_clara_meta', 'media_impressions_clara_dv360', 'media_impressions_clara_google', 'media_impressions_clara_linkedin', 'media_impressions_clara_meta', 'spends_clara_dv360', 'spends_clara_google', 'spends_clara_linkedin', 'spends_clara_meta', 'response_metric_inbound_deals_total', 'response_metric_inbound_signups_total']
2026-06-05 12:47:28 | DEBUG    | data_prep:1155 |   [RESET_MASK] 2 restart event(s) across 4 channels (gap threshold = 4 weeks)
2026-06-05 12:47:28 | INFO     | pipeline:532 | [PREP] Done in 0.2s
2026-06-05 12:47:28 | INFO     | priors:295 | [PRIOR-CFG] Validated 4 per-channel prior configs. Channels using defaults: []
2026-06-05 12:47:28 | INFO     | pipeline:615 | [S0] Skipped - using hybrid fast-scan winners if available
2026-06-05 12:47:28 | INFO     | pipeline:630 | 
[SPECS] Per-channel transform assignments:
2026-06-05 12:47:28 | INFO     | pipeline:632 |   [0] media_impressions_clara_dv360  -> geometric+softplus
2026-06-05 12:47:28 | INFO     | pipeline:632 |   [1] media_impressions_clara_google -> geometric+softplus
2026-06-05 12:47:28 | INFO     | pipeline:632 |   [2] media_impressions_clara_linkedin -> geometric+softplus
2026-06-05 12:47:28 | INFO     | pipeline:632 |   [3] media_impressions_clara_meta   -> geometric+softplus
2026-06-05 12:47:28 | INFO     | pipeline:634 | 
[GRID] Building full hyperparameter grid...
2026-06-05 12:47:28 | INFO     | config:329 | Full grid: 48 configurations
2026-06-05 12:47:28 | INFO     | config:361 | Pruned grid: 48 -> 48 unique (lag x fourier x adstock x sat) combinations
2026-06-05 12:47:28 | INFO     | pipeline:659 | [S1] MAP pre-screen skipped (pruned grid small enough or skip_map=True)
2026-06-05 12:47:28 | INFO     | pipeline_stages:426 | ============================================================
2026-06-05 12:47:28 | INFO     | pipeline_stages:427 | STAGE 1b - FAST MCMC SCAN
2026-06-05 12:47:28 | INFO     | pipeline_stages:430 |   Configs: 8 | Fast mode: 60 draws, 1 chain(s)
2026-06-05 12:47:28 | INFO     | pipeline_stages:431 |   Keeping top-1 for full refit
2026-06-05 12:47:28 | INFO     | pipeline_stages:433 |   Per-channel transforms: ENABLED
2026-06-05 12:47:28 | INFO     | pipeline_stages:434 | ============================================================
2026-06-05 12:47:28 | INFO     | pipeline_stages:440 | 
  [ 1/8] Fast MCMC: lag4_fo1_geometric_softplus_ta95
2026-06-05 12:47:28 | WARNING  | priors:334 | [MODEL_BUILDER] use_hierarchical=True (Case B (single-timescale)): adstock_lam_prior settings for 4 channel(s) are IGNORED: ['media_impressions_clara_google', 'media_impressions_clara_dv360', 'media_impressions_clara_linkedin', 'media_impressions_clara_meta']. In hierarchical mode, adstock decay is controlled by the family-level hl_slow_median hyperprior (priors.families in YAML), not per-channel adstock_lam_prior. To use per-channel adstock priors, set use_hierarchical=False.
2026-06-05 12:47:29 | DEBUG    | model_builder:548 |   Hierarchical geometric adstock (Case B): F=3 families, C=4 channels. Family lam medians: {'display': np.float64(0.707), 'search': np.float64(0.758), 'social': np.float64(0.63)}
2026-06-05 12:47:59 | DEBUG    | model_builder:1433 |   Sampling complete in 29.1s
2026-06-05 12:47:59 | WARNING  | metrics:217 | R-hat cannot be computed with only 1 chain - returning sentinel 1.0. Use chains >= 2 for production runs.
2026-06-05 12:47:59 | INFO     | metrics:1146 |   Temporal CV: 3 folds | mean MAPE=9.26% | mean RMSE=11.31
2026-06-05 12:47:59 | INFO     | pipeline_stages:463 |     [OK] qf=2 | MAPE=12.42% | R2=0.5954 | R-hat=1.0000 [estimated] | divs=0 | wall=29s
2026-06-05 12:47:59 | INFO     | pipeline_stages:440 | 
  [ 2/8] Fast MCMC: lag4_fo1_geometric_hill_ta95
2026-06-05 12:47:59 | WARNING  | priors:334 | [MODEL_BUILDER] use_hierarchical=True (Case B (single-timescale)): adstock_lam_prior settings for 4 channel(s) are IGNORED: ['media_impressions_clara_google', 'media_impressions_clara_dv360', 'media_impressions_clara_linkedin', 'media_impressions_clara_meta']. In hierarchical mode, adstock decay is controlled by the family-level hl_slow_median hyperprior (priors.families in YAML), not per-channel adstock_lam_prior. To use per-channel adstock priors, set use_hierarchical=False.
2026-06-05 12:47:59 | DEBUG    | model_builder:548 |   Hierarchical geometric adstock (Case B): F=3 families, C=4 channels. Family lam medians: {'display': np.float64(0.707), 'search': np.float64(0.758), 'social': np.float64(0.63)}
2026-06-05 12:48:21 | DEBUG    | model_builder:1433 |   Sampling complete in 22.0s
2026-06-05 12:48:21 | WARNING  | metrics:217 | R-hat cannot be computed with only 1 chain - returning sentinel 1.0. Use chains >= 2 for production runs.
2026-06-05 12:48:22 | INFO     | metrics:1146 |   Temporal CV: 3 folds | mean MAPE=9.12% | mean RMSE=11.26
2026-06-05 12:48:22 | INFO     | pipeline_stages:463 |     [OK] qf=2 | MAPE=12.00% | R2=0.6178 | R-hat=1.0000 [estimated] | divs=0 | wall=22s
2026-06-05 12:48:22 | INFO     | pipeline_stages:440 | 
  [ 3/8] Fast MCMC: lag4_fo1_geometric_logistic_ta95
2026-06-05 12:48:22 | WARNING  | priors:334 | [MODEL_BUILDER] use_hierarchical=True (Case B (single-timescale)): adstock_lam_prior settings for 4 channel(s) are IGNORED: ['media_impressions_clara_google', 'media_impressions_clara_dv360', 'media_impressions_clara_linkedin', 'media_impressions_clara_meta']. In hierarchical mode, adstock decay is controlled by the family-level hl_slow_median hyperprior (priors.families in YAML), not per-channel adstock_lam_prior. To use per-channel adstock priors, set use_hierarchical=False.
2026-06-05 12:48:22 | DEBUG    | model_builder:548 |   Hierarchical geometric adstock (Case B): F=3 families, C=4 channels. Family lam medians: {'display': np.float64(0.707), 'search': np.float64(0.758), 'social': np.float64(0.63)}
2026-06-05 12:48:43 | DEBUG    | model_builder:1433 |   Sampling complete in 21.5s
2026-06-05 12:48:43 | WARNING  | metrics:217 | R-hat cannot be computed with only 1 chain - returning sentinel 1.0. Use chains >= 2 for production runs.
2026-06-05 12:48:44 | INFO     | metrics:1146 |   Temporal CV: 3 folds | mean MAPE=9.48% | mean RMSE=11.57
2026-06-05 12:48:44 | INFO     | pipeline_stages:463 |     [OK] qf=2 | MAPE=12.56% | R2=0.5981 | R-hat=1.0000 [estimated] | divs=0 | wall=21s
2026-06-05 12:48:44 | INFO     | pipeline_stages:440 | 
  [ 4/8] Fast MCMC: lag4_fo1_geometric_exponential_ta95
2026-06-05 12:48:44 | WARNING  | priors:334 | [MODEL_BUILDER] use_hierarchical=True (Case B (single-timescale)): adstock_lam_prior settings for 4 channel(s) are IGNORED: ['media_impressions_clara_google', 'media_impressions_clara_dv360', 'media_impressions_clara_linkedin', 'media_impressions_clara_meta']. In hierarchical mode, adstock decay is controlled by the family-level hl_slow_median hyperprior (priors.families in YAML), not per-channel adstock_lam_prior. To use per-channel adstock priors, set use_hierarchical=False.
2026-06-05 12:48:44 | DEBUG    | model_builder:548 |   Hierarchical geometric adstock (Case B): F=3 families, C=4 channels. Family lam medians: {'display': np.float64(0.707), 'search': np.float64(0.758), 'social': np.float64(0.63)}
2026-06-05 12:49:03 | DEBUG    | model_builder:1433 |   Sampling complete in 18.9s
2026-06-05 12:49:03 | WARNING  | metrics:217 | R-hat cannot be computed with only 1 chain - returning sentinel 1.0. Use chains >= 2 for production runs.
2026-06-05 12:49:03 | INFO     | metrics:1146 |   Temporal CV: 3 folds | mean MAPE=9.07% | mean RMSE=11.29
2026-06-05 12:49:03 | INFO     | pipeline_stages:463 |     [OK] qf=2 | MAPE=12.11% | R2=0.6134 | R-hat=1.0000 [estimated] | divs=0 | wall=19s
2026-06-05 12:49:03 | INFO     | pipeline_stages:440 | 
  [ 5/8] Fast MCMC: lag4_fo1_weibull_softplus_ta95
2026-06-05 12:49:03 | WARNING  | priors:334 | [MODEL_BUILDER] use_hierarchical=True (Case B (single-timescale)): adstock_lam_prior settings for 4 channel(s) are IGNORED: ['media_impressions_clara_google', 'media_impressions_clara_dv360', 'media_impressions_clara_linkedin', 'media_impressions_clara_meta']. In hierarchical mode, adstock decay is controlled by the family-level hl_slow_median hyperprior (priors.families in YAML), not per-channel adstock_lam_prior. To use per-channel adstock priors, set use_hierarchical=False.
2026-06-05 12:49:03 | DEBUG    | model_builder:548 |   Hierarchical geometric adstock (Case B): F=3 families, C=4 channels. Family lam medians: {'display': np.float64(0.707), 'search': np.float64(0.758), 'social': np.float64(0.63)}
2026-06-05 12:49:21 | DEBUG    | model_builder:1433 |   Sampling complete in 18.2s
2026-06-05 12:49:21 | WARNING  | metrics:217 | R-hat cannot be computed with only 1 chain - returning sentinel 1.0. Use chains >= 2 for production runs.
2026-06-05 12:49:22 | INFO     | metrics:1146 |   Temporal CV: 3 folds | mean MAPE=9.85% | mean RMSE=11.81
2026-06-05 12:49:22 | INFO     | pipeline_stages:463 |     [OK] qf=2 | MAPE=12.78% | R2=0.5799 | R-hat=1.0000 [estimated] | divs=0 | wall=18s
2026-06-05 12:49:22 | INFO     | pipeline_stages:440 | 
  [ 6/8] Fast MCMC: lag4_fo1_weibull_hill_ta95
2026-06-05 12:49:22 | WARNING  | priors:334 | [MODEL_BUILDER] use_hierarchical=True (Case B (single-timescale)): adstock_lam_prior settings for 4 channel(s) are IGNORED: ['media_impressions_clara_google', 'media_impressions_clara_dv360', 'media_impressions_clara_linkedin', 'media_impressions_clara_meta']. In hierarchical mode, adstock decay is controlled by the family-level hl_slow_median hyperprior (priors.families in YAML), not per-channel adstock_lam_prior. To use per-channel adstock priors, set use_hierarchical=False.
2026-06-05 12:49:22 | DEBUG    | model_builder:548 |   Hierarchical geometric adstock (Case B): F=3 families, C=4 channels. Family lam medians: {'display': np.float64(0.707), 'search': np.float64(0.758), 'social': np.float64(0.63)}
2026-06-05 12:49:40 | DEBUG    | model_builder:1433 |   Sampling complete in 18.4s
2026-06-05 12:49:40 | WARNING  | metrics:217 | R-hat cannot be computed with only 1 chain - returning sentinel 1.0. Use chains >= 2 for production runs.
2026-06-05 12:49:41 | INFO     | metrics:1146 |   Temporal CV: 3 folds | mean MAPE=8.75% | mean RMSE=10.82
2026-06-05 12:49:41 | INFO     | pipeline_stages:463 |     [OK] qf=2 | MAPE=11.92% | R2=0.6224 | R-hat=1.0000 [estimated] | divs=0 | wall=18s
2026-06-05 12:49:41 | INFO     | pipeline_stages:440 | 
  [ 7/8] Fast MCMC: lag4_fo1_weibull_logistic_ta95
2026-06-05 12:49:41 | WARNING  | priors:334 | [MODEL_BUILDER] use_hierarchical=True (Case B (single-timescale)): adstock_lam_prior settings for 4 channel(s) are IGNORED: ['media_impressions_clara_google', 'media_impressions_clara_dv360', 'media_impressions_clara_linkedin', 'media_impressions_clara_meta']. In hierarchical mode, adstock decay is controlled by the family-level hl_slow_median hyperprior (priors.families in YAML), not per-channel adstock_lam_prior. To use per-channel adstock priors, set use_hierarchical=False.
2026-06-05 12:49:41 | DEBUG    | model_builder:548 |   Hierarchical geometric adstock (Case B): F=3 families, C=4 channels. Family lam medians: {'display': np.float64(0.707), 'search': np.float64(0.758), 'social': np.float64(0.63)}
2026-06-05 12:49:58 | DEBUG    | model_builder:1433 |   Sampling complete in 16.9s
2026-06-05 12:49:58 | WARNING  | metrics:217 | R-hat cannot be computed with only 1 chain - returning sentinel 1.0. Use chains >= 2 for production runs.
2026-06-05 12:49:58 | INFO     | metrics:1146 |   Temporal CV: 3 folds | mean MAPE=9.95% | mean RMSE=11.89
2026-06-05 12:49:58 | INFO     | pipeline_stages:463 |     [OK] qf=2 | MAPE=12.95% | R2=0.5735 | R-hat=1.0000 [estimated] | divs=0 | wall=17s
2026-06-05 12:49:58 | INFO     | pipeline_stages:440 | 
  [ 8/8] Fast MCMC: lag4_fo1_weibull_exponential_ta95
2026-06-05 12:49:58 | WARNING  | priors:334 | [MODEL_BUILDER] use_hierarchical=True (Case B (single-timescale)): adstock_lam_prior settings for 4 channel(s) are IGNORED: ['media_impressions_clara_google', 'media_impressions_clara_dv360', 'media_impressions_clara_linkedin', 'media_impressions_clara_meta']. In hierarchical mode, adstock decay is controlled by the family-level hl_slow_median hyperprior (priors.families in YAML), not per-channel adstock_lam_prior. To use per-channel adstock priors, set use_hierarchical=False.
2026-06-05 12:49:58 | DEBUG    | model_builder:548 |   Hierarchical geometric adstock (Case B): F=3 families, C=4 channels. Family lam medians: {'display': np.float64(0.707), 'search': np.float64(0.758), 'social': np.float64(0.63)}
2026-06-05 12:50:16 | DEBUG    | model_builder:1433 |   Sampling complete in 17.6s
2026-06-05 12:50:16 | WARNING  | metrics:217 | R-hat cannot be computed with only 1 chain - returning sentinel 1.0. Use chains >= 2 for production runs.
2026-06-05 12:50:16 | INFO     | metrics:1146 |   Temporal CV: 3 folds | mean MAPE=9.23% | mean RMSE=11.51
2026-06-05 12:50:16 | INFO     | pipeline_stages:463 |     [OK] qf=2 | MAPE=12.23% | R2=0.6126 | R-hat=1.0000 [estimated] | divs=0 | wall=18s
2026-06-05 12:50:16 | WARNING  | pipeline_stages:493 | [S1b] No models passed quality_flag <= 1. Falling back to top-K by ranking.
2026-06-05 12:50:16 | INFO     | pipeline_stages:502 | 
  Top-1 survivors for full refit:
2026-06-05 12:50:16 | INFO     | pipeline_stages:507 |     1. lag4_fo1_weibull_hill_ta95                              | MAPE=11.92% | R-hat=1.0000 | LOO=N/A
2026-06-05 12:50:16 | INFO     | pipeline:78 | [TIMER] stage_1b_mcmc        2.8 min (168.0 s)  [8 models]
2026-06-05 12:50:16 | INFO     | pipeline_stages:544 | ============================================================
2026-06-05 12:50:16 | INFO     | pipeline_stages:545 | STAGE 2 - FULL REFIT
2026-06-05 12:50:16 | INFO     | pipeline_stages:546 |   Models to refit: 1 | Full settings: 800 draws, 2 chain(s)
2026-06-05 12:50:16 | INFO     | pipeline_stages:548 |   Per-channel transforms: ENABLED
2026-06-05 12:50:16 | INFO     | pipeline_stages:550 |     [0] media_impressions_clara_dv360  -> geometric+softplus
2026-06-05 12:50:16 | INFO     | pipeline_stages:550 |     [1] media_impressions_clara_google -> geometric+softplus
2026-06-05 12:50:16 | INFO     | pipeline_stages:550 |     [2] media_impressions_clara_linkedin -> geometric+softplus
2026-06-05 12:50:16 | INFO     | pipeline_stages:550 |     [3] media_impressions_clara_meta   -> geometric+softplus
2026-06-05 12:50:16 | INFO     | pipeline_stages:551 | ============================================================
2026-06-05 12:50:16 | INFO     | pipeline_stages:569 | 
  [1/1] Full refit: lag4_fo1_weibull_hill_ta95
2026-06-05 12:50:16 | WARNING  | priors:334 | [MODEL_BUILDER] use_hierarchical=True (Case B (single-timescale)): adstock_lam_prior settings for 4 channel(s) are IGNORED: ['media_impressions_clara_google', 'media_impressions_clara_dv360', 'media_impressions_clara_linkedin', 'media_impressions_clara_meta']. In hierarchical mode, adstock decay is controlled by the family-level hl_slow_median hyperprior (priors.families in YAML), not per-channel adstock_lam_prior. To use per-channel adstock priors, set use_hierarchical=False.
2026-06-05 12:50:17 | DEBUG    | model_builder:548 |   Hierarchical geometric adstock (Case B): F=3 families, C=4 channels. Family lam medians: {'display': np.float64(0.707), 'search': np.float64(0.758), 'social': np.float64(0.63)}
2026-06-05 12:50:51 | DEBUG    | model_builder:1433 |   Sampling complete in 34.8s
2026-06-05 12:50:52 | INFO     | metrics:1146 |   Temporal CV: 3 folds | mean MAPE=9.91% | mean RMSE=12.21
2026-06-05 12:50:52 | INFO     | pipeline_stages:590 |     [OK] qf=2 | MAPE=12.89% | R2=0.5770 | R-hat=1.0485 | divs=0 | LOO=-42.12 | ESS=46 | wall=35s
2026-06-05 12:50:53 | INFO     | pipeline_stages:647 | 
  == Per-Channel Transform Summary ==
2026-06-05 12:50:53 | INFO     | pipeline_stages:650 |                          channel   adstock saturation  use_lag  lag_mode  lam_mean  alpha_sat_mean  beta_mean
   media_impressions_clara_dv360 geometric   softplus    False       NaN    2.4080          3.5676        NaN
  media_impressions_clara_google geometric   softplus    False       NaN    2.8875          2.6590        NaN
media_impressions_clara_linkedin geometric   softplus    False       NaN    3.1439          2.6630        NaN
    media_impressions_clara_meta geometric   softplus    False       NaN    3.1691          2.7809        NaN
2026-06-05 12:50:53 | INFO     | pipeline_stages:656 | 
  [BEST] BEST MODEL: lag4_fo1_weibull_hill_ta95
2026-06-05 12:50:53 | INFO     | pipeline_stages:657 |     MAPE       : 12.8931%
2026-06-05 12:50:53 | INFO     | pipeline_stages:658 |     R2         : 0.5770
2026-06-05 12:50:53 | INFO     | pipeline_stages:659 |     Pearson r  : 0.8394
2026-06-05 12:50:53 | INFO     | pipeline_stages:660 |     Max R-hat  : 1.04854
2026-06-05 12:50:53 | INFO     | pipeline_stages:661 |     ESS bulk   : 46
2026-06-05 12:50:53 | INFO     | pipeline_stages:662 |     ESS tail   : 60
2026-06-05 12:50:53 | INFO     | pipeline_stages:663 |     Divergences: 0
2026-06-05 12:50:53 | INFO     | pipeline_stages:664 |     LOO-IC     : -42.1205
2026-06-05 12:50:53 | INFO     | pipeline_stages:665 |     WAIC       : -41.6767
2026-06-05 12:50:53 | INFO     | pipeline:78 | [TIMER] stage_2_full         0.6 min (36.1 s)  [1 models]
2026-06-05 12:50:53 | INFO     | pipeline:692 | 
[ANALYSIS] Computing channel contributions...
2026-06-05 12:50:53 | INFO     | pipeline:697 | 
  Channel Contribution Summary:
2026-06-05 12:50:53 | INFO     | pipeline:698 |                          channel  mean_share_pct  roi_proxy  hdi_90_low  hdi_90_high
    media_impressions_clara_meta         33.4922   0.088913    4.773605    47.699125
  media_impressions_clara_google         27.8732   0.024773    0.000089    61.762751
media_impressions_clara_linkedin         23.9988   0.190224    0.000598    54.167376
   media_impressions_clara_dv360         14.6358   0.076862    0.001575    21.452506
2026-06-05 12:50:53 | INFO     | pipeline:702 | 
  Component Contribution Summary:
2026-06-05 12:50:53 | INFO     | pipeline:703 |   component     group  share_abs_pct  mean_effect
media_total     media      53.117415     0.505363
   baseline non_media      43.607562    -0.414352
seasonality non_media       3.275024     0.023625
2026-06-05 12:50:53 | INFO     | pipeline:78 | [TIMER] analysis             0.0 min (0.1 s)
2026-06-05 12:50:53 | INFO     | pipeline:719 | 
======================================================================
2026-06-05 12:50:53 | INFO     | pipeline:720 |   PIPELINE COMPLETE
2026-06-05 12:50:53 | INFO     | pipeline:721 | ======================================================================
2026-06-05 12:50:53 | INFO     | pipeline:722 |   Total wall time   : 3.4 minutes
2026-06-05 12:50:53 | INFO     | pipeline:723 |   Best model key    : lag4_fo1_weibull_hill_ta95
2026-06-05 12:50:53 | INFO     | pipeline:724 |   Fourier order     : 1
2026-06-05 12:50:53 | INFO     | pipeline:725 |   Max adstock lag   : 4
2026-06-05 12:50:53 | INFO     | pipeline:728 |   Quality flag      : 2 (0=best, 2=poor)
2026-06-05 12:50:53 | INFO     | pipeline:729 |   MAPE              : 12.8931%
2026-06-05 12:50:53 | INFO     | pipeline:730 |   R2                : 0.5770
2026-06-05 12:50:53 | INFO     | pipeline:731 |   Pearson r         : 0.8394
2026-06-05 12:50:53 | INFO     | pipeline:732 |   Max R-hat         : 1.04854
2026-06-05 12:50:53 | INFO     | pipeline:733 |   ESS bulk (min)    : 46
2026-06-05 12:50:53 | INFO     | pipeline:734 |   ESS tail (min)    : 60
2026-06-05 12:50:53 | INFO     | pipeline:735 |   Divergences       : 0
2026-06-05 12:50:53 | INFO     | pipeline:736 |   LOO-IC            : -42.1205 +/- 13.9374
2026-06-05 12:50:53 | INFO     | pipeline:737 |   WAIC              : -41.6767
2026-06-05 12:50:53 | INFO     | pipeline:741 | 
[PLOTS] Generating diagnostic plots...
2026-06-05 12:50:53 | INFO     | plots:1121 | Generating plots...
2026-06-05 12:50:53 | INFO     | plots:50 |   Saved: Bayesian_Output\01_actual_vs_fitted.png
2026-06-05 12:50:53 | INFO     | plots:50 |   Saved: Bayesian_Output\02_media_contributions.png
2026-06-05 12:50:53 | INFO     | plots:50 |   Saved: Bayesian_Output\03_channel_share.png
2026-06-05 12:50:55 | INFO     | plots:50 |   Saved: Bayesian_Output\04_convergence_diagnostics.png
2026-06-05 12:50:55 | INFO     | plots:50 |   Saved: Bayesian_Output\05_posterior_betas.png
2026-06-05 12:50:55 | INFO     | plots:50 |   Saved: Bayesian_Output\06_component_share.png
2026-06-05 12:50:55 | INFO     | plots:50 |   Saved: Bayesian_Output\07_az_trace.png
2026-06-05 12:50:55 | WARNING  | priors:334 | [MODEL_BUILDER] use_hierarchical=True (Case B (single-timescale)): adstock_lam_prior settings for 4 channel(s) are IGNORED: ['media_impressions_clara_google', 'media_impressions_clara_dv360', 'media_impressions_clara_linkedin', 'media_impressions_clara_meta']. In hierarchical mode, adstock decay is controlled by the family-level hl_slow_median hyperprior (priors.families in YAML), not per-channel adstock_lam_prior. To use per-channel adstock priors, set use_hierarchical=False.
2026-06-05 12:50:55 | DEBUG    | model_builder:548 |   Hierarchical geometric adstock (Case B): F=3 families, C=4 channels. Family lam medians: {'display': np.float64(0.707), 'search': np.float64(0.758), 'social': np.float64(0.63)}
2026-06-05 12:50:57 | INFO     | plots:50 |   Saved: Bayesian_Output\08_ppc.png
2026-06-05 12:50:57 | INFO     | plots:50 |   Saved: Bayesian_Output\09_full_contribution_bar.png
2026-06-05 12:50:57 | WARNING  | plots:721 |   [INTERACTIVE] Plotly not installed — skipping interactive plots.
  Fix: pip install plotly
2026-06-05 12:50:57 | INFO     | plots:1147 |   All plots saved to: Bayesian_Output
2026-06-05 12:50:57 | INFO     | pipeline:78 | [TIMER] plots                0.1 min (4.4 s)
2026-06-05 12:50:57 | INFO     | pipeline:746 | 
[EXPORT] Writing output files...
2026-06-05 12:50:57 | INFO     | export:737 | Exporting results...
2026-06-05 12:50:57 | INFO     | export:785 |   Saved: Bayesian_Output\model_results\best_model.json
2026-06-05 12:50:57 | INFO     | export:796 |   Saved: Bayesian_Output\model_results\scan_stage1b.csv
2026-06-05 12:50:57 | INFO     | export:796 |   Saved: Bayesian_Output\model_results\scan_stage2.csv
2026-06-05 12:50:57 | INFO     | export:801 |   Saved: Bayesian_Output\model_results\channel_contributions.csv
2026-06-05 12:50:57 | INFO     | export:812 |   Saved: Bayesian_Output\model_results\component_contributions.csv
2026-06-05 12:50:57 | INFO     | export:818 |   Saved: Bayesian_Output\model_results\channel_transform_summary.csv
2026-06-05 12:50:57 | INFO     | export:871 |   Saved: Bayesian_Output\model_results\media_share_weekly.csv
2026-06-05 12:50:57 | INFO     | export:909 |   Saved: Bayesian_Output\model_results\actual_vs_predicted.csv
2026-06-05 12:50:57 | INFO     | export:914 |   Saved: Bayesian_Output\model_results\weekly_decomposition.csv
2026-06-05 12:50:58 | INFO     | export:928 |   Saved: Bayesian_Output\model_results\az_summary.csv
2026-06-05 12:50:58 | INFO     | export:949 |   Saved: Bayesian_Output\model_results\model_summary.txt
2026-06-05 12:50:58 | INFO     | export:953 |   All exports complete -> Bayesian_Output\model_results
2026-06-05 12:50:58 | INFO     | priors:600 |   Saved: Bayesian_Output\model_results\return_index.csv
2026-06-05 12:50:58 | INFO     | priors:617 |   Saved: Bayesian_Output\model_results\return_index.xlsx
2026-06-05 12:50:58 | INFO     | export:963 |   Return index summary:
                      channel_id modeled_metric  mean_return_index  mean_return_index_spend  lower_bound  upper_bound  mean_contribution_signups  mean_weekly_metric_value  mean_weekly_spend
media_impressions_clara_linkedin    Impressions             0.1902                  16.4939       0.0015       0.6236                    20.8073                 109383.33            1261.51
    media_impressions_clara_meta    Impressions             0.0889                  15.0484       0.0156       0.1895                    26.0553                 293042.37            1731.43
   media_impressions_clara_dv360    Impressions             0.0769                  47.9526       0.0041       0.1939                    11.2843                 146812.73             235.32
  media_impressions_clara_google    Impressions             0.0248                   2.5813       0.0001       0.0770                    24.2911                 980558.85            9410.40
2026-06-05 12:50:58 | INFO     | priors:653 |   Saved: Bayesian_Output\model_results\channel_prior_config.csv
2026-06-05 12:50:58 | INFO     | export:985 |   Saved: Bayesian_Output\model_results\stage_timings.csv
2026-06-05 12:50:59 | INFO     | export:288 |   Saved: Bayesian_Output\model_results\model_results.xlsx
2026-06-05 12:50:59 | INFO     | pipeline:78 | [TIMER] export               0.0 min (2.2 s)
2026-06-05 12:50:59 | INFO     | pipeline:121 | [STATE] Saving posterior trace...
2026-06-05 12:51:00 | INFO     | pipeline:123 |   trace.nc  — 11.6 MB
2026-06-05 12:51:00 | INFO     | pipeline:131 |   prep.pkl  — 0.0 MB
2026-06-05 12:51:00 | INFO     | pipeline:165 |   best_cfg.json saved
2026-06-05 12:51:00 | INFO     | pipeline:769 | 
[STATE] Model state saved. Run post-pipeline analysis when ready:
  optimisation: section detected in YAML — run standalone scripts to apply it:
  python analyze.py curves    --config <yaml>   <- response curves
  python analyze.py optimise  --config <yaml>   <- forward budget optimisation
  python analyze.py reverse   --config <yaml>   <- reverse optimisation
  python analyze.py scenarios --config <yaml>   <- scenario comparison
  python analyze.py report    --config <yaml>   <- full HTML report
  python analyze.py all       --config <yaml>   <- run everything
2026-06-05 12:51:13 | INFO     | pipeline:196 | [LOAD] trace.nc  <- Bayesian_Output\trace.nc
2026-06-05 12:51:13 | INFO     | pipeline:199 | [LOAD] prep.pkl  <- Bayesian_Output\prep.pkl
2026-06-05 12:51:13 | DEBUG    | optimisation:1922 |   [CPP] Loaded source CSV: wkly_clara_data_31Jul 2.csv
2026-06-05 12:51:13 | INFO     | optimisation:1948 |   [CPP] media_impressions_clara_dv360             Impressions      CPM (GBP / 1000 imps) = 0.001603  [computed from data]
2026-06-05 12:51:13 | INFO     | optimisation:1948 |   [CPP] media_impressions_clara_google            Impressions      CPM (GBP / 1000 imps) = 0.009597  [computed from data]
2026-06-05 12:51:13 | INFO     | optimisation:1948 |   [CPP] media_impressions_clara_linkedin          Impressions      CPM (GBP / 1000 imps) = 0.011533  [computed from data]
2026-06-05 12:51:13 | INFO     | optimisation:1948 |   [CPP] media_impressions_clara_meta              Impressions      CPM (GBP / 1000 imps) = 0.005908  [computed from data]
2026-06-05 12:51:13 | INFO     | analyze:99 | 
  Channel metric types and cost-per-unit rates:
  Channel                                       Metric           Rate
  --------------------------------------------------------------------------------
  media_impressions_clara_dv360                 Impressions      0.001603  (CPM (GBP / 1000 imps))
  media_impressions_clara_google                Impressions      0.009597  (CPM (GBP / 1000 imps))
  media_impressions_clara_linkedin              Impressions      0.011533  (CPM (GBP / 1000 imps))
  media_impressions_clara_meta                  Impressions      0.005908  (CPM (GBP / 1000 imps))
2026-06-05 12:51:13 | INFO     | analyze:159 | 
[CURVES] Computing instantaneous response curves...
2026-06-05 12:51:13 | INFO     | analysis:697 |   [RC:instantaneous] media_impressions_clara_dv360  max_signups=1547.85 @ GBP 1,389
2026-06-05 12:51:13 | INFO     | analysis:697 |   [RC:instantaneous] media_impressions_clara_google max_signups=458.23 @ GBP 100,321
2026-06-05 12:51:13 | INFO     | analysis:697 |   [RC:instantaneous] media_impressions_clara_linkedin max_signups=598.16 @ GBP 9,065
2026-06-05 12:51:13 | INFO     | analysis:697 |   [RC:instantaneous] media_impressions_clara_meta   max_signups=704.26 @ GBP 9,358
2026-06-05 12:51:13 | INFO     | analysis:703 |   Response curves computed for 4 channels x 100 spend points.
2026-06-05 12:51:13 | INFO     | analyze:163 |   Saved: Bayesian_Output\response_curves\response_curves_instantaneous.csv
2026-06-05 12:51:14 | INFO     | analysis:1314 |   Saved: Bayesian_Output\response_curves\instantaneous\response_curves.png
2026-06-05 12:51:15 | INFO     | analysis:1397 |   Saved: Bayesian_Output\response_curves\instantaneous\response_curve_media_impressions_clara_dv360.png
2026-06-05 12:51:15 | INFO     | analysis:1397 |   Saved: Bayesian_Output\response_curves\instantaneous\response_curve_media_impressions_clara_google.png
2026-06-05 12:51:15 | INFO     | analysis:1397 |   Saved: Bayesian_Output\response_curves\instantaneous\response_curve_media_impressions_clara_linkedin.png
2026-06-05 12:51:15 | INFO     | analysis:1397 |   Saved: Bayesian_Output\response_curves\instantaneous\response_curve_media_impressions_clara_meta.png
2026-06-05 12:51:15 | INFO     | analyze:169 | 
[CURVES] Computing steady-state response curves...
2026-06-05 12:51:15 | INFO     | analysis:697 |   [RC:steady_state] media_impressions_clara_dv360  max_signups=99818297.07 @ GBP 1,389
2026-06-05 12:51:15 | INFO     | analysis:697 |   [RC:steady_state] media_impressions_clara_google max_signups=1675885.08 @ GBP 100,321
2026-06-05 12:51:15 | INFO     | analysis:697 |   [RC:steady_state] media_impressions_clara_linkedin max_signups=113344.65 @ GBP 9,065
2026-06-05 12:51:15 | INFO     | analysis:697 |   [RC:steady_state] media_impressions_clara_meta   max_signups=174384.30 @ GBP 9,358
2026-06-05 12:51:15 | INFO     | analysis:703 |   Response curves computed for 4 channels x 100 spend points.
2026-06-05 12:51:15 | INFO     | analysis:697 |   [RC:steady_state] media_impressions_clara_dv360  max_signups=99818297.07 @ GBP 1,389
2026-06-05 12:51:15 | INFO     | analysis:697 |   [RC:steady_state] media_impressions_clara_google max_signups=1675885.08 @ GBP 100,321
2026-06-05 12:51:15 | INFO     | analysis:697 |   [RC:steady_state] media_impressions_clara_linkedin max_signups=113344.65 @ GBP 9,065
2026-06-05 12:51:15 | INFO     | analysis:697 |   [RC:steady_state] media_impressions_clara_meta   max_signups=174384.30 @ GBP 9,358
2026-06-05 12:51:15 | INFO     | analysis:703 |   Response curves computed for 4 channels x 101 spend points.
2026-06-05 12:51:15 | INFO     | analysis:742 |   Marginal ROI curves computed.
2026-06-05 12:51:15 | INFO     | analysis:697 |   [RC:steady_state] media_impressions_clara_dv360  max_signups=inf @ GBP 4,629
2026-06-05 12:51:15 | INFO     | analysis:697 |   [RC:steady_state] media_impressions_clara_google max_signups=34414831436583924.00 @ GBP 334,403
2026-06-05 12:51:15 | INFO     | analysis:697 |   [RC:steady_state] media_impressions_clara_linkedin max_signups=4470450544003.65 @ GBP 30,216
2026-06-05 12:51:15 | INFO     | analysis:697 |   [RC:steady_state] media_impressions_clara_meta   max_signups=20168658792974.07 @ GBP 31,193
2026-06-05 12:51:15 | INFO     | analysis:703 |   Response curves computed for 4 channels x 200 spend points.
2026-06-05 12:51:15 | INFO     | analysis:821 |   [SATURATION] Analysis complete for 4 channels.
2026-06-05 12:51:15 | INFO     | analyze:175 |   Saved: Bayesian_Output\response_curves\response_curves_steady_state.csv
2026-06-05 12:51:16 | INFO     | analysis:1314 |   Saved: Bayesian_Output\response_curves\response_curves.png
2026-06-05 12:51:16 | INFO     | analysis:1397 |   Saved: Bayesian_Output\response_curves\response_curve_media_impressions_clara_dv360.png
2026-06-05 12:51:17 | INFO     | analysis:1397 |   Saved: Bayesian_Output\response_curves\response_curve_media_impressions_clara_google.png
2026-06-05 12:51:17 | INFO     | analysis:1397 |   Saved: Bayesian_Output\response_curves\response_curve_media_impressions_clara_linkedin.png
2026-06-05 12:51:17 | INFO     | analysis:1397 |   Saved: Bayesian_Output\response_curves\response_curve_media_impressions_clara_meta.png
2026-06-05 12:51:17 | INFO     | analyze:184 |   Saved: Bayesian_Output\response_curves\marginal_roi.csv
2026-06-05 12:51:17 | INFO     | analyze:184 |   Saved: Bayesian_Output\response_curves\saturation_analysis.csv
2026-06-05 12:51:17 | INFO     | analyze:187 | 
[CURVES] Computing multi-period cumulative curves (1M/3M/6M/1Y)...
2026-06-05 12:51:17 | INFO     | analysis:1018 |   [RC-MP:1M] media_impressions_clara_dv360  obs_period=GBP 941  cumul_signups=436.6
2026-06-05 12:51:17 | INFO     | analysis:1018 |   [RC-MP:1M] media_impressions_clara_google obs_period=GBP 37,642  cumul_signups=95.7
2026-06-05 12:51:17 | INFO     | analysis:1018 |   [RC-MP:1M] media_impressions_clara_linkedin obs_period=GBP 5,046  cumul_signups=198.6
2026-06-05 12:51:17 | INFO     | analysis:1018 |   [RC-MP:1M] media_impressions_clara_meta   obs_period=GBP 6,926  cumul_signups=320.0
2026-06-05 12:51:17 | INFO     | analysis:1018 |   [RC-MP:3M] media_impressions_clara_dv360  obs_period=GBP 3,059  cumul_signups=1633.9
2026-06-05 12:51:17 | INFO     | analysis:1018 |   [RC-MP:3M] media_impressions_clara_google obs_period=GBP 122,335  cumul_signups=364.0
2026-06-05 12:51:17 | INFO     | analysis:1018 |   [RC-MP:3M] media_impressions_clara_linkedin obs_period=GBP 16,400  cumul_signups=736.7
2026-06-05 12:51:17 | INFO     | analysis:1018 |   [RC-MP:3M] media_impressions_clara_meta   obs_period=GBP 22,509  cumul_signups=1183.6
2026-06-05 12:51:18 | INFO     | analysis:1018 |   [RC-MP:6M] media_impressions_clara_dv360  obs_period=GBP 6,118  cumul_signups=3377.8
2026-06-05 12:51:18 | INFO     | analysis:1018 |   [RC-MP:6M] media_impressions_clara_google obs_period=GBP 244,670  cumul_signups=761.7
2026-06-05 12:51:18 | INFO     | analysis:1018 |   [RC-MP:6M] media_impressions_clara_linkedin obs_period=GBP 32,799  cumul_signups=1521.6
2026-06-05 12:51:18 | INFO     | analysis:1018 |   [RC-MP:6M] media_impressions_clara_meta   obs_period=GBP 45,017  cumul_signups=2441.0
2026-06-05 12:51:18 | INFO     | analysis:1018 |   [RC-MP:1Y] media_impressions_clara_dv360  obs_period=GBP 12,237  cumul_signups=6866.6
2026-06-05 12:51:18 | INFO     | analysis:1018 |   [RC-MP:1Y] media_impressions_clara_google obs_period=GBP 489,341  cumul_signups=1558.5
2026-06-05 12:51:19 | INFO     | analysis:1018 |   [RC-MP:1Y] media_impressions_clara_linkedin obs_period=GBP 65,599  cumul_signups=3091.9
2026-06-05 12:51:19 | INFO     | analysis:1018 |   [RC-MP:1Y] media_impressions_clara_meta   obs_period=GBP 90,035  cumul_signups=4956.4
2026-06-05 12:51:19 | INFO     | analysis:1025 |   Multi-period response curves: 4 periods x 4 channels x 150 points.
2026-06-05 12:51:19 | INFO     | analyze:194 |   Saved: Bayesian_Output\response_curves\response_curves_multiperiod.csv
2026-06-05 12:51:20 | INFO     | analysis:1131 |   Saved: Bayesian_Output\response_curves\multiperiod\response_curves_multiperiod.png
2026-06-05 12:51:21 | INFO     | analysis:1184 |   Saved: Bayesian_Output\response_curves\multiperiod\response_curves_multiperiod_1M.png
2026-06-05 12:51:21 | INFO     | analysis:1184 |   Saved: Bayesian_Output\response_curves\multiperiod\response_curves_multiperiod_3M.png
2026-06-05 12:51:22 | INFO     | analysis:1184 |   Saved: Bayesian_Output\response_curves\multiperiod\response_curves_multiperiod_6M.png
2026-06-05 12:51:23 | INFO     | analysis:1184 |   Saved: Bayesian_Output\response_curves\multiperiod\response_curves_multiperiod_1Y.png
2026-06-05 12:51:27 | INFO     | export:364 |   Added RC_MultiPeriod_Data tab
2026-06-05 12:51:28 | INFO     | export:409 |   Added RC_Channel_Charts tab to model_results.xlsx
2026-06-05 12:51:28 | INFO     | analyze:210 | [CURVES] Done.
2026-06-05 12:51:39 | INFO     | pipeline:196 | [LOAD] trace.nc  <- Bayesian_Output\trace.nc
2026-06-05 12:51:39 | INFO     | pipeline:199 | [LOAD] prep.pkl  <- Bayesian_Output\prep.pkl
2026-06-05 12:51:39 | DEBUG    | optimisation:1922 |   [CPP] Loaded source CSV: wkly_clara_data_31Jul 2.csv
2026-06-05 12:51:39 | INFO     | optimisation:1948 |   [CPP] media_impressions_clara_dv360             Impressions      CPM (GBP / 1000 imps) = 0.001603  [computed from data]
2026-06-05 12:51:39 | INFO     | optimisation:1948 |   [CPP] media_impressions_clara_google            Impressions      CPM (GBP / 1000 imps) = 0.009597  [computed from data]
2026-06-05 12:51:39 | INFO     | optimisation:1948 |   [CPP] media_impressions_clara_linkedin          Impressions      CPM (GBP / 1000 imps) = 0.011533  [computed from data]
2026-06-05 12:51:39 | INFO     | optimisation:1948 |   [CPP] media_impressions_clara_meta              Impressions      CPM (GBP / 1000 imps) = 0.005908  [computed from data]
2026-06-05 12:51:39 | INFO     | analyze:99 | 
  Channel metric types and cost-per-unit rates:
  Channel                                       Metric           Rate
  --------------------------------------------------------------------------------
  media_impressions_clara_dv360                 Impressions      0.001603  (CPM (GBP / 1000 imps))
  media_impressions_clara_google                Impressions      0.009597  (CPM (GBP / 1000 imps))
  media_impressions_clara_linkedin              Impressions      0.011533  (CPM (GBP / 1000 imps))
  media_impressions_clara_meta                  Impressions      0.005908  (CPM (GBP / 1000 imps))
2026-06-05 12:51:39 | INFO     | analyze:524 |   [SEQ] spend_in_currency=true → CPP forced to 1.0 for all channels
2026-06-05 12:51:39 | INFO     | analyze:621 | 
[SEQUENTIAL] Scenario 1: Current Spend | type=forward | n_months=1 | budget=£6,119,189
2026-06-05 12:51:39 | INFO     | optimisation:1647 |   [SEQ-OPT] n_months=1  n_ppm=4  total=£6,119,189.10  monthly=£6,119,189.10  round_budget_pct=0.020
2026-06-05 12:51:39 | INFO     | optimisation:1770 |   [SEQ-OPT] month=1  opt=230.45  bau=178.68  curr=1102.14
2026-06-05 12:51:39 | INFO     | optimisation:1849 |   [SEQ-OPT] opt=230.4471  bau=178.6800  current=1102.1449  uplift_vs_bau=+29.0%
2026-06-05 12:51:39 | INFO     | analyze:655 |   Saved: seq_Current_Spend_summary/channels/monthly.csv
2026-06-05 12:51:39 | INFO     | analyze:621 | 
[SEQUENTIAL] Scenario 2: Budget +20% | type=forward | n_months=1 | budget=£7,343,027
2026-06-05 12:51:39 | INFO     | optimisation:1647 |   [SEQ-OPT] n_months=1  n_ppm=4  total=£7,343,026.91  monthly=£7,343,026.91  round_budget_pct=0.020
2026-06-05 12:51:40 | INFO     | optimisation:1770 |   [SEQ-OPT] month=1  opt=239.44  bau=222.22  curr=1102.14
2026-06-05 12:51:40 | INFO     | optimisation:1849 |   [SEQ-OPT] opt=239.4438  bau=222.2236  current=1102.1449  uplift_vs_bau=+7.8%
2026-06-05 12:51:40 | INFO     | analyze:655 |   Saved: seq_Budget_+20%_summary/channels/monthly.csv
2026-06-05 12:51:40 | INFO     | analyze:621 | 
[SEQUENTIAL] Scenario 3: Budget -20% | type=forward | n_months=1 | budget=£4,895,351
2026-06-05 12:51:40 | INFO     | optimisation:1647 |   [SEQ-OPT] n_months=1  n_ppm=4  total=£4,895,351.28  monthly=£4,895,351.28  round_budget_pct=0.020
2026-06-05 12:51:40 | INFO     | optimisation:1770 |   [SEQ-OPT] month=1  opt=198.47  bau=136.36  curr=1102.14
2026-06-05 12:51:40 | INFO     | optimisation:1849 |   [SEQ-OPT] opt=198.4668  bau=136.3566  current=1102.1449  uplift_vs_bau=+45.5%
2026-06-05 12:51:40 | INFO     | analyze:655 |   Saved: seq_Budget_20%_summary/channels/monthly.csv
2026-06-05 12:51:40 | INFO     | analyze:606 | 
[SEQUENTIAL] Scenario 4: Reverse - Match Current Response | type=reverse | n_months=1 | target=observed mean
2026-06-05 12:51:40 | INFO     | optimisation:2157 |   [REV-SEQ] target_response not set — using observed monthly response: 1102.14
2026-06-05 12:51:40 | INFO     | optimisation:2162 |   [REV-SEQ] n_months=1  target=1102.14/month  tol=0.5%
2026-06-05 12:51:40 | INFO     | optimisation:1647 |   [SEQ-OPT] n_months=1  n_ppm=4  total=£9,209,379.59  monthly=£9,209,379.59  round_budget_pct=0.020
2026-06-05 13:16:57 | WARNING  | main:87 | [PYTENSOR] g++ compiler not found — running on the Python backend (slower, but fully functional).  To enable the faster C backend: conda install -c conda-forge m2w64-toolchain  (Windows/conda)  |  sudo apt-get install g++ build-essential  (Linux/WSL)
2026-06-05 13:16:57 | INFO     | config:655 | [CONFIG] Loaded YAML config from: config_hier.yaml
2026-06-05 13:16:57 | INFO     | config:741 | [CONFIG] Schema built:
DataSchema: weekly data
  Date: date  |  Response: response_metric_inbound_deals_total
  Media channels: 4
    google                    -> media_impressions_clara_google (impressions, type=paid_search)
    dv360                     -> media_impressions_clara_dv360 (impressions, type=display)
    linkedin                  -> media_impressions_clara_linkedin (impressions, type=paid_social)
    meta                      -> media_impressions_clara_meta (impressions, type=paid_social)
  Event dummies: 1
    fraud_activity
2026-06-05 13:16:57 | INFO     | pipeline:351 | ======================================================================
2026-06-05 13:16:57 | INFO     | pipeline:352 |   BAYESIAN MARKET MIX MODEL - PRODUCTION PIPELINE (~20-30 min target)
2026-06-05 13:16:57 | INFO     | pipeline:353 | ======================================================================
2026-06-05 13:16:57 | INFO     | pipeline:354 |   CSV          : wkly_clara_data_31Jul 2.csv
2026-06-05 13:16:57 | INFO     | pipeline:355 |   Response     : response_metric_inbound_deals_total
2026-06-05 13:16:57 | INFO     | pipeline:356 |   Frequency    : weekly | dayfirst=True | holdout=0
2026-06-05 13:16:57 | INFO     | pipeline:357 |   Spend prefix : spends_
2026-06-05 13:16:57 | INFO     | pipeline:358 |   Media cols   : [prefix-based auto]
2026-06-05 13:16:57 | INFO     | pipeline:359 |   Output dir   : Bayesian_Output
2026-06-05 13:16:57 | INFO     | pipeline:360 |   Hierarchical : True | two-timescale adstock: False | synergies: False
2026-06-05 13:16:57 | INFO     | pipeline:361 |   Baseline     : gaussian_random_walk
2026-06-05 13:16:57 | INFO     | pipeline:362 |   Ranking      : lexicographic
2026-06-05 13:16:57 | INFO     | pipeline:363 |   Hybrid fast  : False
2026-06-05 13:16:57 | INFO     | pipeline:364 |   Runtime mode : fast_20m
2026-06-05 13:16:57 | INFO     | pipeline:365 |   Quality gate : accept quality_flag <= 2 | reject_if_all_bad=False
2026-06-05 13:16:57 | INFO     | pipeline:366 |   Skip Stage 0 : True
2026-06-05 13:16:57 | INFO     | pipeline:367 |   Skip MAP     : True
2026-06-05 13:16:57 | INFO     | pipeline:368 |   Use lag      : False
2026-06-05 13:16:57 | INFO     | pipeline:369 |   Time-varying betas : False
2026-06-05 13:16:57 | INFO     | pipeline:370 |   Dynamic saturation: False
2026-06-05 13:16:57 | INFO     | pipeline:371 |   Strict validation : False
2026-06-05 13:16:57 | INFO     | pipeline:372 |   Outlier detection : True
2026-06-05 13:16:57 | INFO     | pipeline:373 |   Stationarity test : True
2026-06-05 13:16:57 | INFO     | pipeline:374 |   Channel priors: custom (4 channels)
2026-06-05 13:16:57 | INFO     | pipeline:375 | ======================================================================
2026-06-05 13:16:57 | INFO     | pipeline:459 | [CONFIG] fast_20m caps applied — draws: 2000→800, tune: 1000→500, top_n_map: 8→8. YAML sampling.draws/tune values are overridden by runtime_mode='fast_20m'.
2026-06-05 13:16:57 | INFO     | pipeline:528 | 
[PREP] Loading and preprocessing data...
2026-06-05 13:16:57 | INFO     | data_prep:445 | Loading data from: wkly_clara_data_31Jul 2.csv
2026-06-05 13:16:57 | INFO     | data_prep:494 |   Rows after filter: 84
2026-06-05 13:16:57 | INFO     | data_prep:495 |   Date range: 2024-01-01 00:00:00 -> 2025-08-04 00:00:00
2026-06-05 13:16:57 | WARNING  | data_prep:518 | Response has <=0 values. (auto) Clipped to 0 for log1p/sqrt.
2026-06-05 13:16:57 | WARNING  | data_prep:556 | [DATA_PREP] Detected 2 outlier(s) in the response after transform. Review data quality or enable robust handling.
2026-06-05 13:16:57 | INFO     | data_prep:569 | [DATA_PREP] Stationarity checks: adf_stat=-16.9427, adf_pvalue=0.0000, kpss_stat=0.7403, kpss_pvalue=0.0100
2026-06-05 13:16:57 | INFO     | data_prep:581 |   Response transform: log1p | min=0, max=184, mean=102
2026-06-05 13:16:57 | INFO     | data_prep:612 |   Per-channel variable selections:
2026-06-05 13:16:57 | INFO     | data_prep:614 |     dv360                          -> media_impressions_clara_dv360
2026-06-05 13:16:57 | INFO     | data_prep:614 |     google                         -> media_impressions_clara_google
2026-06-05 13:16:57 | INFO     | data_prep:614 |     linkedin                       -> media_impressions_clara_linkedin
2026-06-05 13:16:57 | INFO     | data_prep:614 |     meta                           -> media_impressions_clara_meta
2026-06-05 13:16:57 | INFO     | data_prep:630 |   Media columns selected: ['media_impressions_clara_dv360', 'media_impressions_clara_google', 'media_impressions_clara_linkedin', 'media_impressions_clara_meta']
2026-06-05 13:16:57 | WARNING  | data_prep:766 | [DATA_PREP] fourier_order capped: requested 2 but T=84 weekly periods only supports 1 (need ~52 observations per order). Using fourier_order=1.
2026-06-05 13:16:57 | INFO     | data_prep:774 |   Fourier seasonality: frequency=weekly, period=52.18, order=1
2026-06-05 13:16:57 | INFO     | data_prep:811 |   T=84 weekly | C=4 channels | Fourier order=1
2026-06-05 13:16:57 | INFO     | data_prep:837 |   Channel families: ['display', 'search', 'social']
2026-06-05 13:16:57 | INFO     | data_prep:839 |     media_impressions_clara_dv360       -> display
2026-06-05 13:16:57 | INFO     | data_prep:839 |     media_impressions_clara_google      -> search
2026-06-05 13:16:57 | INFO     | data_prep:839 |     media_impressions_clara_linkedin    -> social
2026-06-05 13:16:57 | INFO     | data_prep:839 |     media_impressions_clara_meta        -> social
2026-06-05 13:16:57 | WARNING  | data_prep:1068 | [DATA_PREP] Event column(s) listed in YAML not found in CSV — they will be IGNORED: ['fraud_activity']
  Check spelling/case exactly matches the CSV header.   CSV columns available: ['date', 'panel', 'media_clicks_clara_dv360', 'media_clicks_clara_google', 'media_clicks_clara_linkedin', 'media_clicks_clara_meta', 'media_impressions_clara_dv360', 'media_impressions_clara_google', 'media_impressions_clara_linkedin', 'media_impressions_clara_meta', 'spends_clara_dv360', 'spends_clara_google', 'spends_clara_linkedin', 'spends_clara_meta', 'response_metric_inbound_deals_total', 'response_metric_inbound_signups_total']
2026-06-05 13:16:57 | DEBUG    | data_prep:1155 |   [RESET_MASK] 2 restart event(s) across 4 channels (gap threshold = 4 weeks)
2026-06-05 13:16:57 | INFO     | pipeline:532 | [PREP] Done in 0.1s
2026-06-05 13:16:57 | INFO     | priors:295 | [PRIOR-CFG] Validated 4 per-channel prior configs. Channels using defaults: []
2026-06-05 13:16:57 | INFO     | pipeline:615 | [S0] Skipped - using hybrid fast-scan winners if available
2026-06-05 13:16:57 | INFO     | pipeline:630 | 
[SPECS] Per-channel transform assignments:
2026-06-05 13:16:57 | INFO     | pipeline:632 |   [0] media_impressions_clara_dv360  -> geometric+softplus
2026-06-05 13:16:57 | INFO     | pipeline:632 |   [1] media_impressions_clara_google -> geometric+softplus
2026-06-05 13:16:57 | INFO     | pipeline:632 |   [2] media_impressions_clara_linkedin -> geometric+softplus
2026-06-05 13:16:57 | INFO     | pipeline:632 |   [3] media_impressions_clara_meta   -> geometric+softplus
2026-06-05 13:16:57 | INFO     | pipeline:634 | 
[GRID] Building full hyperparameter grid...
2026-06-05 13:16:57 | INFO     | config:329 | Full grid: 48 configurations
2026-06-05 13:16:57 | INFO     | config:361 | Pruned grid: 48 -> 48 unique (lag x fourier x adstock x sat) combinations
2026-06-05 13:16:57 | INFO     | pipeline:659 | [S1] MAP pre-screen skipped (pruned grid small enough or skip_map=True)
2026-06-05 13:16:57 | INFO     | pipeline_stages:426 | ============================================================
2026-06-05 13:16:57 | INFO     | pipeline_stages:427 | STAGE 1b - FAST MCMC SCAN
2026-06-05 13:16:57 | INFO     | pipeline_stages:430 |   Configs: 8 | Fast mode: 60 draws, 1 chain(s)
2026-06-05 13:16:57 | INFO     | pipeline_stages:431 |   Keeping top-1 for full refit
2026-06-05 13:16:57 | INFO     | pipeline_stages:433 |   Per-channel transforms: ENABLED
2026-06-05 13:16:57 | INFO     | pipeline_stages:434 | ============================================================
2026-06-05 13:16:57 | INFO     | pipeline_stages:440 | 
  [ 1/8] Fast MCMC: lag4_fo1_geometric_softplus_ta95
2026-06-05 13:16:57 | WARNING  | priors:334 | [MODEL_BUILDER] use_hierarchical=True (Case B (single-timescale)): adstock_lam_prior settings for 4 channel(s) are IGNORED: ['media_impressions_clara_google', 'media_impressions_clara_dv360', 'media_impressions_clara_linkedin', 'media_impressions_clara_meta']. In hierarchical mode, adstock decay is controlled by the family-level hl_slow_median hyperprior (priors.families in YAML), not per-channel adstock_lam_prior. To use per-channel adstock priors, set use_hierarchical=False.
2026-06-05 13:16:58 | DEBUG    | model_builder:548 |   Hierarchical geometric adstock (Case B): F=3 families, C=4 channels. Family lam medians: {'display': np.float64(0.707), 'search': np.float64(0.758), 'social': np.float64(0.63)}
2026-06-05 13:17:33 | DEBUG    | model_builder:1433 |   Sampling complete in 34.4s
2026-06-05 13:17:33 | WARNING  | metrics:217 | R-hat cannot be computed with only 1 chain - returning sentinel 1.0. Use chains >= 2 for production runs.
2026-06-05 13:17:33 | INFO     | metrics:1146 |   Temporal CV: 3 folds | mean MAPE=9.26% | mean RMSE=11.31
2026-06-05 13:17:33 | INFO     | pipeline_stages:463 |     [OK] qf=2 | MAPE=12.42% | R2=0.5954 | R-hat=1.0000 [estimated] | divs=0 | wall=34s
2026-06-05 13:17:33 | INFO     | pipeline_stages:440 | 
  [ 2/8] Fast MCMC: lag4_fo1_geometric_hill_ta95
2026-06-05 13:17:33 | WARNING  | priors:334 | [MODEL_BUILDER] use_hierarchical=True (Case B (single-timescale)): adstock_lam_prior settings for 4 channel(s) are IGNORED: ['media_impressions_clara_google', 'media_impressions_clara_dv360', 'media_impressions_clara_linkedin', 'media_impressions_clara_meta']. In hierarchical mode, adstock decay is controlled by the family-level hl_slow_median hyperprior (priors.families in YAML), not per-channel adstock_lam_prior. To use per-channel adstock priors, set use_hierarchical=False.
2026-06-05 13:17:33 | DEBUG    | model_builder:548 |   Hierarchical geometric adstock (Case B): F=3 families, C=4 channels. Family lam medians: {'display': np.float64(0.707), 'search': np.float64(0.758), 'social': np.float64(0.63)}
2026-06-05 13:17:57 | DEBUG    | model_builder:1433 |   Sampling complete in 23.9s
2026-06-05 13:17:57 | WARNING  | metrics:217 | R-hat cannot be computed with only 1 chain - returning sentinel 1.0. Use chains >= 2 for production runs.
2026-06-05 13:17:58 | INFO     | metrics:1146 |   Temporal CV: 3 folds | mean MAPE=9.12% | mean RMSE=11.26
2026-06-05 13:17:58 | INFO     | pipeline_stages:463 |     [OK] qf=2 | MAPE=12.00% | R2=0.6178 | R-hat=1.0000 [estimated] | divs=0 | wall=24s
2026-06-05 13:17:58 | INFO     | pipeline_stages:440 | 
  [ 3/8] Fast MCMC: lag4_fo1_geometric_logistic_ta95
2026-06-05 13:17:58 | WARNING  | priors:334 | [MODEL_BUILDER] use_hierarchical=True (Case B (single-timescale)): adstock_lam_prior settings for 4 channel(s) are IGNORED: ['media_impressions_clara_google', 'media_impressions_clara_dv360', 'media_impressions_clara_linkedin', 'media_impressions_clara_meta']. In hierarchical mode, adstock decay is controlled by the family-level hl_slow_median hyperprior (priors.families in YAML), not per-channel adstock_lam_prior. To use per-channel adstock priors, set use_hierarchical=False.
2026-06-05 13:17:58 | DEBUG    | model_builder:548 |   Hierarchical geometric adstock (Case B): F=3 families, C=4 channels. Family lam medians: {'display': np.float64(0.707), 'search': np.float64(0.758), 'social': np.float64(0.63)}
2026-06-05 13:18:22 | DEBUG    | model_builder:1433 |   Sampling complete in 23.9s
2026-06-05 13:18:22 | WARNING  | metrics:217 | R-hat cannot be computed with only 1 chain - returning sentinel 1.0. Use chains >= 2 for production runs.
2026-06-05 13:18:22 | INFO     | metrics:1146 |   Temporal CV: 3 folds | mean MAPE=9.48% | mean RMSE=11.57
2026-06-05 13:18:22 | INFO     | pipeline_stages:463 |     [OK] qf=2 | MAPE=12.56% | R2=0.5981 | R-hat=1.0000 [estimated] | divs=0 | wall=24s
2026-06-05 13:18:22 | INFO     | pipeline_stages:440 | 
  [ 4/8] Fast MCMC: lag4_fo1_geometric_exponential_ta95
2026-06-05 13:18:22 | WARNING  | priors:334 | [MODEL_BUILDER] use_hierarchical=True (Case B (single-timescale)): adstock_lam_prior settings for 4 channel(s) are IGNORED: ['media_impressions_clara_google', 'media_impressions_clara_dv360', 'media_impressions_clara_linkedin', 'media_impressions_clara_meta']. In hierarchical mode, adstock decay is controlled by the family-level hl_slow_median hyperprior (priors.families in YAML), not per-channel adstock_lam_prior. To use per-channel adstock priors, set use_hierarchical=False.
2026-06-05 13:18:22 | DEBUG    | model_builder:548 |   Hierarchical geometric adstock (Case B): F=3 families, C=4 channels. Family lam medians: {'display': np.float64(0.707), 'search': np.float64(0.758), 'social': np.float64(0.63)}
2026-06-05 13:18:44 | DEBUG    | model_builder:1433 |   Sampling complete in 21.5s
2026-06-05 13:18:44 | WARNING  | metrics:217 | R-hat cannot be computed with only 1 chain - returning sentinel 1.0. Use chains >= 2 for production runs.
2026-06-05 13:18:44 | INFO     | metrics:1146 |   Temporal CV: 3 folds | mean MAPE=9.07% | mean RMSE=11.29
2026-06-05 13:18:44 | INFO     | pipeline_stages:463 |     [OK] qf=2 | MAPE=12.11% | R2=0.6134 | R-hat=1.0000 [estimated] | divs=0 | wall=21s
2026-06-05 13:18:44 | INFO     | pipeline_stages:440 | 
  [ 5/8] Fast MCMC: lag4_fo1_weibull_softplus_ta95
2026-06-05 13:18:44 | WARNING  | priors:334 | [MODEL_BUILDER] use_hierarchical=True (Case B (single-timescale)): adstock_lam_prior settings for 4 channel(s) are IGNORED: ['media_impressions_clara_google', 'media_impressions_clara_dv360', 'media_impressions_clara_linkedin', 'media_impressions_clara_meta']. In hierarchical mode, adstock decay is controlled by the family-level hl_slow_median hyperprior (priors.families in YAML), not per-channel adstock_lam_prior. To use per-channel adstock priors, set use_hierarchical=False.
2026-06-05 13:18:44 | DEBUG    | model_builder:548 |   Hierarchical geometric adstock (Case B): F=3 families, C=4 channels. Family lam medians: {'display': np.float64(0.707), 'search': np.float64(0.758), 'social': np.float64(0.63)}
2026-06-05 13:19:04 | DEBUG    | model_builder:1433 |   Sampling complete in 19.7s
2026-06-05 13:19:04 | WARNING  | metrics:217 | R-hat cannot be computed with only 1 chain - returning sentinel 1.0. Use chains >= 2 for production runs.
2026-06-05 13:19:05 | INFO     | metrics:1146 |   Temporal CV: 3 folds | mean MAPE=9.85% | mean RMSE=11.81
2026-06-05 13:19:05 | INFO     | pipeline_stages:463 |     [OK] qf=2 | MAPE=12.78% | R2=0.5799 | R-hat=1.0000 [estimated] | divs=0 | wall=20s
2026-06-05 13:19:05 | INFO     | pipeline_stages:440 | 
  [ 6/8] Fast MCMC: lag4_fo1_weibull_hill_ta95
2026-06-05 13:19:05 | WARNING  | priors:334 | [MODEL_BUILDER] use_hierarchical=True (Case B (single-timescale)): adstock_lam_prior settings for 4 channel(s) are IGNORED: ['media_impressions_clara_google', 'media_impressions_clara_dv360', 'media_impressions_clara_linkedin', 'media_impressions_clara_meta']. In hierarchical mode, adstock decay is controlled by the family-level hl_slow_median hyperprior (priors.families in YAML), not per-channel adstock_lam_prior. To use per-channel adstock priors, set use_hierarchical=False.
2026-06-05 13:19:05 | DEBUG    | model_builder:548 |   Hierarchical geometric adstock (Case B): F=3 families, C=4 channels. Family lam medians: {'display': np.float64(0.707), 'search': np.float64(0.758), 'social': np.float64(0.63)}
2026-06-05 13:19:26 | DEBUG    | model_builder:1433 |   Sampling complete in 20.7s
2026-06-05 13:19:26 | WARNING  | metrics:217 | R-hat cannot be computed with only 1 chain - returning sentinel 1.0. Use chains >= 2 for production runs.
2026-06-05 13:19:26 | INFO     | metrics:1146 |   Temporal CV: 3 folds | mean MAPE=8.75% | mean RMSE=10.82
2026-06-05 13:19:26 | INFO     | pipeline_stages:463 |     [OK] qf=2 | MAPE=11.92% | R2=0.6224 | R-hat=1.0000 [estimated] | divs=0 | wall=21s
2026-06-05 13:19:26 | INFO     | pipeline_stages:440 | 
  [ 7/8] Fast MCMC: lag4_fo1_weibull_logistic_ta95
2026-06-05 13:19:26 | WARNING  | priors:334 | [MODEL_BUILDER] use_hierarchical=True (Case B (single-timescale)): adstock_lam_prior settings for 4 channel(s) are IGNORED: ['media_impressions_clara_google', 'media_impressions_clara_dv360', 'media_impressions_clara_linkedin', 'media_impressions_clara_meta']. In hierarchical mode, adstock decay is controlled by the family-level hl_slow_median hyperprior (priors.families in YAML), not per-channel adstock_lam_prior. To use per-channel adstock priors, set use_hierarchical=False.
2026-06-05 13:19:26 | DEBUG    | model_builder:548 |   Hierarchical geometric adstock (Case B): F=3 families, C=4 channels. Family lam medians: {'display': np.float64(0.707), 'search': np.float64(0.758), 'social': np.float64(0.63)}
2026-06-05 13:19:45 | DEBUG    | model_builder:1433 |   Sampling complete in 18.6s
2026-06-05 13:19:45 | WARNING  | metrics:217 | R-hat cannot be computed with only 1 chain - returning sentinel 1.0. Use chains >= 2 for production runs.
2026-06-05 13:19:45 | INFO     | metrics:1146 |   Temporal CV: 3 folds | mean MAPE=9.95% | mean RMSE=11.89
2026-06-05 13:19:45 | INFO     | pipeline_stages:463 |     [OK] qf=2 | MAPE=12.95% | R2=0.5735 | R-hat=1.0000 [estimated] | divs=0 | wall=19s
2026-06-05 13:19:45 | INFO     | pipeline_stages:440 | 
  [ 8/8] Fast MCMC: lag4_fo1_weibull_exponential_ta95
2026-06-05 13:19:45 | WARNING  | priors:334 | [MODEL_BUILDER] use_hierarchical=True (Case B (single-timescale)): adstock_lam_prior settings for 4 channel(s) are IGNORED: ['media_impressions_clara_google', 'media_impressions_clara_dv360', 'media_impressions_clara_linkedin', 'media_impressions_clara_meta']. In hierarchical mode, adstock decay is controlled by the family-level hl_slow_median hyperprior (priors.families in YAML), not per-channel adstock_lam_prior. To use per-channel adstock priors, set use_hierarchical=False.
2026-06-05 13:19:45 | DEBUG    | model_builder:548 |   Hierarchical geometric adstock (Case B): F=3 families, C=4 channels. Family lam medians: {'display': np.float64(0.707), 'search': np.float64(0.758), 'social': np.float64(0.63)}
2026-06-05 13:20:04 | DEBUG    | model_builder:1433 |   Sampling complete in 18.2s
2026-06-05 13:20:04 | WARNING  | metrics:217 | R-hat cannot be computed with only 1 chain - returning sentinel 1.0. Use chains >= 2 for production runs.
2026-06-05 13:20:04 | INFO     | metrics:1146 |   Temporal CV: 3 folds | mean MAPE=9.23% | mean RMSE=11.51
2026-06-05 13:20:04 | INFO     | pipeline_stages:463 |     [OK] qf=2 | MAPE=12.23% | R2=0.6126 | R-hat=1.0000 [estimated] | divs=0 | wall=18s
2026-06-05 13:20:04 | WARNING  | pipeline_stages:493 | [S1b] No models passed quality_flag <= 1. Falling back to top-K by ranking.
2026-06-05 13:20:04 | INFO     | pipeline_stages:502 | 
  Top-1 survivors for full refit:
2026-06-05 13:20:04 | INFO     | pipeline_stages:507 |     1. lag4_fo1_weibull_hill_ta95                              | MAPE=11.92% | R-hat=1.0000 | LOO=N/A
2026-06-05 13:20:04 | INFO     | pipeline:78 | [TIMER] stage_1b_mcmc        3.1 min (186.9 s)  [8 models]
2026-06-05 13:20:04 | INFO     | pipeline_stages:544 | ============================================================
2026-06-05 13:20:04 | INFO     | pipeline_stages:545 | STAGE 2 - FULL REFIT
2026-06-05 13:20:04 | INFO     | pipeline_stages:546 |   Models to refit: 1 | Full settings: 800 draws, 2 chain(s)
2026-06-05 13:20:04 | INFO     | pipeline_stages:548 |   Per-channel transforms: ENABLED
2026-06-05 13:20:04 | INFO     | pipeline_stages:550 |     [0] media_impressions_clara_dv360  -> geometric+softplus
2026-06-05 13:20:04 | INFO     | pipeline_stages:550 |     [1] media_impressions_clara_google -> geometric+softplus
2026-06-05 13:20:04 | INFO     | pipeline_stages:550 |     [2] media_impressions_clara_linkedin -> geometric+softplus
2026-06-05 13:20:04 | INFO     | pipeline_stages:550 |     [3] media_impressions_clara_meta   -> geometric+softplus
2026-06-05 13:20:04 | INFO     | pipeline_stages:551 | ============================================================
2026-06-05 13:20:04 | INFO     | pipeline_stages:569 | 
  [1/1] Full refit: lag4_fo1_weibull_hill_ta95
2026-06-05 13:20:04 | WARNING  | priors:334 | [MODEL_BUILDER] use_hierarchical=True (Case B (single-timescale)): adstock_lam_prior settings for 4 channel(s) are IGNORED: ['media_impressions_clara_google', 'media_impressions_clara_dv360', 'media_impressions_clara_linkedin', 'media_impressions_clara_meta']. In hierarchical mode, adstock decay is controlled by the family-level hl_slow_median hyperprior (priors.families in YAML), not per-channel adstock_lam_prior. To use per-channel adstock priors, set use_hierarchical=False.
2026-06-05 13:20:04 | DEBUG    | model_builder:548 |   Hierarchical geometric adstock (Case B): F=3 families, C=4 channels. Family lam medians: {'display': np.float64(0.707), 'search': np.float64(0.758), 'social': np.float64(0.63)}
2026-06-05 13:20:42 | DEBUG    | model_builder:1433 |   Sampling complete in 38.2s
2026-06-05 13:20:44 | INFO     | metrics:1146 |   Temporal CV: 3 folds | mean MAPE=9.91% | mean RMSE=12.21
2026-06-05 13:20:44 | INFO     | pipeline_stages:590 |     [OK] qf=2 | MAPE=12.89% | R2=0.5770 | R-hat=1.0485 | divs=0 | LOO=-42.12 | ESS=46 | wall=38s
2026-06-05 13:20:44 | INFO     | pipeline_stages:647 | 
  == Per-Channel Transform Summary ==
2026-06-05 13:20:44 | INFO     | pipeline_stages:650 |                          channel   adstock saturation  use_lag  lag_mode  lam_mean  alpha_sat_mean  beta_mean
   media_impressions_clara_dv360 geometric   softplus    False       NaN    2.4080          3.5676        NaN
  media_impressions_clara_google geometric   softplus    False       NaN    2.8875          2.6590        NaN
media_impressions_clara_linkedin geometric   softplus    False       NaN    3.1439          2.6630        NaN
    media_impressions_clara_meta geometric   softplus    False       NaN    3.1691          2.7809        NaN
2026-06-05 13:20:44 | INFO     | pipeline_stages:656 | 
  [BEST] BEST MODEL: lag4_fo1_weibull_hill_ta95
2026-06-05 13:20:44 | INFO     | pipeline_stages:657 |     MAPE       : 12.8931%
2026-06-05 13:20:44 | INFO     | pipeline_stages:658 |     R2         : 0.5770
2026-06-05 13:20:44 | INFO     | pipeline_stages:659 |     Pearson r  : 0.8394
2026-06-05 13:20:44 | INFO     | pipeline_stages:660 |     Max R-hat  : 1.04854
2026-06-05 13:20:44 | INFO     | pipeline_stages:661 |     ESS bulk   : 46
2026-06-05 13:20:44 | INFO     | pipeline_stages:662 |     ESS tail   : 60
2026-06-05 13:20:44 | INFO     | pipeline_stages:663 |     Divergences: 0
2026-06-05 13:20:44 | INFO     | pipeline_stages:664 |     LOO-IC     : -42.1205
2026-06-05 13:20:44 | INFO     | pipeline_stages:665 |     WAIC       : -41.6767
2026-06-05 13:20:44 | INFO     | pipeline:78 | [TIMER] stage_2_full         0.7 min (39.6 s)  [1 models]
2026-06-05 13:20:44 | INFO     | pipeline:692 | 
[ANALYSIS] Computing channel contributions...
2026-06-05 13:20:44 | INFO     | pipeline:697 | 
  Channel Contribution Summary:
2026-06-05 13:20:44 | INFO     | pipeline:698 |                          channel  mean_share_pct  roi_proxy  hdi_90_low  hdi_90_high
    media_impressions_clara_meta         33.4922   0.088913    4.773605    47.699125
  media_impressions_clara_google         27.8732   0.024773    0.000089    61.762751
media_impressions_clara_linkedin         23.9988   0.190224    0.000598    54.167376
   media_impressions_clara_dv360         14.6358   0.076862    0.001575    21.452506
2026-06-05 13:20:44 | INFO     | pipeline:702 | 
  Component Contribution Summary:
2026-06-05 13:20:44 | INFO     | pipeline:703 |   component     group  share_abs_pct  mean_effect
media_total     media      53.117415     0.505363
   baseline non_media      43.607562    -0.414352
seasonality non_media       3.275024     0.023625
2026-06-05 13:20:44 | INFO     | pipeline:78 | [TIMER] analysis             0.0 min (0.1 s)
2026-06-05 13:20:44 | INFO     | pipeline:719 | 
======================================================================
2026-06-05 13:20:44 | INFO     | pipeline:720 |   PIPELINE COMPLETE
2026-06-05 13:20:44 | INFO     | pipeline:721 | ======================================================================
2026-06-05 13:20:44 | INFO     | pipeline:722 |   Total wall time   : 3.8 minutes
2026-06-05 13:20:44 | INFO     | pipeline:723 |   Best model key    : lag4_fo1_weibull_hill_ta95
2026-06-05 13:20:44 | INFO     | pipeline:724 |   Fourier order     : 1
2026-06-05 13:20:44 | INFO     | pipeline:725 |   Max adstock lag   : 4
2026-06-05 13:20:44 | INFO     | pipeline:728 |   Quality flag      : 2 (0=best, 2=poor)
2026-06-05 13:20:44 | INFO     | pipeline:729 |   MAPE              : 12.8931%
2026-06-05 13:20:44 | INFO     | pipeline:730 |   R2                : 0.5770
2026-06-05 13:20:44 | INFO     | pipeline:731 |   Pearson r         : 0.8394
2026-06-05 13:20:44 | INFO     | pipeline:732 |   Max R-hat         : 1.04854
2026-06-05 13:20:44 | INFO     | pipeline:733 |   ESS bulk (min)    : 46
2026-06-05 13:20:44 | INFO     | pipeline:734 |   ESS tail (min)    : 60
2026-06-05 13:20:44 | INFO     | pipeline:735 |   Divergences       : 0
2026-06-05 13:20:44 | INFO     | pipeline:736 |   LOO-IC            : -42.1205 +/- 13.9374
2026-06-05 13:20:44 | INFO     | pipeline:737 |   WAIC              : -41.6767
2026-06-05 13:20:44 | INFO     | pipeline:741 | 
[PLOTS] Generating diagnostic plots...
2026-06-05 13:20:44 | INFO     | plots:1121 | Generating plots...
2026-06-05 13:20:44 | INFO     | plots:50 |   Saved: Bayesian_Output\01_actual_vs_fitted.png
2026-06-05 13:20:44 | INFO     | plots:50 |   Saved: Bayesian_Output\02_media_contributions.png
2026-06-05 13:20:44 | INFO     | plots:50 |   Saved: Bayesian_Output\03_channel_share.png
2026-06-05 13:20:46 | INFO     | plots:50 |   Saved: Bayesian_Output\04_convergence_diagnostics.png
2026-06-05 13:20:46 | INFO     | plots:50 |   Saved: Bayesian_Output\05_posterior_betas.png
2026-06-05 13:20:46 | INFO     | plots:50 |   Saved: Bayesian_Output\06_component_share.png
2026-06-05 13:20:47 | INFO     | plots:50 |   Saved: Bayesian_Output\07_az_trace.png
2026-06-05 13:20:47 | WARNING  | priors:334 | [MODEL_BUILDER] use_hierarchical=True (Case B (single-timescale)): adstock_lam_prior settings for 4 channel(s) are IGNORED: ['media_impressions_clara_google', 'media_impressions_clara_dv360', 'media_impressions_clara_linkedin', 'media_impressions_clara_meta']. In hierarchical mode, adstock decay is controlled by the family-level hl_slow_median hyperprior (priors.families in YAML), not per-channel adstock_lam_prior. To use per-channel adstock priors, set use_hierarchical=False.
2026-06-05 13:20:47 | DEBUG    | model_builder:548 |   Hierarchical geometric adstock (Case B): F=3 families, C=4 channels. Family lam medians: {'display': np.float64(0.707), 'search': np.float64(0.758), 'social': np.float64(0.63)}
2026-06-05 13:20:48 | INFO     | plots:50 |   Saved: Bayesian_Output\08_ppc.png
2026-06-05 13:20:49 | INFO     | plots:50 |   Saved: Bayesian_Output\09_full_contribution_bar.png
2026-06-05 13:20:49 | WARNING  | plots:721 |   [INTERACTIVE] Plotly not installed — skipping interactive plots.
  Fix: pip install plotly
2026-06-05 13:20:49 | INFO     | plots:1147 |   All plots saved to: Bayesian_Output
2026-06-05 13:20:49 | INFO     | pipeline:78 | [TIMER] plots                0.1 min (5.1 s)
2026-06-05 13:20:49 | INFO     | pipeline:746 | 
[EXPORT] Writing output files...
2026-06-05 13:20:49 | INFO     | export:737 | Exporting results...
2026-06-05 13:20:49 | INFO     | export:785 |   Saved: Bayesian_Output\model_results\best_model.json
2026-06-05 13:20:49 | INFO     | export:796 |   Saved: Bayesian_Output\model_results\scan_stage1b.csv
2026-06-05 13:20:49 | INFO     | export:796 |   Saved: Bayesian_Output\model_results\scan_stage2.csv
2026-06-05 13:20:49 | INFO     | export:801 |   Saved: Bayesian_Output\model_results\channel_contributions.csv
2026-06-05 13:20:49 | INFO     | export:812 |   Saved: Bayesian_Output\model_results\component_contributions.csv
2026-06-05 13:20:49 | INFO     | export:818 |   Saved: Bayesian_Output\model_results\channel_transform_summary.csv
2026-06-05 13:20:49 | INFO     | export:871 |   Saved: Bayesian_Output\model_results\media_share_weekly.csv
2026-06-05 13:20:49 | INFO     | export:909 |   Saved: Bayesian_Output\model_results\actual_vs_predicted.csv
2026-06-05 13:20:49 | INFO     | export:914 |   Saved: Bayesian_Output\model_results\weekly_decomposition.csv
2026-06-05 13:20:50 | INFO     | export:928 |   Saved: Bayesian_Output\model_results\az_summary.csv
2026-06-05 13:20:50 | INFO     | export:949 |   Saved: Bayesian_Output\model_results\model_summary.txt
2026-06-05 13:20:50 | INFO     | export:953 |   All exports complete -> Bayesian_Output\model_results
2026-06-05 13:20:50 | INFO     | priors:600 |   Saved: Bayesian_Output\model_results\return_index.csv
2026-06-05 13:20:50 | INFO     | priors:617 |   Saved: Bayesian_Output\model_results\return_index.xlsx
2026-06-05 13:20:50 | INFO     | export:963 |   Return index summary:
                      channel_id modeled_metric  mean_return_index  mean_return_index_spend  lower_bound  upper_bound  mean_contribution_signups  mean_weekly_metric_value  mean_weekly_spend
media_impressions_clara_linkedin    Impressions             0.1902                  16.4939       0.0015       0.6236                    20.8073                 109383.33            1261.51
    media_impressions_clara_meta    Impressions             0.0889                  15.0484       0.0156       0.1895                    26.0553                 293042.37            1731.43
   media_impressions_clara_dv360    Impressions             0.0769                  47.9526       0.0041       0.1939                    11.2843                 146812.73             235.32
  media_impressions_clara_google    Impressions             0.0248                   2.5813       0.0001       0.0770                    24.2911                 980558.85            9410.40
2026-06-05 13:20:50 | INFO     | priors:653 |   Saved: Bayesian_Output\model_results\channel_prior_config.csv
2026-06-05 13:20:50 | INFO     | export:985 |   Saved: Bayesian_Output\model_results\stage_timings.csv
2026-06-05 13:20:51 | INFO     | export:288 |   Saved: Bayesian_Output\model_results\model_results.xlsx
2026-06-05 13:20:51 | INFO     | pipeline:78 | [TIMER] export               0.0 min (2.3 s)
2026-06-05 13:20:51 | INFO     | pipeline:121 | [STATE] Saving posterior trace...
2026-06-05 13:53:34 | WARNING  | main:87 | [PYTENSOR] g++ compiler not found — running on the Python backend (slower, but fully functional).  To enable the faster C backend: conda install -c conda-forge m2w64-toolchain  (Windows/conda)  |  sudo apt-get install g++ build-essential  (Linux/WSL)
2026-06-05 13:53:34 | INFO     | config:655 | [CONFIG] Loaded YAML config from: config_hier.yaml
2026-06-05 13:53:34 | INFO     | config:741 | [CONFIG] Schema built:
DataSchema: weekly data
  Date: date  |  Response: response_metric_inbound_deals_total
  Media channels: 4
    google                    -> media_impressions_clara_google (impressions, type=paid_search)
    dv360                     -> media_impressions_clara_dv360 (impressions, type=display)
    linkedin                  -> media_impressions_clara_linkedin (impressions, type=paid_social)
    meta                      -> media_impressions_clara_meta (impressions, type=paid_social)
  Event dummies: 1
    fraud_activity
2026-06-05 13:53:34 | INFO     | pipeline:351 | ======================================================================
2026-06-05 13:53:34 | INFO     | pipeline:352 |   BAYESIAN MARKET MIX MODEL - PRODUCTION PIPELINE (~20-30 min target)
2026-06-05 13:53:34 | INFO     | pipeline:353 | ======================================================================
2026-06-05 13:53:34 | INFO     | pipeline:354 |   CSV          : wkly_clara_data_31Jul 2.csv
2026-06-05 13:53:34 | INFO     | pipeline:355 |   Response     : response_metric_inbound_deals_total
2026-06-05 13:53:34 | INFO     | pipeline:356 |   Frequency    : weekly | dayfirst=True | holdout=0
2026-06-05 13:53:34 | INFO     | pipeline:357 |   Spend prefix : spends_
2026-06-05 13:53:34 | INFO     | pipeline:358 |   Media cols   : [prefix-based auto]
2026-06-05 13:53:34 | INFO     | pipeline:359 |   Output dir   : Bayesian_Output
2026-06-05 13:53:34 | INFO     | pipeline:360 |   Hierarchical : True | two-timescale adstock: False | synergies: False
2026-06-05 13:53:34 | INFO     | pipeline:361 |   Baseline     : gaussian_random_walk
2026-06-05 13:53:34 | INFO     | pipeline:362 |   Ranking      : lexicographic
2026-06-05 13:53:34 | INFO     | pipeline:363 |   Hybrid fast  : False
2026-06-05 13:53:34 | INFO     | pipeline:364 |   Runtime mode : fast_20m
2026-06-05 13:53:34 | INFO     | pipeline:365 |   Quality gate : accept quality_flag <= 2 | reject_if_all_bad=False
2026-06-05 13:53:34 | INFO     | pipeline:366 |   Skip Stage 0 : True
2026-06-05 13:53:34 | INFO     | pipeline:367 |   Skip MAP     : True
2026-06-05 13:53:34 | INFO     | pipeline:368 |   Use lag      : False
2026-06-05 13:53:34 | INFO     | pipeline:369 |   Time-varying betas : False
2026-06-05 13:53:34 | INFO     | pipeline:370 |   Dynamic saturation: False
2026-06-05 13:53:34 | INFO     | pipeline:371 |   Strict validation : False
2026-06-05 13:53:34 | INFO     | pipeline:372 |   Outlier detection : True
2026-06-05 13:53:34 | INFO     | pipeline:373 |   Stationarity test : True
2026-06-05 13:53:34 | INFO     | pipeline:374 |   Channel priors: custom (4 channels)
2026-06-05 13:53:34 | INFO     | pipeline:375 | ======================================================================
2026-06-05 13:53:34 | INFO     | pipeline:459 | [CONFIG] fast_20m caps applied — draws: 2000→800, tune: 1000→500, top_n_map: 8→8. YAML sampling.draws/tune values are overridden by runtime_mode='fast_20m'.
2026-06-05 13:53:34 | INFO     | pipeline:528 | 
[PREP] Loading and preprocessing data...
2026-06-05 13:53:34 | INFO     | data_prep:445 | Loading data from: wkly_clara_data_31Jul 2.csv
2026-06-05 13:53:34 | INFO     | data_prep:494 |   Rows after filter: 84
2026-06-05 13:53:34 | INFO     | data_prep:495 |   Date range: 2024-01-01 00:00:00 -> 2025-08-04 00:00:00
2026-06-05 13:53:34 | WARNING  | data_prep:518 | Response has <=0 values. (auto) Clipped to 0 for log1p/sqrt.
2026-06-05 13:53:34 | WARNING  | data_prep:556 | [DATA_PREP] Detected 2 outlier(s) in the response after transform. Review data quality or enable robust handling.
2026-06-05 13:53:35 | INFO     | data_prep:569 | [DATA_PREP] Stationarity checks: adf_stat=-16.9427, adf_pvalue=0.0000, kpss_stat=0.7403, kpss_pvalue=0.0100
2026-06-05 13:53:35 | INFO     | data_prep:581 |   Response transform: log1p | min=0, max=184, mean=102
2026-06-05 13:53:35 | INFO     | data_prep:612 |   Per-channel variable selections:
2026-06-05 13:53:35 | INFO     | data_prep:614 |     dv360                          -> media_impressions_clara_dv360
2026-06-05 13:53:35 | INFO     | data_prep:614 |     google                         -> media_impressions_clara_google
2026-06-05 13:53:35 | INFO     | data_prep:614 |     linkedin                       -> media_impressions_clara_linkedin
2026-06-05 13:53:35 | INFO     | data_prep:614 |     meta                           -> media_impressions_clara_meta
2026-06-05 13:53:35 | INFO     | data_prep:630 |   Media columns selected: ['media_impressions_clara_dv360', 'media_impressions_clara_google', 'media_impressions_clara_linkedin', 'media_impressions_clara_meta']
2026-06-05 13:53:35 | WARNING  | data_prep:766 | [DATA_PREP] fourier_order capped: requested 2 but T=84 weekly periods only supports 1 (need ~52 observations per order). Using fourier_order=1.
2026-06-05 13:53:35 | INFO     | data_prep:774 |   Fourier seasonality: frequency=weekly, period=52.18, order=1
2026-06-05 13:53:35 | INFO     | data_prep:811 |   T=84 weekly | C=4 channels | Fourier order=1
2026-06-05 13:53:35 | INFO     | data_prep:837 |   Channel families: ['display', 'search', 'social']
2026-06-05 13:53:35 | INFO     | data_prep:839 |     media_impressions_clara_dv360       -> display
2026-06-05 13:53:35 | INFO     | data_prep:839 |     media_impressions_clara_google      -> search
2026-06-05 13:53:35 | INFO     | data_prep:839 |     media_impressions_clara_linkedin    -> social
2026-06-05 13:53:35 | INFO     | data_prep:839 |     media_impressions_clara_meta        -> social
2026-06-05 13:53:35 | WARNING  | data_prep:1068 | [DATA_PREP] Event column(s) listed in YAML not found in CSV — they will be IGNORED: ['fraud_activity']
  Check spelling/case exactly matches the CSV header.   CSV columns available: ['date', 'panel', 'media_clicks_clara_dv360', 'media_clicks_clara_google', 'media_clicks_clara_linkedin', 'media_clicks_clara_meta', 'media_impressions_clara_dv360', 'media_impressions_clara_google', 'media_impressions_clara_linkedin', 'media_impressions_clara_meta', 'spends_clara_dv360', 'spends_clara_google', 'spends_clara_linkedin', 'spends_clara_meta', 'response_metric_inbound_deals_total', 'response_metric_inbound_signups_total']
2026-06-05 13:53:35 | DEBUG    | data_prep:1155 |   [RESET_MASK] 2 restart event(s) across 4 channels (gap threshold = 4 weeks)
2026-06-05 13:53:35 | INFO     | pipeline:532 | [PREP] Done in 0.1s
2026-06-05 13:53:35 | INFO     | priors:295 | [PRIOR-CFG] Validated 4 per-channel prior configs. Channels using defaults: []
2026-06-05 13:53:35 | INFO     | pipeline:615 | [S0] Skipped - using hybrid fast-scan winners if available
2026-06-05 13:53:35 | INFO     | pipeline:630 | 
[SPECS] Per-channel transform assignments:
2026-06-05 13:53:35 | INFO     | pipeline:632 |   [0] media_impressions_clara_dv360  -> geometric+softplus
2026-06-05 13:53:35 | INFO     | pipeline:632 |   [1] media_impressions_clara_google -> geometric+softplus
2026-06-05 13:53:35 | INFO     | pipeline:632 |   [2] media_impressions_clara_linkedin -> geometric+softplus
2026-06-05 13:53:35 | INFO     | pipeline:632 |   [3] media_impressions_clara_meta   -> geometric+softplus
2026-06-05 13:53:35 | INFO     | pipeline:634 | 
[GRID] Building full hyperparameter grid...
2026-06-05 13:53:35 | INFO     | config:329 | Full grid: 48 configurations
2026-06-05 13:53:35 | INFO     | config:361 | Pruned grid: 48 -> 48 unique (lag x fourier x adstock x sat) combinations
2026-06-05 13:53:35 | INFO     | pipeline:659 | [S1] MAP pre-screen skipped (pruned grid small enough or skip_map=True)
2026-06-05 13:53:35 | INFO     | pipeline_stages:426 | ============================================================
2026-06-05 13:53:35 | INFO     | pipeline_stages:427 | STAGE 1b - FAST MCMC SCAN
2026-06-05 13:53:35 | INFO     | pipeline_stages:430 |   Configs: 8 | Fast mode: 60 draws, 1 chain(s)
2026-06-05 13:53:35 | INFO     | pipeline_stages:431 |   Keeping top-1 for full refit
2026-06-05 13:53:35 | INFO     | pipeline_stages:433 |   Per-channel transforms: ENABLED
2026-06-05 13:53:35 | INFO     | pipeline_stages:434 | ============================================================
2026-06-05 13:53:35 | INFO     | pipeline_stages:440 | 
  [ 1/8] Fast MCMC: lag4_fo1_geometric_softplus_ta95
2026-06-05 13:53:35 | WARNING  | priors:334 | [MODEL_BUILDER] use_hierarchical=True (Case B (single-timescale)): adstock_lam_prior settings for 4 channel(s) are IGNORED: ['media_impressions_clara_google', 'media_impressions_clara_dv360', 'media_impressions_clara_linkedin', 'media_impressions_clara_meta']. In hierarchical mode, adstock decay is controlled by the family-level hl_slow_median hyperprior (priors.families in YAML), not per-channel adstock_lam_prior. To use per-channel adstock priors, set use_hierarchical=False.
2026-06-05 13:53:35 | DEBUG    | model_builder:548 |   Hierarchical geometric adstock (Case B): F=3 families, C=4 channels. Family lam medians: {'display': np.float64(0.707), 'search': np.float64(0.758), 'social': np.float64(0.63)}
2026-06-05 13:54:00 | DEBUG    | model_builder:1433 |   Sampling complete in 25.6s
2026-06-05 13:54:00 | WARNING  | metrics:217 | R-hat cannot be computed with only 1 chain - returning sentinel 1.0. Use chains >= 2 for production runs.
2026-06-05 13:54:01 | INFO     | metrics:1146 |   Temporal CV: 3 folds | mean MAPE=9.26% | mean RMSE=11.31
2026-06-05 13:54:01 | INFO     | pipeline_stages:463 |     [OK] qf=2 | MAPE=12.42% | R2=0.5954 | R-hat=1.0000 [estimated] | divs=0 | wall=26s
2026-06-05 13:54:01 | INFO     | pipeline_stages:440 | 
  [ 2/8] Fast MCMC: lag4_fo1_geometric_hill_ta95
2026-06-05 13:54:01 | WARNING  | priors:334 | [MODEL_BUILDER] use_hierarchical=True (Case B (single-timescale)): adstock_lam_prior settings for 4 channel(s) are IGNORED: ['media_impressions_clara_google', 'media_impressions_clara_dv360', 'media_impressions_clara_linkedin', 'media_impressions_clara_meta']. In hierarchical mode, adstock decay is controlled by the family-level hl_slow_median hyperprior (priors.families in YAML), not per-channel adstock_lam_prior. To use per-channel adstock priors, set use_hierarchical=False.
2026-06-05 13:54:01 | DEBUG    | model_builder:548 |   Hierarchical geometric adstock (Case B): F=3 families, C=4 channels. Family lam medians: {'display': np.float64(0.707), 'search': np.float64(0.758), 'social': np.float64(0.63)}
2026-06-05 13:54:21 | DEBUG    | model_builder:1433 |   Sampling complete in 20.0s
2026-06-05 13:54:21 | WARNING  | metrics:217 | R-hat cannot be computed with only 1 chain - returning sentinel 1.0. Use chains >= 2 for production runs.
2026-06-05 13:54:21 | INFO     | metrics:1146 |   Temporal CV: 3 folds | mean MAPE=9.12% | mean RMSE=11.26
2026-06-05 13:54:21 | INFO     | pipeline_stages:463 |     [OK] qf=2 | MAPE=12.00% | R2=0.6178 | R-hat=1.0000 [estimated] | divs=0 | wall=20s
2026-06-05 13:54:21 | INFO     | pipeline_stages:440 | 
  [ 3/8] Fast MCMC: lag4_fo1_geometric_logistic_ta95
2026-06-05 13:54:21 | WARNING  | priors:334 | [MODEL_BUILDER] use_hierarchical=True (Case B (single-timescale)): adstock_lam_prior settings for 4 channel(s) are IGNORED: ['media_impressions_clara_google', 'media_impressions_clara_dv360', 'media_impressions_clara_linkedin', 'media_impressions_clara_meta']. In hierarchical mode, adstock decay is controlled by the family-level hl_slow_median hyperprior (priors.families in YAML), not per-channel adstock_lam_prior. To use per-channel adstock priors, set use_hierarchical=False.
2026-06-05 13:54:21 | DEBUG    | model_builder:548 |   Hierarchical geometric adstock (Case B): F=3 families, C=4 channels. Family lam medians: {'display': np.float64(0.707), 'search': np.float64(0.758), 'social': np.float64(0.63)}
2026-06-05 13:54:41 | DEBUG    | model_builder:1433 |   Sampling complete in 19.9s
2026-06-05 13:54:41 | WARNING  | metrics:217 | R-hat cannot be computed with only 1 chain - returning sentinel 1.0. Use chains >= 2 for production runs.
2026-06-05 13:54:42 | INFO     | metrics:1146 |   Temporal CV: 3 folds | mean MAPE=9.48% | mean RMSE=11.57
2026-06-05 13:54:42 | INFO     | pipeline_stages:463 |     [OK] qf=2 | MAPE=12.56% | R2=0.5981 | R-hat=1.0000 [estimated] | divs=0 | wall=20s
2026-06-05 13:54:42 | INFO     | pipeline_stages:440 | 
  [ 4/8] Fast MCMC: lag4_fo1_geometric_exponential_ta95
2026-06-05 13:54:42 | WARNING  | priors:334 | [MODEL_BUILDER] use_hierarchical=True (Case B (single-timescale)): adstock_lam_prior settings for 4 channel(s) are IGNORED: ['media_impressions_clara_google', 'media_impressions_clara_dv360', 'media_impressions_clara_linkedin', 'media_impressions_clara_meta']. In hierarchical mode, adstock decay is controlled by the family-level hl_slow_median hyperprior (priors.families in YAML), not per-channel adstock_lam_prior. To use per-channel adstock priors, set use_hierarchical=False.
2026-06-05 13:54:42 | DEBUG    | model_builder:548 |   Hierarchical geometric adstock (Case B): F=3 families, C=4 channels. Family lam medians: {'display': np.float64(0.707), 'search': np.float64(0.758), 'social': np.float64(0.63)}
2026-06-05 13:55:00 | DEBUG    | model_builder:1433 |   Sampling complete in 18.0s
2026-06-05 13:55:00 | WARNING  | metrics:217 | R-hat cannot be computed with only 1 chain - returning sentinel 1.0. Use chains >= 2 for production runs.
2026-06-05 13:55:00 | INFO     | metrics:1146 |   Temporal CV: 3 folds | mean MAPE=9.07% | mean RMSE=11.29
2026-06-05 13:55:00 | INFO     | pipeline_stages:463 |     [OK] qf=2 | MAPE=12.11% | R2=0.6134 | R-hat=1.0000 [estimated] | divs=0 | wall=18s
2026-06-05 13:55:00 | INFO     | pipeline_stages:440 | 
  [ 5/8] Fast MCMC: lag4_fo1_weibull_softplus_ta95
2026-06-05 13:55:00 | WARNING  | priors:334 | [MODEL_BUILDER] use_hierarchical=True (Case B (single-timescale)): adstock_lam_prior settings for 4 channel(s) are IGNORED: ['media_impressions_clara_google', 'media_impressions_clara_dv360', 'media_impressions_clara_linkedin', 'media_impressions_clara_meta']. In hierarchical mode, adstock decay is controlled by the family-level hl_slow_median hyperprior (priors.families in YAML), not per-channel adstock_lam_prior. To use per-channel adstock priors, set use_hierarchical=False.
2026-06-05 13:55:00 | DEBUG    | model_builder:548 |   Hierarchical geometric adstock (Case B): F=3 families, C=4 channels. Family lam medians: {'display': np.float64(0.707), 'search': np.float64(0.758), 'social': np.float64(0.63)}
2026-06-05 13:55:18 | DEBUG    | model_builder:1433 |   Sampling complete in 17.8s
2026-06-05 13:55:18 | WARNING  | metrics:217 | R-hat cannot be computed with only 1 chain - returning sentinel 1.0. Use chains >= 2 for production runs.
2026-06-05 13:55:19 | INFO     | metrics:1146 |   Temporal CV: 3 folds | mean MAPE=9.85% | mean RMSE=11.81
2026-06-05 13:55:19 | INFO     | pipeline_stages:463 |     [OK] qf=2 | MAPE=12.78% | R2=0.5799 | R-hat=1.0000 [estimated] | divs=0 | wall=18s
2026-06-05 13:55:19 | INFO     | pipeline_stages:440 | 
  [ 6/8] Fast MCMC: lag4_fo1_weibull_hill_ta95
2026-06-05 13:55:19 | WARNING  | priors:334 | [MODEL_BUILDER] use_hierarchical=True (Case B (single-timescale)): adstock_lam_prior settings for 4 channel(s) are IGNORED: ['media_impressions_clara_google', 'media_impressions_clara_dv360', 'media_impressions_clara_linkedin', 'media_impressions_clara_meta']. In hierarchical mode, adstock decay is controlled by the family-level hl_slow_median hyperprior (priors.families in YAML), not per-channel adstock_lam_prior. To use per-channel adstock priors, set use_hierarchical=False.
2026-06-05 13:55:19 | DEBUG    | model_builder:548 |   Hierarchical geometric adstock (Case B): F=3 families, C=4 channels. Family lam medians: {'display': np.float64(0.707), 'search': np.float64(0.758), 'social': np.float64(0.63)}
2026-06-05 13:55:37 | DEBUG    | model_builder:1433 |   Sampling complete in 17.9s
2026-06-05 13:55:37 | WARNING  | metrics:217 | R-hat cannot be computed with only 1 chain - returning sentinel 1.0. Use chains >= 2 for production runs.
2026-06-05 13:55:37 | INFO     | metrics:1146 |   Temporal CV: 3 folds | mean MAPE=8.75% | mean RMSE=10.82
2026-06-05 13:55:37 | INFO     | pipeline_stages:463 |     [OK] qf=2 | MAPE=11.92% | R2=0.6224 | R-hat=1.0000 [estimated] | divs=0 | wall=18s
2026-06-05 13:55:37 | INFO     | pipeline_stages:440 | 
  [ 7/8] Fast MCMC: lag4_fo1_weibull_logistic_ta95
2026-06-05 13:55:37 | WARNING  | priors:334 | [MODEL_BUILDER] use_hierarchical=True (Case B (single-timescale)): adstock_lam_prior settings for 4 channel(s) are IGNORED: ['media_impressions_clara_google', 'media_impressions_clara_dv360', 'media_impressions_clara_linkedin', 'media_impressions_clara_meta']. In hierarchical mode, adstock decay is controlled by the family-level hl_slow_median hyperprior (priors.families in YAML), not per-channel adstock_lam_prior. To use per-channel adstock priors, set use_hierarchical=False.
2026-06-05 13:55:37 | DEBUG    | model_builder:548 |   Hierarchical geometric adstock (Case B): F=3 families, C=4 channels. Family lam medians: {'display': np.float64(0.707), 'search': np.float64(0.758), 'social': np.float64(0.63)}
2026-06-05 13:55:53 | DEBUG    | model_builder:1433 |   Sampling complete in 16.2s
2026-06-05 13:55:53 | WARNING  | metrics:217 | R-hat cannot be computed with only 1 chain - returning sentinel 1.0. Use chains >= 2 for production runs.
2026-06-05 13:55:54 | INFO     | metrics:1146 |   Temporal CV: 3 folds | mean MAPE=9.95% | mean RMSE=11.89
2026-06-05 13:55:54 | INFO     | pipeline_stages:463 |     [OK] qf=2 | MAPE=12.95% | R2=0.5735 | R-hat=1.0000 [estimated] | divs=0 | wall=16s
2026-06-05 13:55:54 | INFO     | pipeline_stages:440 | 
  [ 8/8] Fast MCMC: lag4_fo1_weibull_exponential_ta95
2026-06-05 13:55:54 | WARNING  | priors:334 | [MODEL_BUILDER] use_hierarchical=True (Case B (single-timescale)): adstock_lam_prior settings for 4 channel(s) are IGNORED: ['media_impressions_clara_google', 'media_impressions_clara_dv360', 'media_impressions_clara_linkedin', 'media_impressions_clara_meta']. In hierarchical mode, adstock decay is controlled by the family-level hl_slow_median hyperprior (priors.families in YAML), not per-channel adstock_lam_prior. To use per-channel adstock priors, set use_hierarchical=False.
2026-06-05 13:55:54 | DEBUG    | model_builder:548 |   Hierarchical geometric adstock (Case B): F=3 families, C=4 channels. Family lam medians: {'display': np.float64(0.707), 'search': np.float64(0.758), 'social': np.float64(0.63)}
2026-06-05 13:56:10 | DEBUG    | model_builder:1433 |   Sampling complete in 15.8s
2026-06-05 13:56:10 | WARNING  | metrics:217 | R-hat cannot be computed with only 1 chain - returning sentinel 1.0. Use chains >= 2 for production runs.
2026-06-05 13:56:10 | INFO     | metrics:1146 |   Temporal CV: 3 folds | mean MAPE=9.23% | mean RMSE=11.51
2026-06-05 13:56:10 | INFO     | pipeline_stages:463 |     [OK] qf=2 | MAPE=12.23% | R2=0.6126 | R-hat=1.0000 [estimated] | divs=0 | wall=16s
2026-06-05 13:56:10 | WARNING  | pipeline_stages:493 | [S1b] No models passed quality_flag <= 1. Falling back to top-K by ranking.
2026-06-05 13:56:10 | INFO     | pipeline_stages:502 | 
  Top-1 survivors for full refit:
2026-06-05 13:56:10 | INFO     | pipeline_stages:507 |     1. lag4_fo1_weibull_hill_ta95                              | MAPE=11.92% | R-hat=1.0000 | LOO=N/A
2026-06-05 13:56:10 | INFO     | pipeline:78 | [TIMER] stage_1b_mcmc        2.6 min (155.5 s)  [8 models]
2026-06-05 13:56:10 | INFO     | pipeline_stages:544 | ============================================================
2026-06-05 13:56:10 | INFO     | pipeline_stages:545 | STAGE 2 - FULL REFIT
2026-06-05 13:56:10 | INFO     | pipeline_stages:546 |   Models to refit: 1 | Full settings: 800 draws, 2 chain(s)
2026-06-05 13:56:10 | INFO     | pipeline_stages:548 |   Per-channel transforms: ENABLED
2026-06-05 13:56:10 | INFO     | pipeline_stages:550 |     [0] media_impressions_clara_dv360  -> geometric+softplus
2026-06-05 13:56:10 | INFO     | pipeline_stages:550 |     [1] media_impressions_clara_google -> geometric+softplus
2026-06-05 13:56:10 | INFO     | pipeline_stages:550 |     [2] media_impressions_clara_linkedin -> geometric+softplus
2026-06-05 13:56:10 | INFO     | pipeline_stages:550 |     [3] media_impressions_clara_meta   -> geometric+softplus
2026-06-05 13:56:10 | INFO     | pipeline_stages:551 | ============================================================
2026-06-05 13:56:10 | INFO     | pipeline_stages:569 | 
  [1/1] Full refit: lag4_fo1_weibull_hill_ta95
2026-06-05 13:56:10 | WARNING  | priors:334 | [MODEL_BUILDER] use_hierarchical=True (Case B (single-timescale)): adstock_lam_prior settings for 4 channel(s) are IGNORED: ['media_impressions_clara_google', 'media_impressions_clara_dv360', 'media_impressions_clara_linkedin', 'media_impressions_clara_meta']. In hierarchical mode, adstock decay is controlled by the family-level hl_slow_median hyperprior (priors.families in YAML), not per-channel adstock_lam_prior. To use per-channel adstock priors, set use_hierarchical=False.
2026-06-05 13:56:10 | DEBUG    | model_builder:548 |   Hierarchical geometric adstock (Case B): F=3 families, C=4 channels. Family lam medians: {'display': np.float64(0.707), 'search': np.float64(0.758), 'social': np.float64(0.63)}
2026-06-05 13:56:42 | DEBUG    | model_builder:1433 |   Sampling complete in 32.2s
2026-06-05 13:56:43 | INFO     | metrics:1146 |   Temporal CV: 3 folds | mean MAPE=9.91% | mean RMSE=12.21
2026-06-05 13:56:43 | INFO     | pipeline_stages:590 |     [OK] qf=2 | MAPE=12.89% | R2=0.5770 | R-hat=1.0485 | divs=0 | LOO=-42.12 | ESS=46 | wall=32s
2026-06-05 13:56:43 | INFO     | pipeline_stages:647 | 
  == Per-Channel Transform Summary ==
2026-06-05 13:56:43 | INFO     | pipeline_stages:650 |                          channel   adstock saturation  use_lag  lag_mode  lam_mean  alpha_sat_mean  beta_mean
   media_impressions_clara_dv360 geometric   softplus    False       NaN    2.4080          3.5676        NaN
  media_impressions_clara_google geometric   softplus    False       NaN    2.8875          2.6590        NaN
media_impressions_clara_linkedin geometric   softplus    False       NaN    3.1439          2.6630        NaN
    media_impressions_clara_meta geometric   softplus    False       NaN    3.1691          2.7809        NaN
2026-06-05 13:56:43 | INFO     | pipeline_stages:656 | 
  [BEST] BEST MODEL: lag4_fo1_weibull_hill_ta95
2026-06-05 13:56:43 | INFO     | pipeline_stages:657 |     MAPE       : 12.8931%
2026-06-05 13:56:43 | INFO     | pipeline_stages:658 |     R2         : 0.5770
2026-06-05 13:56:43 | INFO     | pipeline_stages:659 |     Pearson r  : 0.8394
2026-06-05 13:56:43 | INFO     | pipeline_stages:660 |     Max R-hat  : 1.04854
2026-06-05 13:56:43 | INFO     | pipeline_stages:661 |     ESS bulk   : 46
2026-06-05 13:56:43 | INFO     | pipeline_stages:662 |     ESS tail   : 60
2026-06-05 13:56:43 | INFO     | pipeline_stages:663 |     Divergences: 0
2026-06-05 13:56:43 | INFO     | pipeline_stages:664 |     LOO-IC     : -42.1205
2026-06-05 13:56:43 | INFO     | pipeline_stages:665 |     WAIC       : -41.6767
2026-06-05 13:56:43 | INFO     | pipeline:78 | [TIMER] stage_2_full         0.6 min (33.4 s)  [1 models]
2026-06-05 13:56:43 | INFO     | pipeline:692 | 
[ANALYSIS] Computing channel contributions...
2026-06-05 13:56:43 | INFO     | pipeline:697 | 
  Channel Contribution Summary:
2026-06-05 13:56:43 | INFO     | pipeline:698 |                          channel  mean_share_pct  roi_proxy  hdi_90_low  hdi_90_high
    media_impressions_clara_meta         33.4922   0.088913    4.773605    47.699125
  media_impressions_clara_google         27.8732   0.024773    0.000089    61.762751
media_impressions_clara_linkedin         23.9988   0.190224    0.000598    54.167376
   media_impressions_clara_dv360         14.6358   0.076862    0.001575    21.452506
2026-06-05 13:56:43 | INFO     | pipeline:702 | 
  Component Contribution Summary:
2026-06-05 13:56:43 | INFO     | pipeline:703 |   component     group  share_abs_pct  mean_effect
media_total     media      53.117415     0.505363
   baseline non_media      43.607562    -0.414352
seasonality non_media       3.275024     0.023625
2026-06-05 13:56:43 | INFO     | pipeline:78 | [TIMER] analysis             0.0 min (0.1 s)
2026-06-05 13:56:43 | INFO     | pipeline:719 | 
======================================================================
2026-06-05 13:56:43 | INFO     | pipeline:720 |   PIPELINE COMPLETE
2026-06-05 13:56:43 | INFO     | pipeline:721 | ======================================================================
2026-06-05 13:56:43 | INFO     | pipeline:722 |   Total wall time   : 3.2 minutes
2026-06-05 13:56:43 | INFO     | pipeline:723 |   Best model key    : lag4_fo1_weibull_hill_ta95
2026-06-05 13:56:43 | INFO     | pipeline:724 |   Fourier order     : 1
2026-06-05 13:56:43 | INFO     | pipeline:725 |   Max adstock lag   : 4
2026-06-05 13:56:43 | INFO     | pipeline:728 |   Quality flag      : 2 (0=best, 2=poor)
2026-06-05 13:56:43 | INFO     | pipeline:729 |   MAPE              : 12.8931%
2026-06-05 13:56:43 | INFO     | pipeline:730 |   R2                : 0.5770
2026-06-05 13:56:43 | INFO     | pipeline:731 |   Pearson r         : 0.8394
2026-06-05 13:56:43 | INFO     | pipeline:732 |   Max R-hat         : 1.04854
2026-06-05 13:56:43 | INFO     | pipeline:733 |   ESS bulk (min)    : 46
2026-06-05 13:56:43 | INFO     | pipeline:734 |   ESS tail (min)    : 60
2026-06-05 13:56:43 | INFO     | pipeline:735 |   Divergences       : 0
2026-06-05 13:56:43 | INFO     | pipeline:736 |   LOO-IC            : -42.1205 +/- 13.9374
2026-06-05 13:56:43 | INFO     | pipeline:737 |   WAIC              : -41.6767
2026-06-05 13:56:43 | INFO     | pipeline:741 | 
[PLOTS] Generating diagnostic plots...
2026-06-05 13:56:43 | INFO     | plots:1121 | Generating plots...
2026-06-05 13:56:44 | INFO     | plots:50 |   Saved: Bayesian_Output\01_actual_vs_fitted.png
2026-06-05 13:56:44 | INFO     | plots:50 |   Saved: Bayesian_Output\02_media_contributions.png
2026-06-05 13:56:44 | INFO     | plots:50 |   Saved: Bayesian_Output\03_channel_share.png
2026-06-05 13:56:45 | INFO     | plots:50 |   Saved: Bayesian_Output\04_convergence_diagnostics.png
2026-06-05 13:56:46 | INFO     | plots:50 |   Saved: Bayesian_Output\05_posterior_betas.png
2026-06-05 13:56:46 | INFO     | plots:50 |   Saved: Bayesian_Output\06_component_share.png
2026-06-05 13:56:46 | INFO     | plots:50 |   Saved: Bayesian_Output\07_az_trace.png
2026-06-05 13:56:46 | WARNING  | priors:334 | [MODEL_BUILDER] use_hierarchical=True (Case B (single-timescale)): adstock_lam_prior settings for 4 channel(s) are IGNORED: ['media_impressions_clara_google', 'media_impressions_clara_dv360', 'media_impressions_clara_linkedin', 'media_impressions_clara_meta']. In hierarchical mode, adstock decay is controlled by the family-level hl_slow_median hyperprior (priors.families in YAML), not per-channel adstock_lam_prior. To use per-channel adstock priors, set use_hierarchical=False.
2026-06-05 13:56:46 | DEBUG    | model_builder:548 |   Hierarchical geometric adstock (Case B): F=3 families, C=4 channels. Family lam medians: {'display': np.float64(0.707), 'search': np.float64(0.758), 'social': np.float64(0.63)}
2026-06-05 13:56:48 | INFO     | plots:50 |   Saved: Bayesian_Output\08_ppc.png
2026-06-05 13:56:48 | INFO     | plots:50 |   Saved: Bayesian_Output\09_full_contribution_bar.png
2026-06-05 13:56:48 | WARNING  | plots:721 |   [INTERACTIVE] Plotly not installed — skipping interactive plots.
  Fix: pip install plotly
2026-06-05 13:56:48 | INFO     | plots:1147 |   All plots saved to: Bayesian_Output
2026-06-05 13:56:48 | INFO     | pipeline:78 | [TIMER] plots                0.1 min (4.4 s)
2026-06-05 13:56:48 | INFO     | pipeline:746 | 
[EXPORT] Writing output files...
2026-06-05 13:56:48 | INFO     | export:737 | Exporting results...
2026-06-05 13:56:48 | INFO     | export:785 |   Saved: Bayesian_Output\model_results\best_model.json
2026-06-05 13:56:48 | INFO     | export:796 |   Saved: Bayesian_Output\model_results\scan_stage1b.csv
2026-06-05 13:56:48 | INFO     | export:796 |   Saved: Bayesian_Output\model_results\scan_stage2.csv
2026-06-05 13:56:48 | INFO     | export:801 |   Saved: Bayesian_Output\model_results\channel_contributions.csv
2026-06-05 13:56:48 | INFO     | export:812 |   Saved: Bayesian_Output\model_results\component_contributions.csv
2026-06-05 13:56:48 | INFO     | export:818 |   Saved: Bayesian_Output\model_results\channel_transform_summary.csv
2026-06-05 13:56:48 | INFO     | export:871 |   Saved: Bayesian_Output\model_results\media_share_weekly.csv
2026-06-05 13:56:48 | INFO     | export:909 |   Saved: Bayesian_Output\model_results\actual_vs_predicted.csv
2026-06-05 13:56:48 | INFO     | export:914 |   Saved: Bayesian_Output\model_results\weekly_decomposition.csv
2026-06-05 13:56:49 | INFO     | export:928 |   Saved: Bayesian_Output\model_results\az_summary.csv
2026-06-05 13:56:49 | INFO     | export:949 |   Saved: Bayesian_Output\model_results\model_summary.txt
2026-06-05 13:56:49 | INFO     | export:953 |   All exports complete -> Bayesian_Output\model_results
2026-06-05 13:56:49 | INFO     | priors:600 |   Saved: Bayesian_Output\model_results\return_index.csv
2026-06-05 13:56:49 | INFO     | priors:617 |   Saved: Bayesian_Output\model_results\return_index.xlsx
2026-06-05 13:56:49 | INFO     | export:963 |   Return index summary:
                      channel_id modeled_metric  mean_return_index  mean_return_index_spend  lower_bound  upper_bound  mean_contribution_signups  mean_weekly_metric_value  mean_weekly_spend
media_impressions_clara_linkedin    Impressions             0.1902                  16.4939       0.0015       0.6236                    20.8073                 109383.33            1261.51
    media_impressions_clara_meta    Impressions             0.0889                  15.0484       0.0156       0.1895                    26.0553                 293042.37            1731.43
   media_impressions_clara_dv360    Impressions             0.0769                  47.9526       0.0041       0.1939                    11.2843                 146812.73             235.32
  media_impressions_clara_google    Impressions             0.0248                   2.5813       0.0001       0.0770                    24.2911                 980558.85            9410.40
2026-06-05 13:56:49 | INFO     | priors:653 |   Saved: Bayesian_Output\model_results\channel_prior_config.csv
2026-06-05 13:56:49 | INFO     | export:985 |   Saved: Bayesian_Output\model_results\stage_timings.csv
2026-06-05 13:56:50 | INFO     | export:288 |   Saved: Bayesian_Output\model_results\model_results.xlsx
2026-06-05 13:56:50 | INFO     | pipeline:78 | [TIMER] export               0.0 min (1.9 s)
2026-06-05 13:56:50 | INFO     | pipeline:121 | [STATE] Saving posterior trace...
2026-06-05 13:56:51 | INFO     | pipeline:123 |   trace.nc  — 11.6 MB
2026-06-05 13:56:51 | INFO     | pipeline:131 |   prep.pkl  — 0.0 MB
2026-06-05 13:56:51 | INFO     | pipeline:165 |   best_cfg.json saved
2026-06-05 13:56:51 | INFO     | pipeline:769 | 
[STATE] Model state saved. Run post-pipeline analysis when ready:
  optimisation: section detected in YAML — run standalone scripts to apply it:
  python analyze.py curves    --config <yaml>   <- response curves
  python analyze.py optimise  --config <yaml>   <- forward budget optimisation
  python analyze.py reverse   --config <yaml>   <- reverse optimisation
  python analyze.py scenarios --config <yaml>   <- scenario comparison
  python analyze.py report    --config <yaml>   <- full HTML report
  python analyze.py all       --config <yaml>   <- run everything
2026-06-05 13:58:04 | INFO     | pipeline:196 | [LOAD] trace.nc  <- Bayesian_Output\trace.nc
2026-06-05 13:58:05 | INFO     | pipeline:199 | [LOAD] prep.pkl  <- Bayesian_Output\prep.pkl
2026-06-05 13:58:05 | DEBUG    | optimisation:1922 |   [CPP] Loaded source CSV: wkly_clara_data_31Jul 2.csv
2026-06-05 13:58:05 | INFO     | optimisation:1948 |   [CPP] media_impressions_clara_dv360             Impressions      CPM (GBP / 1000 imps) = 0.001603  [computed from data]
2026-06-05 13:58:05 | INFO     | optimisation:1948 |   [CPP] media_impressions_clara_google            Impressions      CPM (GBP / 1000 imps) = 0.009597  [computed from data]
2026-06-05 13:58:05 | INFO     | optimisation:1948 |   [CPP] media_impressions_clara_linkedin          Impressions      CPM (GBP / 1000 imps) = 0.011533  [computed from data]
2026-06-05 13:58:05 | INFO     | optimisation:1948 |   [CPP] media_impressions_clara_meta              Impressions      CPM (GBP / 1000 imps) = 0.005908  [computed from data]
2026-06-05 13:58:05 | INFO     | analyze:99 | 
  Channel metric types and cost-per-unit rates:
  Channel                                       Metric           Rate
  --------------------------------------------------------------------------------
  media_impressions_clara_dv360                 Impressions      0.001603  (CPM (GBP / 1000 imps))
  media_impressions_clara_google                Impressions      0.009597  (CPM (GBP / 1000 imps))
  media_impressions_clara_linkedin              Impressions      0.011533  (CPM (GBP / 1000 imps))
  media_impressions_clara_meta                  Impressions      0.005908  (CPM (GBP / 1000 imps))
2026-06-05 13:58:05 | INFO     | analyze:524 |   [SEQ] spend_in_currency=true → CPP forced to 1.0 for all channels
2026-06-05 13:58:05 | INFO     | analyze:621 | 
[SEQUENTIAL] Scenario 1: Current Spend | type=forward | n_months=1 | budget=£6,119,189
2026-06-05 13:58:05 | INFO     | optimisation:1647 |   [SEQ-OPT] n_months=1  n_ppm=4  total=£6,119,189.10  monthly=£6,119,189.10  round_budget_pct=0.020
2026-06-05 13:58:05 | INFO     | optimisation:1770 |   [SEQ-OPT] month=1  opt=230.45  bau=178.68  curr=1102.14
2026-06-05 13:58:05 | INFO     | optimisation:1849 |   [SEQ-OPT] opt=230.4471  bau=178.6800  current=1102.1449  uplift_vs_bau=+29.0%
2026-06-05 13:58:05 | INFO     | analyze:655 |   Saved: seq_Current_Spend_summary/channels/monthly.csv
2026-06-05 13:58:05 | INFO     | analyze:621 | 
[SEQUENTIAL] Scenario 2: Budget +20% | type=forward | n_months=1 | budget=£7,343,027
2026-06-05 13:58:05 | INFO     | optimisation:1647 |   [SEQ-OPT] n_months=1  n_ppm=4  total=£7,343,026.91  monthly=£7,343,026.91  round_budget_pct=0.020
2026-06-05 13:58:05 | INFO     | optimisation:1770 |   [SEQ-OPT] month=1  opt=239.44  bau=222.22  curr=1102.14
2026-06-05 13:58:05 | INFO     | optimisation:1849 |   [SEQ-OPT] opt=239.4438  bau=222.2236  current=1102.1449  uplift_vs_bau=+7.8%
2026-06-05 13:58:05 | INFO     | analyze:655 |   Saved: seq_Budget_+20%_summary/channels/monthly.csv
2026-06-05 13:58:05 | INFO     | analyze:621 | 
[SEQUENTIAL] Scenario 3: Budget -20% | type=forward | n_months=1 | budget=£4,895,351
2026-06-05 13:58:05 | INFO     | optimisation:1647 |   [SEQ-OPT] n_months=1  n_ppm=4  total=£4,895,351.28  monthly=£4,895,351.28  round_budget_pct=0.020
2026-06-05 13:58:05 | INFO     | optimisation:1770 |   [SEQ-OPT] month=1  opt=198.47  bau=136.36  curr=1102.14
2026-06-05 13:58:05 | INFO     | optimisation:1849 |   [SEQ-OPT] opt=198.4668  bau=136.3566  current=1102.1449  uplift_vs_bau=+45.5%
2026-06-05 13:58:05 | INFO     | analyze:655 |   Saved: seq_Budget_20%_summary/channels/monthly.csv
2026-06-05 13:58:05 | INFO     | analyze:606 | 
[SEQUENTIAL] Scenario 4: Reverse - Match Current Response | type=reverse | n_months=1 | target=observed mean
2026-06-05 13:58:06 | INFO     | optimisation:2157 |   [REV-SEQ] target_response not set — using observed monthly response: 1102.14
2026-06-05 13:58:06 | INFO     | optimisation:2162 |   [REV-SEQ] n_months=1  target=1102.14/month  tol=0.5%
2026-06-05 13:58:06 | INFO     | optimisation:1647 |   [SEQ-OPT] n_months=1  n_ppm=4  total=£9,209,379.59  monthly=£9,209,379.59  round_budget_pct=0.020
2026-06-05 14:26:58 | INFO     | pipeline:196 | [LOAD] trace.nc  <- Bayesian_Output\trace.nc
2026-06-05 14:27:00 | INFO     | pipeline:199 | [LOAD] prep.pkl  <- Bayesian_Output\prep.pkl
2026-06-05 14:27:00 | DEBUG    | optimisation:1935 |   [CPP] Loaded source CSV: wkly_clara_data_31Jul 2.csv
2026-06-05 14:27:00 | INFO     | optimisation:1961 |   [CPP] media_impressions_clara_dv360             Impressions      CPM (GBP / 1000 imps) = 0.001603  [computed from data]
2026-06-05 14:27:00 | INFO     | optimisation:1961 |   [CPP] media_impressions_clara_google            Impressions      CPM (GBP / 1000 imps) = 0.009597  [computed from data]
2026-06-05 14:27:00 | INFO     | optimisation:1961 |   [CPP] media_impressions_clara_linkedin          Impressions      CPM (GBP / 1000 imps) = 0.011533  [computed from data]
2026-06-05 14:27:00 | INFO     | optimisation:1961 |   [CPP] media_impressions_clara_meta              Impressions      CPM (GBP / 1000 imps) = 0.005908  [computed from data]
2026-06-05 14:27:00 | INFO     | analyze:99 | 
  Channel metric types and cost-per-unit rates:
  Channel                                       Metric           Rate
  --------------------------------------------------------------------------------
  media_impressions_clara_dv360                 Impressions      0.001603  (CPM (GBP / 1000 imps))
  media_impressions_clara_google                Impressions      0.009597  (CPM (GBP / 1000 imps))
  media_impressions_clara_linkedin              Impressions      0.011533  (CPM (GBP / 1000 imps))
  media_impressions_clara_meta                  Impressions      0.005908  (CPM (GBP / 1000 imps))
2026-06-05 14:27:00 | INFO     | analyze:524 |   [SEQ] spend_in_currency=true → CPP forced to 1.0 for all channels
2026-06-05 14:27:00 | INFO     | analyze:621 | 
[SEQUENTIAL] Scenario 1: Current Spend | type=forward | n_months=1 | budget=£6,119,189
2026-06-05 14:27:00 | INFO     | optimisation:1647 |   [SEQ-OPT] n_months=1  n_ppm=4  total=£6,119,189.10  monthly=£6,119,189.10  round_budget_pct=0.020
2026-06-05 14:27:00 | INFO     | optimisation:1783 |   [SEQ-OPT] month=1  opt=269.23  bau=217.00  curr=217.00
2026-06-05 14:27:00 | INFO     | optimisation:1862 |   [SEQ-OPT] opt=269.2302  bau=216.9966  current=216.9966  uplift_vs_bau=+24.1%
2026-06-05 14:27:00 | INFO     | analyze:655 |   Saved: seq_Current_Spend_summary/channels/monthly.csv
2026-06-05 14:27:00 | INFO     | analyze:621 | 
[SEQUENTIAL] Scenario 2: Budget +20% | type=forward | n_months=1 | budget=£7,343,027
2026-06-05 14:27:00 | INFO     | optimisation:1647 |   [SEQ-OPT] n_months=1  n_ppm=4  total=£7,343,026.91  monthly=£7,343,026.91  round_budget_pct=0.020
2026-06-05 14:27:01 | INFO     | optimisation:1783 |   [SEQ-OPT] month=1  opt=279.14  bau=261.87  curr=217.00
2026-06-05 14:27:01 | INFO     | optimisation:1862 |   [SEQ-OPT] opt=279.1384  bau=261.8718  current=216.9966  uplift_vs_bau=+6.6%
2026-06-05 14:27:49 | INFO     | pipeline:196 | [LOAD] trace.nc  <- Bayesian_Output\trace.nc
2026-06-05 14:27:49 | INFO     | pipeline:199 | [LOAD] prep.pkl  <- Bayesian_Output\prep.pkl
2026-06-05 14:27:49 | DEBUG    | optimisation:1935 |   [CPP] Loaded source CSV: wkly_clara_data_31Jul 2.csv
2026-06-05 14:27:49 | INFO     | optimisation:1961 |   [CPP] media_impressions_clara_dv360             Impressions      CPM (GBP / 1000 imps) = 0.001603  [computed from data]
2026-06-05 14:27:49 | INFO     | optimisation:1961 |   [CPP] media_impressions_clara_google            Impressions      CPM (GBP / 1000 imps) = 0.009597  [computed from data]
2026-06-05 14:27:49 | INFO     | optimisation:1961 |   [CPP] media_impressions_clara_linkedin          Impressions      CPM (GBP / 1000 imps) = 0.011533  [computed from data]
2026-06-05 14:27:49 | INFO     | optimisation:1961 |   [CPP] media_impressions_clara_meta              Impressions      CPM (GBP / 1000 imps) = 0.005908  [computed from data]
2026-06-05 14:27:49 | INFO     | analyze:99 | 
  Channel metric types and cost-per-unit rates:
  Channel                                       Metric           Rate
  --------------------------------------------------------------------------------
  media_impressions_clara_dv360                 Impressions      0.001603  (CPM (GBP / 1000 imps))
  media_impressions_clara_google                Impressions      0.009597  (CPM (GBP / 1000 imps))
  media_impressions_clara_linkedin              Impressions      0.011533  (CPM (GBP / 1000 imps))
  media_impressions_clara_meta                  Impressions      0.005908  (CPM (GBP / 1000 imps))
2026-06-05 14:27:49 | INFO     | analyze:524 |   [SEQ] spend_in_currency=true → CPP forced to 1.0 for all channels
2026-06-05 14:27:49 | INFO     | analyze:621 | 
[SEQUENTIAL] Scenario 1: Current Spend | type=forward | n_months=1 | budget=£6,119,189
2026-06-05 14:27:49 | INFO     | optimisation:1647 |   [SEQ-OPT] n_months=1  n_ppm=4  total=£6,119,189.10  monthly=£6,119,189.10  round_budget_pct=0.020
2026-06-05 14:27:49 | INFO     | optimisation:1783 |   [SEQ-OPT] month=1  opt=269.23  bau=217.00  curr=217.00
2026-06-05 14:27:49 | INFO     | optimisation:1862 |   [SEQ-OPT] opt=269.2302  bau=216.9966  current=216.9966  uplift_vs_bau=+24.1%
2026-06-05 14:27:49 | INFO     | analyze:655 |   Saved: seq_Current_Spend_summary/channels/monthly.csv
2026-06-05 14:27:49 | INFO     | analyze:621 | 
[SEQUENTIAL] Scenario 2: Budget +20% | type=forward | n_months=1 | budget=£7,343,027
2026-06-05 14:27:50 | INFO     | optimisation:1647 |   [SEQ-OPT] n_months=1  n_ppm=4  total=£7,343,026.91  monthly=£7,343,026.91  round_budget_pct=0.020
2026-06-05 14:27:50 | INFO     | optimisation:1783 |   [SEQ-OPT] month=1  opt=279.14  bau=261.87  curr=217.00
2026-06-05 14:27:50 | INFO     | optimisation:1862 |   [SEQ-OPT] opt=279.1384  bau=261.8718  current=216.9966  uplift_vs_bau=+6.6%
2026-06-05 14:28:17 | INFO     | pipeline:196 | [LOAD] trace.nc  <- Bayesian_Output\trace.nc
2026-06-05 14:28:18 | INFO     | pipeline:199 | [LOAD] prep.pkl  <- Bayesian_Output\prep.pkl
2026-06-05 14:28:18 | DEBUG    | optimisation:1935 |   [CPP] Loaded source CSV: wkly_clara_data_31Jul 2.csv
2026-06-05 14:28:18 | INFO     | optimisation:1961 |   [CPP] media_impressions_clara_dv360             Impressions      CPM (GBP / 1000 imps) = 0.001603  [computed from data]
2026-06-05 14:28:18 | INFO     | optimisation:1961 |   [CPP] media_impressions_clara_google            Impressions      CPM (GBP / 1000 imps) = 0.009597  [computed from data]
2026-06-05 14:28:18 | INFO     | optimisation:1961 |   [CPP] media_impressions_clara_linkedin          Impressions      CPM (GBP / 1000 imps) = 0.011533  [computed from data]
2026-06-05 14:28:18 | INFO     | optimisation:1961 |   [CPP] media_impressions_clara_meta              Impressions      CPM (GBP / 1000 imps) = 0.005908  [computed from data]
2026-06-05 14:28:18 | INFO     | analyze:99 | 
  Channel metric types and cost-per-unit rates:
  Channel                                       Metric           Rate
  --------------------------------------------------------------------------------
  media_impressions_clara_dv360                 Impressions      0.001603  (CPM (GBP / 1000 imps))
  media_impressions_clara_google                Impressions      0.009597  (CPM (GBP / 1000 imps))
  media_impressions_clara_linkedin              Impressions      0.011533  (CPM (GBP / 1000 imps))
  media_impressions_clara_meta                  Impressions      0.005908  (CPM (GBP / 1000 imps))
2026-06-05 14:28:18 | INFO     | analyze:524 |   [SEQ] spend_in_currency=true → CPP forced to 1.0 for all channels
2026-06-05 14:28:18 | INFO     | analyze:621 | 
[SEQUENTIAL] Scenario 1: Current Spend | type=forward | n_months=1 | budget=£6,119,189
2026-06-05 14:28:18 | INFO     | optimisation:1647 |   [SEQ-OPT] n_months=1  n_ppm=4  total=£6,119,189.10  monthly=£6,119,189.10  round_budget_pct=0.020
2026-06-05 14:28:18 | INFO     | optimisation:1783 |   [SEQ-OPT] month=1  opt=269.23  bau=217.00  curr=217.00
2026-06-05 14:28:18 | INFO     | optimisation:1862 |   [SEQ-OPT] opt=269.2302  bau=216.9966  current=216.9966  uplift_vs_bau=+24.1%
2026-06-05 14:28:18 | INFO     | analyze:655 |   Saved: seq_Current_Spend_summary/channels/monthly.csv
2026-06-05 14:28:18 | INFO     | analyze:621 | 
[SEQUENTIAL] Scenario 2: Budget +20% | type=forward | n_months=1 | budget=£7,343,027
2026-06-05 14:28:18 | INFO     | optimisation:1647 |   [SEQ-OPT] n_months=1  n_ppm=4  total=£7,343,026.91  monthly=£7,343,026.91  round_budget_pct=0.020
2026-06-05 14:28:18 | INFO     | optimisation:1783 |   [SEQ-OPT] month=1  opt=279.14  bau=261.87  curr=217.00
2026-06-05 14:28:18 | INFO     | optimisation:1862 |   [SEQ-OPT] opt=279.1384  bau=261.8718  current=216.9966  uplift_vs_bau=+6.6%
2026-06-05 14:28:18 | INFO     | analyze:655 |   Saved: seq_Budget_plus20pct_summary/channels/monthly.csv
2026-06-05 14:28:18 | INFO     | analyze:621 | 
[SEQUENTIAL] Scenario 3: Budget -20% | type=forward | n_months=1 | budget=£4,895,351
2026-06-05 14:28:18 | INFO     | optimisation:1647 |   [SEQ-OPT] n_months=1  n_ppm=4  total=£4,895,351.28  monthly=£4,895,351.28  round_budget_pct=0.020
2026-06-05 14:28:19 | INFO     | optimisation:1783 |   [SEQ-OPT] month=1  opt=235.62  bau=172.41  curr=217.00
2026-06-05 14:28:19 | INFO     | optimisation:1862 |   [SEQ-OPT] opt=235.6152  bau=172.4074  current=216.9966  uplift_vs_bau=+36.7%
2026-06-05 14:28:19 | INFO     | analyze:655 |   Saved: seq_Budget_20pct_summary/channels/monthly.csv
2026-06-05 14:28:19 | INFO     | analyze:606 | 
[SEQUENTIAL] Scenario 4: Reverse - Match Current Response | type=reverse | n_months=1 | target=observed mean
2026-06-05 14:28:19 | INFO     | optimisation:2191 |   [REV-SEQ] target_response not set — using observed monthly response (warm-start simulation): 217.00
2026-06-05 14:28:19 | INFO     | optimisation:2196 |   [REV-SEQ] n_months=1  target=217.00/month  tol=0.5%
2026-06-05 14:28:19 | INFO     | optimisation:1647 |   [SEQ-OPT] n_months=1  n_ppm=4  total=£9,209,379.59  monthly=£9,209,379.59  round_budget_pct=0.020
2026-06-05 15:39:14 | INFO     | pipeline:196 | [LOAD] trace.nc  <- Bayesian_Output\trace.nc
2026-06-05 15:39:15 | INFO     | pipeline:199 | [LOAD] prep.pkl  <- Bayesian_Output\prep.pkl
2026-06-05 15:39:15 | DEBUG    | optimisation:1968 |   [CPP] Loaded source CSV: wkly_clara_data_31Jul 2.csv
2026-06-05 15:39:15 | INFO     | optimisation:1994 |   [CPP] media_impressions_clara_dv360             Impressions      CPM (GBP / 1000 imps) = 0.001603  [computed from data]
2026-06-05 15:39:15 | INFO     | optimisation:1994 |   [CPP] media_impressions_clara_google            Impressions      CPM (GBP / 1000 imps) = 0.009597  [computed from data]
2026-06-05 15:39:15 | INFO     | optimisation:1994 |   [CPP] media_impressions_clara_linkedin          Impressions      CPM (GBP / 1000 imps) = 0.011533  [computed from data]
2026-06-05 15:39:15 | INFO     | optimisation:1994 |   [CPP] media_impressions_clara_meta              Impressions      CPM (GBP / 1000 imps) = 0.005908  [computed from data]
2026-06-05 15:39:15 | INFO     | analyze:99 | 
  Channel metric types and cost-per-unit rates:
  Channel                                       Metric           Rate
  --------------------------------------------------------------------------------
  media_impressions_clara_dv360                 Impressions      0.001603  (CPM (GBP / 1000 imps))
  media_impressions_clara_google                Impressions      0.009597  (CPM (GBP / 1000 imps))
  media_impressions_clara_linkedin              Impressions      0.011533  (CPM (GBP / 1000 imps))
  media_impressions_clara_meta                  Impressions      0.005908  (CPM (GBP / 1000 imps))
2026-06-05 15:39:15 | INFO     | analyze:524 |   [SEQ] spend_in_currency=true → CPP forced to 1.0 for all channels
2026-06-05 15:39:15 | INFO     | analyze:621 | 
[SEQUENTIAL] Scenario 1: Current Spend | type=forward | n_months=1 | budget=£6,119,189
2026-06-05 15:39:15 | INFO     | optimisation:1674 |   [SEQ-OPT] n_months=1  n_ppm=4  total=£6,119,189.10  monthly=£6,119,189.10  round_budget_pct=0.020
2026-06-05 15:39:15 | INFO     | optimisation:1811 |   [SEQ-OPT] month=1  opt=1210.46  bau=1102.14  curr=1102.14
2026-06-05 15:39:15 | INFO     | optimisation:1895 |   [SEQ-OPT] opt=1210.4566  bau=1102.1449  current=1102.1449  uplift_vs_bau=+9.8%
2026-06-05 15:39:15 | INFO     | analyze:655 |   Saved: seq_Current_Spend_summary/channels/monthly.csv
2026-06-05 15:39:15 | INFO     | analyze:621 | 
[SEQUENTIAL] Scenario 2: Budget +20% | type=forward | n_months=1 | budget=£7,343,027
2026-06-05 15:39:15 | INFO     | optimisation:1674 |   [SEQ-OPT] n_months=1  n_ppm=4  total=£7,343,026.91  monthly=£7,343,026.91  round_budget_pct=0.020
2026-06-05 15:39:15 | INFO     | optimisation:1811 |   [SEQ-OPT] month=1  opt=1226.03  bau=1190.11  curr=1102.14
2026-06-05 15:39:15 | INFO     | optimisation:1895 |   [SEQ-OPT] opt=1226.0346  bau=1190.1109  current=1102.1449  uplift_vs_bau=+3.0%
2026-06-05 15:39:15 | INFO     | analyze:655 |   Saved: seq_Budget_plus20pct_summary/channels/monthly.csv
2026-06-05 15:39:15 | INFO     | analyze:621 | 
[SEQUENTIAL] Scenario 3: Budget -20% | type=forward | n_months=1 | budget=£4,895,351
2026-06-05 15:39:16 | INFO     | optimisation:1674 |   [SEQ-OPT] n_months=1  n_ppm=4  total=£4,895,351.28  monthly=£4,895,351.28  round_budget_pct=0.020
2026-06-05 15:39:16 | INFO     | optimisation:1811 |   [SEQ-OPT] month=1  opt=1143.93  bau=1014.76  curr=1102.14
2026-06-05 15:39:16 | INFO     | optimisation:1895 |   [SEQ-OPT] opt=1143.9335  bau=1014.7590  current=1102.1449  uplift_vs_bau=+12.7%
2026-06-05 15:39:16 | INFO     | analyze:655 |   Saved: seq_Budget_20pct_summary/channels/monthly.csv
2026-06-05 15:39:16 | INFO     | analyze:606 | 
[SEQUENTIAL] Scenario 4: Reverse - Match Current Response | type=reverse | n_months=1 | target=observed mean
2026-06-05 15:39:16 | INFO     | optimisation:2224 |   [REV-SEQ] target_response not set — using observed monthly response (warm-start total): 1102.14
2026-06-05 15:39:16 | INFO     | optimisation:2229 |   [REV-SEQ] n_months=1  target=1102.14/month  tol=0.5%
2026-06-05 15:39:16 | INFO     | optimisation:1674 |   [SEQ-OPT] n_months=1  n_ppm=4  total=£9,209,379.59  monthly=£9,209,379.59  round_budget_pct=0.020
2026-06-05 20:13:08 | INFO     | pipeline:196 | [LOAD] trace.nc  <- Bayesian_Output\trace.nc
2026-06-05 20:13:10 | INFO     | pipeline:199 | [LOAD] prep.pkl  <- Bayesian_Output\prep.pkl
2026-06-05 20:13:10 | DEBUG    | optimisation:1968 |   [CPP] Loaded source CSV: wkly_clara_data_31Jul 2.csv
2026-06-05 20:13:10 | INFO     | optimisation:1994 |   [CPP] media_impressions_clara_dv360             Impressions      CPM (GBP / 1000 imps) = 0.001603  [computed from data]
2026-06-05 20:13:10 | INFO     | optimisation:1994 |   [CPP] media_impressions_clara_google            Impressions      CPM (GBP / 1000 imps) = 0.009597  [computed from data]
2026-06-05 20:13:10 | INFO     | optimisation:1994 |   [CPP] media_impressions_clara_linkedin          Impressions      CPM (GBP / 1000 imps) = 0.011533  [computed from data]
2026-06-05 20:13:10 | INFO     | optimisation:1994 |   [CPP] media_impressions_clara_meta              Impressions      CPM (GBP / 1000 imps) = 0.005908  [computed from data]
2026-06-05 20:13:10 | INFO     | analyze:99 | 
  Channel metric types and cost-per-unit rates:
  Channel                                       Metric           Rate
  --------------------------------------------------------------------------------
  media_impressions_clara_dv360                 Impressions      0.001603  (CPM (GBP / 1000 imps))
  media_impressions_clara_google                Impressions      0.009597  (CPM (GBP / 1000 imps))
  media_impressions_clara_linkedin              Impressions      0.011533  (CPM (GBP / 1000 imps))
  media_impressions_clara_meta                  Impressions      0.005908  (CPM (GBP / 1000 imps))
2026-06-05 20:13:10 | INFO     | analyze:524 |   [SEQ] spend_in_currency=true → CPP forced to 1.0 for all channels
2026-06-05 20:13:10 | INFO     | analyze:621 | 
[SEQUENTIAL] Scenario 1: Current Spend | type=forward | n_months=1 | budget=£6,119,189
2026-06-05 20:13:10 | INFO     | optimisation:1674 |   [SEQ-OPT] n_months=1  n_ppm=4  total=£6,119,189.10  monthly=£6,119,189.10  round_budget_pct=0.020
2026-06-05 20:13:10 | INFO     | optimisation:1811 |   [SEQ-OPT] month=1  opt=1210.46  bau=1102.14  curr=1102.14
2026-06-05 20:13:10 | INFO     | optimisation:1895 |   [SEQ-OPT] opt=1210.4566  bau=1102.1449  current=1102.1449  uplift_vs_bau=+9.8%
2026-06-05 20:13:10 | INFO     | analyze:655 |   Saved: seq_Current_Spend_summary/channels/monthly.csv
2026-06-05 20:13:10 | INFO     | analyze:621 | 
[SEQUENTIAL] Scenario 2: Budget +20% | type=forward | n_months=1 | budget=£7,343,027
2026-06-05 20:13:10 | INFO     | optimisation:1674 |   [SEQ-OPT] n_months=1  n_ppm=4  total=£7,343,026.91  monthly=£7,343,026.91  round_budget_pct=0.020
2026-06-05 20:13:11 | INFO     | optimisation:1811 |   [SEQ-OPT] month=1  opt=1226.03  bau=1190.11  curr=1102.14
2026-06-05 20:13:11 | INFO     | optimisation:1895 |   [SEQ-OPT] opt=1226.0346  bau=1190.1109  current=1102.1449  uplift_vs_bau=+3.0%
2026-06-05 20:13:11 | INFO     | analyze:655 |   Saved: seq_Budget_plus20pct_summary/channels/monthly.csv
2026-06-05 20:13:11 | INFO     | analyze:621 | 
[SEQUENTIAL] Scenario 3: Budget -20% | type=forward | n_months=1 | budget=£4,895,351
2026-06-05 20:13:11 | INFO     | optimisation:1674 |   [SEQ-OPT] n_months=1  n_ppm=4  total=£4,895,351.28  monthly=£4,895,351.28  round_budget_pct=0.020
2026-06-05 20:13:11 | INFO     | optimisation:1811 |   [SEQ-OPT] month=1  opt=1143.93  bau=1014.76  curr=1102.14
2026-06-05 20:13:11 | INFO     | optimisation:1895 |   [SEQ-OPT] opt=1143.9335  bau=1014.7590  current=1102.1449  uplift_vs_bau=+12.7%
2026-06-05 20:13:11 | INFO     | analyze:655 |   Saved: seq_Budget_20pct_summary/channels/monthly.csv
2026-06-05 20:13:11 | INFO     | analyze:606 | 
[SEQUENTIAL] Scenario 4: Reverse - Match Current Response | type=reverse | n_months=1 | target=observed mean
2026-06-05 20:13:11 | INFO     | optimisation:2224 |   [REV-SEQ] target_response not set — using observed monthly response (warm-start total): 1102.14
2026-06-05 20:13:11 | INFO     | optimisation:2229 |   [REV-SEQ] n_months=1  target=1102.14/month  tol=2.0%
2026-06-05 20:13:11 | INFO     | optimisation:1674 |   [SEQ-OPT] n_months=1  n_ppm=4  total=£9,209,379.59  monthly=£9,209,379.59  round_budget_pct=0.050
2026-06-05 22:03:25 | INFO     | pipeline:196 | [LOAD] trace.nc  <- Bayesian_Output\trace.nc
2026-06-05 22:03:26 | INFO     | pipeline:199 | [LOAD] prep.pkl  <- Bayesian_Output\prep.pkl
2026-06-05 22:03:26 | DEBUG    | optimisation:1968 |   [CPP] Loaded source CSV: wkly_clara_data_31Jul 2.csv
2026-06-05 22:03:26 | INFO     | optimisation:1994 |   [CPP] media_impressions_clara_dv360             Impressions      CPM (GBP / 1000 imps) = 0.001603  [computed from data]
2026-06-05 22:03:26 | INFO     | optimisation:1994 |   [CPP] media_impressions_clara_google            Impressions      CPM (GBP / 1000 imps) = 0.009597  [computed from data]
2026-06-05 22:03:26 | INFO     | optimisation:1994 |   [CPP] media_impressions_clara_linkedin          Impressions      CPM (GBP / 1000 imps) = 0.011533  [computed from data]
2026-06-05 22:03:26 | INFO     | optimisation:1994 |   [CPP] media_impressions_clara_meta              Impressions      CPM (GBP / 1000 imps) = 0.005908  [computed from data]
2026-06-05 22:03:26 | INFO     | analyze:99 | 
  Channel metric types and cost-per-unit rates:
  Channel                                       Metric           Rate
  --------------------------------------------------------------------------------
  media_impressions_clara_dv360                 Impressions      0.001603  (CPM (GBP / 1000 imps))
  media_impressions_clara_google                Impressions      0.009597  (CPM (GBP / 1000 imps))
  media_impressions_clara_linkedin              Impressions      0.011533  (CPM (GBP / 1000 imps))
  media_impressions_clara_meta                  Impressions      0.005908  (CPM (GBP / 1000 imps))
2026-06-05 22:03:26 | INFO     | analyze:524 |   [SEQ] spend_in_currency=true → CPP forced to 1.0 for all channels
2026-06-05 22:03:26 | INFO     | analyze:621 | 
[SEQUENTIAL] Scenario 1: Current Spend | type=forward | n_months=1 | budget=£6,119,189
2026-06-05 22:03:26 | INFO     | optimisation:1674 |   [SEQ-OPT] n_months=1  n_ppm=4  total=£6,119,189.10  monthly=£6,119,189.10  round_budget_pct=0.020
2026-06-05 22:03:26 | INFO     | optimisation:1811 |   [SEQ-OPT] month=1  opt=1210.46  bau=1102.14  curr=1102.14
2026-06-05 22:03:26 | INFO     | optimisation:1895 |   [SEQ-OPT] opt=1210.4566  bau=1102.1449  current=1102.1449  uplift_vs_bau=+9.8%
2026-06-05 22:03:26 | INFO     | analyze:655 |   Saved: seq_Current_Spend_summary/channels/monthly.csv
2026-06-05 22:03:26 | INFO     | analyze:621 | 
[SEQUENTIAL] Scenario 2: Budget +20% | type=forward | n_months=1 | budget=£7,343,027
2026-06-05 22:03:26 | INFO     | optimisation:1674 |   [SEQ-OPT] n_months=1  n_ppm=4  total=£7,343,026.91  monthly=£7,343,026.91  round_budget_pct=0.020
2026-06-05 22:03:26 | INFO     | optimisation:1811 |   [SEQ-OPT] month=1  opt=1226.03  bau=1190.11  curr=1102.14
2026-06-05 22:03:26 | INFO     | optimisation:1895 |   [SEQ-OPT] opt=1226.0346  bau=1190.1109  current=1102.1449  uplift_vs_bau=+3.0%
2026-06-05 22:03:26 | INFO     | analyze:655 |   Saved: seq_Budget_plus20pct_summary/channels/monthly.csv
2026-06-05 22:03:26 | INFO     | analyze:621 | 
[SEQUENTIAL] Scenario 3: Budget -20% | type=forward | n_months=1 | budget=£4,895,351
2026-06-05 22:03:26 | INFO     | optimisation:1674 |   [SEQ-OPT] n_months=1  n_ppm=4  total=£4,895,351.28  monthly=£4,895,351.28  round_budget_pct=0.020
2026-06-05 22:03:27 | INFO     | optimisation:1811 |   [SEQ-OPT] month=1  opt=1143.93  bau=1014.76  curr=1102.14
2026-06-05 22:03:27 | INFO     | optimisation:1895 |   [SEQ-OPT] opt=1143.9335  bau=1014.7590  current=1102.1449  uplift_vs_bau=+12.7%
2026-06-05 22:03:27 | INFO     | analyze:655 |   Saved: seq_Budget_20pct_summary/channels/monthly.csv
2026-06-05 22:03:27 | INFO     | analyze:669 |   Saved: sequential_opt/optimisation_scenarios.csv
2026-06-05 22:03:27 | INFO     | analyze:895 |   [SEQUENTIAL] Excel written: Bayesian_Output\sequential_results.xlsx
2026-06-05 22:03:27 | INFO     | export:707 |   Written Optimisation_Scenarios tab to model_results.xlsx
2026-06-05 22:03:27 | INFO     | analyze:685 |   Written Optimisation_Scenarios tab to model_results.xlsx
2026-06-05 22:03:27 | INFO     | analyze:692 | [SEQUENTIAL] Done.
2026-06-08 11:50:14 | INFO     | pipeline:196 | [LOAD] trace.nc  <- Bayesian_Output\trace.nc
2026-06-08 11:50:15 | INFO     | pipeline:199 | [LOAD] prep.pkl  <- Bayesian_Output\prep.pkl
2026-06-08 11:50:15 | DEBUG    | optimisation:1996 |   [CPP] Loaded source CSV: wkly_clara_data_31Jul 2.csv
2026-06-08 11:50:15 | INFO     | optimisation:2060 |   [CPP] media_impressions_clara_dv360             Impressions      CPM (GBP / 1000 imps) = 1.602880  [computed from data]
2026-06-08 11:50:15 | INFO     | optimisation:2060 |   [CPP] media_impressions_clara_google            Impressions      CPM (GBP / 1000 imps) = 9.596978  [computed from data]
2026-06-08 11:50:15 | INFO     | optimisation:2060 |   [CPP] media_impressions_clara_linkedin          Impressions      CPM (GBP / 1000 imps) = 11.532971  [computed from data]
2026-06-08 11:50:15 | INFO     | optimisation:2060 |   [CPP] media_impressions_clara_meta              Impressions      CPM (GBP / 1000 imps) = 5.908476  [computed from data]
2026-06-08 11:50:15 | INFO     | analyze:99 | 
  Channel metric types and cost-per-unit rates:
  Channel                                       Metric           Rate
  --------------------------------------------------------------------------------
  media_impressions_clara_dv360                 Impressions      1.602880  (CPM (GBP / 1000 imps))
  media_impressions_clara_google                Impressions      9.596978  (CPM (GBP / 1000 imps))
  media_impressions_clara_linkedin              Impressions      11.532971  (CPM (GBP / 1000 imps))
  media_impressions_clara_meta                  Impressions      5.908476  (CPM (GBP / 1000 imps))
2026-06-08 11:50:15 | INFO     | analyze:623 | 
[SEQUENTIAL] Scenario 1: Current Spend | type=forward | n_months=1 | budget=£50,555
2026-06-08 11:50:15 | INFO     | optimisation:1674 |   [SEQ-OPT] n_months=1  n_ppm=4  total=£50,554.69  monthly=£50,554.69  round_budget_pct=0.020
2026-06-08 11:50:15 | INFO     | optimisation:1811 |   [SEQ-OPT] month=1  opt=1213.64  bau=1102.14  curr=1102.14
2026-06-08 11:50:15 | INFO     | optimisation:1895 |   [SEQ-OPT] opt=1213.6417  bau=1102.1449  current=1102.1449  uplift_vs_bau=+10.1%
2026-06-08 11:50:15 | INFO     | analyze:657 |   Saved: seq_Current_Spend_summary/channels/monthly.csv
2026-06-08 11:50:15 | INFO     | analyze:623 | 
[SEQUENTIAL] Scenario 2: Budget +20% | type=forward | n_months=1 | budget=£60,666
2026-06-08 11:50:15 | INFO     | optimisation:1674 |   [SEQ-OPT] n_months=1  n_ppm=4  total=£60,665.63  monthly=£60,665.63  round_budget_pct=0.020
2026-06-08 11:50:16 | INFO     | optimisation:1811 |   [SEQ-OPT] month=1  opt=1227.17  bau=1190.11  curr=1102.14
2026-06-08 11:50:16 | INFO     | optimisation:1895 |   [SEQ-OPT] opt=1227.1681  bau=1190.1109  current=1102.1449  uplift_vs_bau=+3.1%
2026-06-08 11:50:16 | INFO     | analyze:657 |   Saved: seq_Budget_plus20pct_summary/channels/monthly.csv
2026-06-08 11:50:16 | INFO     | analyze:623 | 
[SEQUENTIAL] Scenario 3: Budget -20% | type=forward | n_months=1 | budget=£40,444
2026-06-08 11:50:16 | INFO     | optimisation:1674 |   [SEQ-OPT] n_months=1  n_ppm=4  total=£40,443.76  monthly=£40,443.76  round_budget_pct=0.020
2026-06-08 11:50:16 | INFO     | optimisation:1811 |   [SEQ-OPT] month=1  opt=1175.18  bau=1014.76  curr=1102.14
2026-06-08 11:50:16 | INFO     | optimisation:1895 |   [SEQ-OPT] opt=1175.1794  bau=1014.7590  current=1102.1449  uplift_vs_bau=+15.8%
2026-06-08 11:50:16 | INFO     | analyze:657 |   Saved: seq_Budget_20pct_summary/channels/monthly.csv
2026-06-08 11:50:16 | INFO     | analyze:671 |   Saved: sequential_opt/optimisation_scenarios.csv
2026-06-08 11:50:16 | INFO     | analyze:897 |   [SEQUENTIAL] Excel written: Bayesian_Output\sequential_results.xlsx
2026-06-08 11:50:17 | INFO     | export:707 |   Written Optimisation_Scenarios tab to model_results.xlsx
2026-06-08 11:50:17 | INFO     | analyze:687 |   Written Optimisation_Scenarios tab to model_results.xlsx
2026-06-08 11:50:17 | INFO     | analyze:694 | [SEQUENTIAL] Done.
2026-06-08 12:09:30 | INFO     | pipeline:196 | [LOAD] trace.nc  <- Bayesian_Output\trace.nc
2026-06-08 12:09:31 | INFO     | pipeline:199 | [LOAD] prep.pkl  <- Bayesian_Output\prep.pkl
2026-06-08 12:09:31 | DEBUG    | optimisation:2022 |   [CPP] Loaded source CSV: wkly_clara_data_31Jul 2.csv
2026-06-08 12:09:31 | INFO     | optimisation:2086 |   [CPP] media_impressions_clara_dv360             Impressions      CPM (GBP / 1000 imps) = 1.602880  [computed from data]
2026-06-08 12:09:31 | INFO     | optimisation:2086 |   [CPP] media_impressions_clara_google            Impressions      CPM (GBP / 1000 imps) = 9.596978  [computed from data]
2026-06-08 12:09:31 | INFO     | optimisation:2086 |   [CPP] media_impressions_clara_linkedin          Impressions      CPM (GBP / 1000 imps) = 11.532971  [computed from data]
2026-06-08 12:09:31 | INFO     | optimisation:2086 |   [CPP] media_impressions_clara_meta              Impressions      CPM (GBP / 1000 imps) = 5.908476  [computed from data]
2026-06-08 12:09:31 | INFO     | analyze:99 | 
  Channel metric types and cost-per-unit rates:
  Channel                                       Metric           Rate
  --------------------------------------------------------------------------------
  media_impressions_clara_dv360                 Impressions      1.602880  (CPM (GBP / 1000 imps))
  media_impressions_clara_google                Impressions      9.596978  (CPM (GBP / 1000 imps))
  media_impressions_clara_linkedin              Impressions      11.532971  (CPM (GBP / 1000 imps))
  media_impressions_clara_meta                  Impressions      5.908476  (CPM (GBP / 1000 imps))
2026-06-08 12:09:31 | INFO     | analyze:623 | 
[SEQUENTIAL] Scenario 1: Current Spend | type=forward | n_months=1 | budget=£50,555
2026-06-08 12:09:31 | INFO     | optimisation:1709 |   [SEQ-OPT] n_months=1  n_ppm=4  total=£50,554.69  monthly=£50,554.69  round_budget_pct=0.020
2026-06-08 12:09:31 | INFO     | optimisation:1846 |   [SEQ-OPT] month=1  opt=1213.64  bau=1102.14  curr=1102.14
2026-06-08 12:09:31 | INFO     | optimisation:1921 |   [SEQ-OPT] opt=1213.6417  bau=1102.1449  current=1102.1449  uplift_vs_bau=+10.1%
2026-06-08 12:09:31 | INFO     | analyze:657 |   Saved: seq_Current_Spend_summary/channels/monthly.csv
2026-06-08 12:09:31 | INFO     | analyze:623 | 
[SEQUENTIAL] Scenario 2: Budget +20% | type=forward | n_months=1 | budget=£60,666
2026-06-08 12:09:31 | INFO     | optimisation:1709 |   [SEQ-OPT] n_months=1  n_ppm=4  total=£60,665.63  monthly=£60,665.63  round_budget_pct=0.020
2026-06-08 12:09:31 | INFO     | optimisation:1846 |   [SEQ-OPT] month=1  opt=1227.17  bau=1190.11  curr=1102.14
2026-06-08 12:09:31 | INFO     | optimisation:1921 |   [SEQ-OPT] opt=1227.1681  bau=1190.1109  current=1102.1449  uplift_vs_bau=+3.1%
2026-06-08 12:09:31 | INFO     | analyze:657 |   Saved: seq_Budget_plus20pct_summary/channels/monthly.csv
2026-06-08 12:09:31 | INFO     | analyze:623 | 
[SEQUENTIAL] Scenario 3: Budget -20% | type=forward | n_months=1 | budget=£40,444
2026-06-08 12:09:31 | INFO     | optimisation:1709 |   [SEQ-OPT] n_months=1  n_ppm=4  total=£40,443.76  monthly=£40,443.76  round_budget_pct=0.020
2026-06-08 12:09:31 | INFO     | optimisation:1846 |   [SEQ-OPT] month=1  opt=1175.18  bau=1014.76  curr=1102.14
2026-06-08 12:09:31 | INFO     | optimisation:1921 |   [SEQ-OPT] opt=1175.1794  bau=1014.7590  current=1102.1449  uplift_vs_bau=+15.8%
2026-06-08 12:09:31 | INFO     | analyze:657 |   Saved: seq_Budget_20pct_summary/channels/monthly.csv
2026-06-08 12:09:31 | INFO     | analyze:671 |   Saved: sequential_opt/optimisation_scenarios.csv
2026-06-08 12:09:32 | INFO     | analyze:901 |   [SEQUENTIAL] Excel written: Bayesian_Output\sequential_results.xlsx
2026-06-08 12:09:32 | INFO     | export:707 |   Written Optimisation_Scenarios tab to model_results.xlsx
2026-06-08 12:09:32 | INFO     | analyze:687 |   Written Optimisation_Scenarios tab to model_results.xlsx
2026-06-08 12:09:32 | INFO     | analyze:694 | [SEQUENTIAL] Done.
2026-06-08 14:50:16 | INFO     | pipeline:196 | [LOAD] trace.nc  <- Bayesian_Output\trace.nc
2026-06-08 14:50:16 | INFO     | pipeline:199 | [LOAD] prep.pkl  <- Bayesian_Output\prep.pkl
2026-06-08 14:50:16 | DEBUG    | optimisation:2152 |   [CPP] Loaded source CSV: wkly_clara_data_31Jul 2.csv
2026-06-08 14:50:16 | INFO     | optimisation:2216 |   [CPP] media_impressions_clara_dv360             Impressions      CPM (GBP / 1000 imps) = 1.602880  [computed from data]
2026-06-08 14:50:16 | INFO     | optimisation:2216 |   [CPP] media_impressions_clara_google            Impressions      CPM (GBP / 1000 imps) = 9.596978  [computed from data]
2026-06-08 14:50:16 | INFO     | optimisation:2216 |   [CPP] media_impressions_clara_linkedin          Impressions      CPM (GBP / 1000 imps) = 11.532971  [computed from data]
2026-06-08 14:50:16 | INFO     | optimisation:2216 |   [CPP] media_impressions_clara_meta              Impressions      CPM (GBP / 1000 imps) = 5.908476  [computed from data]
2026-06-08 14:50:16 | INFO     | analyze:99 | 
  Channel metric types and cost-per-unit rates:
  Channel                                       Metric           Rate
  --------------------------------------------------------------------------------
  media_impressions_clara_dv360                 Impressions      1.602880  (CPM (GBP / 1000 imps))
  media_impressions_clara_google                Impressions      9.596978  (CPM (GBP / 1000 imps))
  media_impressions_clara_linkedin              Impressions      11.532971  (CPM (GBP / 1000 imps))
  media_impressions_clara_meta                  Impressions      5.908476  (CPM (GBP / 1000 imps))
2026-06-08 14:50:16 | WARNING  | analyze:511 | [SEQUENTIAL] No multi_period_scenarios defined in config — add a 'multi_period_scenarios' block under 'optimisation:' in the YAML.
2026-06-08 14:52:57 | INFO     | pipeline:196 | [LOAD] trace.nc  <- Bayesian_Output\trace.nc
2026-06-08 14:52:57 | INFO     | pipeline:199 | [LOAD] prep.pkl  <- Bayesian_Output\prep.pkl
2026-06-08 14:52:57 | DEBUG    | optimisation:2152 |   [CPP] Loaded source CSV: wkly_clara_data_31Jul 2.csv
2026-06-08 14:52:57 | INFO     | optimisation:2216 |   [CPP] media_impressions_clara_dv360             Impressions      CPM (GBP / 1000 imps) = 1.602880  [computed from data]
2026-06-08 14:52:57 | INFO     | optimisation:2216 |   [CPP] media_impressions_clara_google            Impressions      CPM (GBP / 1000 imps) = 9.596978  [computed from data]
2026-06-08 14:52:57 | INFO     | optimisation:2216 |   [CPP] media_impressions_clara_linkedin          Impressions      CPM (GBP / 1000 imps) = 11.532971  [computed from data]
2026-06-08 14:52:57 | INFO     | optimisation:2216 |   [CPP] media_impressions_clara_meta              Impressions      CPM (GBP / 1000 imps) = 5.908476  [computed from data]
2026-06-08 14:52:57 | INFO     | analyze:99 | 
  Channel metric types and cost-per-unit rates:
  Channel                                       Metric           Rate
  --------------------------------------------------------------------------------
  media_impressions_clara_dv360                 Impressions      1.602880  (CPM (GBP / 1000 imps))
  media_impressions_clara_google                Impressions      9.596978  (CPM (GBP / 1000 imps))
  media_impressions_clara_linkedin              Impressions      11.532971  (CPM (GBP / 1000 imps))
  media_impressions_clara_meta                  Impressions      5.908476  (CPM (GBP / 1000 imps))
2026-06-08 14:52:57 | WARNING  | analyze:511 | [SEQUENTIAL] No multi_period_scenarios defined in config — add a 'multi_period_scenarios' block under 'optimisation:' in the YAML.
2026-06-08 15:21:30 | INFO     | pipeline:196 | [LOAD] trace.nc  <- Bayesian_Output\trace.nc
2026-06-08 15:21:31 | INFO     | pipeline:199 | [LOAD] prep.pkl  <- Bayesian_Output\prep.pkl
2026-06-08 15:21:31 | DEBUG    | optimisation:2152 |   [CPP] Loaded source CSV: wkly_clara_data_31Jul 2.csv
2026-06-08 15:21:31 | INFO     | optimisation:2216 |   [CPP] media_impressions_clara_dv360             Impressions      CPM (GBP / 1000 imps) = 1.602880  [computed from data]
2026-06-08 15:21:31 | INFO     | optimisation:2216 |   [CPP] media_impressions_clara_google            Impressions      CPM (GBP / 1000 imps) = 9.596978  [computed from data]
2026-06-08 15:21:31 | INFO     | optimisation:2216 |   [CPP] media_impressions_clara_linkedin          Impressions      CPM (GBP / 1000 imps) = 11.532971  [computed from data]
2026-06-08 15:21:31 | INFO     | optimisation:2216 |   [CPP] media_impressions_clara_meta              Impressions      CPM (GBP / 1000 imps) = 5.908476  [computed from data]
2026-06-08 15:21:31 | INFO     | analyze:99 | 
  Channel metric types and cost-per-unit rates:
  Channel                                       Metric           Rate
  --------------------------------------------------------------------------------
  media_impressions_clara_dv360                 Impressions      1.602880  (CPM (GBP / 1000 imps))
  media_impressions_clara_google                Impressions      9.596978  (CPM (GBP / 1000 imps))
  media_impressions_clara_linkedin              Impressions      11.532971  (CPM (GBP / 1000 imps))
  media_impressions_clara_meta                  Impressions      5.908476  (CPM (GBP / 1000 imps))
2026-06-08 15:21:31 | INFO     | analyze:623 | 
[SEQUENTIAL] Scenario 1: Current Spend | type=forward | n_months=1 | budget=£50,555
2026-06-08 15:21:32 | INFO     | optimisation:455 |   [CALIB] media_impressions_clara_dv360: trace=0.07544  sim=3.53218  calib=0.02136
2026-06-08 15:21:32 | INFO     | optimisation:455 |   [CALIB] media_impressions_clara_google: trace=0.14741  sim=0.97623  calib=0.15100
2026-06-08 15:21:32 | INFO     | optimisation:455 |   [CALIB] media_impressions_clara_linkedin: trace=0.11304  sim=1.36426  calib=0.08286
2026-06-08 15:21:32 | INFO     | optimisation:455 |   [CALIB] media_impressions_clara_meta: trace=0.16947  sim=1.65319  calib=0.10251
2026-06-08 15:21:32 | INFO     | optimisation:374 |   [RSCALE] mu_base_z=-0.3907  y_base=75.03  rscale=43.0252  (y_std x (y_base+1))
2026-06-08 15:21:32 | INFO     | optimisation:1839 |   [SEQ-OPT] n_months=1  n_ppm=4  total=£50,554.69  monthly=£50,554.69  round_budget_pct=0.020
2026-06-08 15:21:32 | INFO     | optimisation:1976 |   [SEQ-OPT] month=1  opt=147.84  bau=137.91  curr=137.91
2026-06-08 15:21:32 | INFO     | optimisation:2051 |   [SEQ-OPT] opt=147.8362  bau=137.9131  current=137.9131  uplift_vs_bau=+7.2%
2026-06-08 15:21:32 | INFO     | analyze:657 |   Saved: seq_Current_Spend_summary/channels/monthly.csv
2026-06-08 15:21:32 | INFO     | analyze:623 | 
[SEQUENTIAL] Scenario 2: Budget +20% | type=forward | n_months=1 | budget=£60,666
2026-06-08 15:21:32 | INFO     | optimisation:455 |   [CALIB] media_impressions_clara_dv360: trace=0.07544  sim=3.53218  calib=0.02136
2026-06-08 15:21:32 | INFO     | optimisation:455 |   [CALIB] media_impressions_clara_google: trace=0.14741  sim=0.97623  calib=0.15100
2026-06-08 15:21:32 | INFO     | optimisation:455 |   [CALIB] media_impressions_clara_linkedin: trace=0.11304  sim=1.36426  calib=0.08286
2026-06-08 15:21:32 | INFO     | optimisation:455 |   [CALIB] media_impressions_clara_meta: trace=0.16947  sim=1.65319  calib=0.10251
2026-06-08 15:21:32 | INFO     | optimisation:374 |   [RSCALE] mu_base_z=-0.3907  y_base=75.03  rscale=43.0252  (y_std x (y_base+1))
2026-06-08 15:21:32 | INFO     | optimisation:1839 |   [SEQ-OPT] n_months=1  n_ppm=4  total=£60,665.63  monthly=£60,665.63  round_budget_pct=0.020
2026-06-08 15:21:32 | INFO     | optimisation:1976 |   [SEQ-OPT] month=1  opt=151.78  bau=148.51  curr=137.91
2026-06-08 15:21:32 | INFO     | optimisation:2051 |   [SEQ-OPT] opt=151.7775  bau=148.5063  current=137.9131  uplift_vs_bau=+2.2%
2026-06-08 15:21:32 | INFO     | analyze:657 |   Saved: seq_Budget_plus20pct_summary/channels/monthly.csv
2026-06-08 15:21:32 | INFO     | analyze:623 | 
[SEQUENTIAL] Scenario 3: Budget -20% | type=forward | n_months=1 | budget=£40,444
2026-06-08 15:21:32 | INFO     | optimisation:455 |   [CALIB] media_impressions_clara_dv360: trace=0.07544  sim=3.53218  calib=0.02136
2026-06-08 15:21:32 | INFO     | optimisation:455 |   [CALIB] media_impressions_clara_google: trace=0.14741  sim=0.97623  calib=0.15100
2026-06-08 15:21:32 | INFO     | optimisation:455 |   [CALIB] media_impressions_clara_linkedin: trace=0.11304  sim=1.36426  calib=0.08286
2026-06-08 15:21:32 | INFO     | optimisation:455 |   [CALIB] media_impressions_clara_meta: trace=0.16947  sim=1.65319  calib=0.10251
2026-06-08 15:21:32 | INFO     | optimisation:374 |   [RSCALE] mu_base_z=-0.3907  y_base=75.03  rscale=43.0252  (y_std x (y_base+1))
2026-06-08 15:21:32 | INFO     | optimisation:1839 |   [SEQ-OPT] n_months=1  n_ppm=4  total=£40,443.76  monthly=£40,443.76  round_budget_pct=0.020
2026-06-08 15:21:32 | INFO     | optimisation:1976 |   [SEQ-OPT] month=1  opt=140.45  bau=127.46  curr=137.91
2026-06-08 15:21:32 | INFO     | optimisation:2051 |   [SEQ-OPT] opt=140.4465  bau=127.4582  current=137.9131  uplift_vs_bau=+10.2%
2026-06-08 15:21:32 | INFO     | analyze:657 |   Saved: seq_Budget_20pct_summary/channels/monthly.csv
2026-06-08 15:21:32 | INFO     | analyze:671 |   Saved: sequential_opt/optimisation_scenarios.csv
2026-06-08 15:21:32 | INFO     | analyze:901 |   [SEQUENTIAL] Excel written: Bayesian_Output\sequential_results.xlsx
2026-06-08 15:21:33 | INFO     | export:707 |   Written Optimisation_Scenarios tab to model_results.xlsx
2026-06-08 15:21:33 | INFO     | analyze:687 |   Written Optimisation_Scenarios tab to model_results.xlsx
2026-06-08 15:21:33 | INFO     | analyze:694 | [SEQUENTIAL] Done.
2026-06-08 15:29:23 | INFO     | pipeline:196 | [LOAD] trace.nc  <- Bayesian_Output\trace.nc
2026-06-08 15:29:23 | INFO     | pipeline:199 | [LOAD] prep.pkl  <- Bayesian_Output\prep.pkl
2026-06-08 15:29:23 | DEBUG    | optimisation:2152 |   [CPP] Loaded source CSV: wkly_clara_data_31Jul 2.csv
2026-06-08 15:29:23 | INFO     | optimisation:2216 |   [CPP] media_impressions_clara_dv360             Impressions      CPM (GBP / 1000 imps) = 1.602880  [computed from data]
2026-06-08 15:29:23 | INFO     | optimisation:2216 |   [CPP] media_impressions_clara_google            Impressions      CPM (GBP / 1000 imps) = 9.596978  [computed from data]
2026-06-08 15:29:23 | INFO     | optimisation:2216 |   [CPP] media_impressions_clara_linkedin          Impressions      CPM (GBP / 1000 imps) = 11.532971  [computed from data]
2026-06-08 15:29:23 | INFO     | optimisation:2216 |   [CPP] media_impressions_clara_meta              Impressions      CPM (GBP / 1000 imps) = 5.908476  [computed from data]
2026-06-08 15:29:23 | INFO     | analyze:99 | 
  Channel metric types and cost-per-unit rates:
  Channel                                       Metric           Rate
  --------------------------------------------------------------------------------
  media_impressions_clara_dv360                 Impressions      1.602880  (CPM (GBP / 1000 imps))
  media_impressions_clara_google                Impressions      9.596978  (CPM (GBP / 1000 imps))
  media_impressions_clara_linkedin              Impressions      11.532971  (CPM (GBP / 1000 imps))
  media_impressions_clara_meta                  Impressions      5.908476  (CPM (GBP / 1000 imps))
2026-06-08 15:29:23 | INFO     | analyze:623 | 
[SEQUENTIAL] Scenario 1: Current Spend | type=forward | n_months=1 | budget=£50,555
2026-06-08 15:29:23 | INFO     | optimisation:455 |   [CALIB] media_impressions_clara_dv360: trace=0.07544  sim=3.53218  calib=0.02136
2026-06-08 15:29:23 | INFO     | optimisation:455 |   [CALIB] media_impressions_clara_google: trace=0.14741  sim=0.97623  calib=0.15100
2026-06-08 15:29:23 | INFO     | optimisation:455 |   [CALIB] media_impressions_clara_linkedin: trace=0.11304  sim=1.36426  calib=0.08286
2026-06-08 15:29:23 | INFO     | optimisation:455 |   [CALIB] media_impressions_clara_meta: trace=0.16947  sim=1.65319  calib=0.10251
2026-06-08 15:29:23 | INFO     | optimisation:374 |   [RSCALE] mu_base_z=-0.3907  y_base=75.03  rscale=43.0252  (y_std x (y_base+1))
2026-06-08 15:29:23 | INFO     | optimisation:1839 |   [SEQ-OPT] n_months=1  n_ppm=4  total=£50,554.69  monthly=£50,554.69  round_budget_pct=0.020
2026-06-08 15:29:24 | INFO     | optimisation:1976 |   [SEQ-OPT] month=1  opt=147.84  bau=137.91  curr=137.91
2026-06-08 15:29:24 | INFO     | optimisation:2051 |   [SEQ-OPT] opt=147.8362  bau=137.9131  current=137.9131  uplift_vs_bau=+7.2%
2026-06-08 15:29:24 | INFO     | analyze:657 |   Saved: seq_Current_Spend_summary/channels/monthly.csv
2026-06-08 15:29:24 | INFO     | analyze:623 | 
[SEQUENTIAL] Scenario 2: Budget +20% | type=forward | n_months=1 | budget=£60,666
2026-06-08 15:29:24 | INFO     | optimisation:455 |   [CALIB] media_impressions_clara_dv360: trace=0.07544  sim=3.53218  calib=0.02136
2026-06-08 15:29:24 | INFO     | optimisation:455 |   [CALIB] media_impressions_clara_google: trace=0.14741  sim=0.97623  calib=0.15100
2026-06-08 15:29:24 | INFO     | optimisation:455 |   [CALIB] media_impressions_clara_linkedin: trace=0.11304  sim=1.36426  calib=0.08286
2026-06-08 15:29:24 | INFO     | optimisation:455 |   [CALIB] media_impressions_clara_meta: trace=0.16947  sim=1.65319  calib=0.10251
2026-06-08 15:29:24 | INFO     | optimisation:374 |   [RSCALE] mu_base_z=-0.3907  y_base=75.03  rscale=43.0252  (y_std x (y_base+1))
2026-06-08 15:29:24 | INFO     | optimisation:1839 |   [SEQ-OPT] n_months=1  n_ppm=4  total=£60,665.63  monthly=£60,665.63  round_budget_pct=0.020
2026-06-08 15:29:24 | INFO     | optimisation:1976 |   [SEQ-OPT] month=1  opt=151.78  bau=148.51  curr=137.91
2026-06-08 15:29:24 | INFO     | optimisation:2051 |   [SEQ-OPT] opt=151.7775  bau=148.5063  current=137.9131  uplift_vs_bau=+2.2%
2026-06-08 15:29:24 | INFO     | analyze:657 |   Saved: seq_Budget_plus20pct_summary/channels/monthly.csv
2026-06-08 15:29:24 | INFO     | analyze:623 | 
[SEQUENTIAL] Scenario 3: Budget -20% | type=forward | n_months=1 | budget=£40,444
2026-06-08 15:29:24 | INFO     | optimisation:455 |   [CALIB] media_impressions_clara_dv360: trace=0.07544  sim=3.53218  calib=0.02136
2026-06-08 15:29:24 | INFO     | optimisation:455 |   [CALIB] media_impressions_clara_google: trace=0.14741  sim=0.97623  calib=0.15100
2026-06-08 15:29:24 | INFO     | optimisation:455 |   [CALIB] media_impressions_clara_linkedin: trace=0.11304  sim=1.36426  calib=0.08286
2026-06-08 15:29:24 | INFO     | optimisation:455 |   [CALIB] media_impressions_clara_meta: trace=0.16947  sim=1.65319  calib=0.10251
2026-06-08 15:29:24 | INFO     | optimisation:374 |   [RSCALE] mu_base_z=-0.3907  y_base=75.03  rscale=43.0252  (y_std x (y_base+1))
2026-06-08 15:29:24 | INFO     | optimisation:1839 |   [SEQ-OPT] n_months=1  n_ppm=4  total=£40,443.76  monthly=£40,443.76  round_budget_pct=0.020
2026-06-08 15:29:24 | INFO     | optimisation:1976 |   [SEQ-OPT] month=1  opt=140.45  bau=127.46  curr=137.91
2026-06-08 15:29:24 | INFO     | optimisation:2051 |   [SEQ-OPT] opt=140.4465  bau=127.4582  current=137.9131  uplift_vs_bau=+10.2%
2026-06-08 15:29:24 | INFO     | analyze:657 |   Saved: seq_Budget_20pct_summary/channels/monthly.csv
2026-06-08 15:29:24 | INFO     | analyze:671 |   Saved: sequential_opt/optimisation_scenarios.csv
2026-06-08 15:29:25 | INFO     | analyze:901 |   [SEQUENTIAL] Excel written: Bayesian_Output\sequential_results.xlsx
2026-06-08 15:29:26 | INFO     | export:707 |   Written Optimisation_Scenarios tab to model_results.xlsx
2026-06-08 15:29:26 | INFO     | analyze:687 |   Written Optimisation_Scenarios tab to model_results.xlsx
2026-06-08 15:29:26 | INFO     | analyze:694 | [SEQUENTIAL] Done.
2026-06-09 12:01:43 | WARNING  | main:87 | [PYTENSOR] g++ compiler not found — running on the Python backend (slower, but fully functional).  To enable the faster C backend: conda install -c conda-forge m2w64-toolchain  (Windows/conda)  |  sudo apt-get install g++ build-essential  (Linux/WSL)
2026-06-09 12:01:43 | INFO     | config:655 | [CONFIG] Loaded YAML config from: config_hier.yaml
2026-06-09 12:05:32 | WARNING  | main:87 | [PYTENSOR] g++ compiler not found — running on the Python backend (slower, but fully functional).  To enable the faster C backend: conda install -c conda-forge m2w64-toolchain  (Windows/conda)  |  sudo apt-get install g++ build-essential  (Linux/WSL)
2026-06-09 12:05:32 | INFO     | config:655 | [CONFIG] Loaded YAML config from: config_hier.yaml
2026-06-09 12:05:32 | INFO     | config:741 | [CONFIG] Schema built:
DataSchema: weekly data
  Date: date  |  Response: response_metric_inbound_deals_total
  Media channels: 4
    Google                    -> media_impressions_clara_google (impressions, type=paid_search)
    dv360                     -> media_impressions_clara_dv360 (impressions, type=display)
    linkedin                  -> media_impressions_clara_linkedin (impressions, type=paid_social)
    meta                      -> media_impressions_clara_meta (impressions, type=paid_social)
2026-06-09 12:05:32 | INFO     | pipeline:351 | ======================================================================
2026-06-09 12:05:32 | INFO     | pipeline:352 |   BAYESIAN MARKET MIX MODEL - PRODUCTION PIPELINE (~60+ min (depends on settings))
2026-06-09 12:05:32 | INFO     | pipeline:353 | ======================================================================
2026-06-09 12:05:32 | INFO     | pipeline:354 |   CSV          : wkly_clara_data_31Jul 2.csv
2026-06-09 12:05:32 | INFO     | pipeline:355 |   Response     : response_metric_inbound_deals_total
2026-06-09 12:05:32 | INFO     | pipeline:356 |   Frequency    : weekly | dayfirst=True | holdout=0
2026-06-09 12:05:32 | INFO     | pipeline:357 |   Spend prefix : spends_
2026-06-09 12:05:32 | INFO     | pipeline:358 |   Media cols   : [prefix-based auto]
2026-06-09 12:05:32 | INFO     | pipeline:359 |   Output dir   : Bayesian_Output
2026-06-09 12:05:32 | INFO     | pipeline:360 |   Hierarchical : True | two-timescale adstock: False | synergies: False
2026-06-09 12:05:32 | INFO     | pipeline:361 |   Baseline     : gaussian_random_walk
2026-06-09 12:05:32 | INFO     | pipeline:362 |   Ranking      : lexicographic
2026-06-09 12:05:32 | INFO     | pipeline:363 |   Hybrid fast  : True
2026-06-09 12:05:32 | INFO     | pipeline:364 |   Runtime mode : standard
2026-06-09 12:05:32 | INFO     | pipeline:365 |   Quality gate : accept quality_flag <= 2 | reject_if_all_bad=False
2026-06-09 12:05:32 | INFO     | pipeline:366 |   Skip Stage 0 : False
2026-06-09 12:05:32 | INFO     | pipeline:367 |   Skip MAP     : True
2026-06-09 12:05:32 | INFO     | pipeline:368 |   Use lag      : True  (max=0 periods)
2026-06-09 12:05:32 | INFO     | pipeline:369 |   Time-varying betas : False
2026-06-09 12:05:32 | INFO     | pipeline:370 |   Dynamic saturation: False
2026-06-09 12:05:32 | INFO     | pipeline:371 |   Strict validation : False
2026-06-09 12:05:32 | INFO     | pipeline:372 |   Outlier detection : True
2026-06-09 12:05:32 | INFO     | pipeline:373 |   Stationarity test : True
2026-06-09 12:05:32 | INFO     | pipeline:374 |   Channel priors: custom (4 channels)
2026-06-09 12:05:32 | INFO     | pipeline:375 | ======================================================================
2026-06-09 12:05:32 | INFO     | pipeline:528 | 
[PREP] Loading and preprocessing data...
2026-06-09 12:05:32 | INFO     | data_prep:445 | Loading data from: wkly_clara_data_31Jul 2.csv
2026-06-09 12:05:32 | INFO     | data_prep:494 |   Rows after filter: 84
2026-06-09 12:05:32 | INFO     | data_prep:495 |   Date range: 2024-01-01 00:00:00 -> 2025-08-04 00:00:00
2026-06-09 12:05:32 | WARNING  | data_prep:518 | Response has <=0 values. (auto) Clipped to 0 for log1p/sqrt.
2026-06-09 12:05:32 | WARNING  | data_prep:556 | [DATA_PREP] Detected 2 outlier(s) in the response after transform. Review data quality or enable robust handling.
2026-06-09 12:05:33 | INFO     | data_prep:569 | [DATA_PREP] Stationarity checks: adf_stat=-16.9427, adf_pvalue=0.0000, kpss_stat=0.7403, kpss_pvalue=0.0100
2026-06-09 12:05:33 | INFO     | data_prep:581 |   Response transform: log1p | min=0, max=184, mean=102
2026-06-09 12:05:33 | INFO     | data_prep:612 |   Per-channel variable selections:
2026-06-09 12:05:33 | INFO     | data_prep:614 |     Google                         -> media_impressions_clara_google
2026-06-09 12:05:33 | INFO     | data_prep:614 |     dv360                          -> media_impressions_clara_dv360
2026-06-09 12:05:33 | INFO     | data_prep:614 |     linkedin                       -> media_impressions_clara_linkedin
2026-06-09 12:05:33 | INFO     | data_prep:614 |     meta                           -> media_impressions_clara_meta
2026-06-09 12:05:33 | INFO     | data_prep:630 |   Media columns selected: ['media_impressions_clara_google', 'media_impressions_clara_dv360', 'media_impressions_clara_linkedin', 'media_impressions_clara_meta']
2026-06-09 12:05:33 | WARNING  | data_prep:766 | [DATA_PREP] fourier_order capped: requested 2 but T=84 weekly periods only supports 1 (need ~52 observations per order). Using fourier_order=1.
2026-06-09 12:05:33 | INFO     | data_prep:774 |   Fourier seasonality: frequency=weekly, period=52.18, order=1
2026-06-09 12:05:33 | INFO     | data_prep:811 |   T=84 weekly | C=4 channels | Fourier order=1
2026-06-09 12:05:33 | INFO     | data_prep:837 |   Channel families: ['display', 'search', 'social']
2026-06-09 12:05:33 | INFO     | data_prep:839 |     media_impressions_clara_google      -> search
2026-06-09 12:05:33 | INFO     | data_prep:839 |     media_impressions_clara_dv360       -> display
2026-06-09 12:05:33 | INFO     | data_prep:839 |     media_impressions_clara_linkedin    -> social
2026-06-09 12:05:33 | INFO     | data_prep:839 |     media_impressions_clara_meta        -> social
2026-06-09 12:05:33 | DEBUG    | data_prep:1155 |   [RESET_MASK] 2 restart event(s) across 4 channels (gap threshold = 4 weeks)
2026-06-09 12:05:33 | INFO     | pipeline:532 | [PREP] Done in 0.6s
2026-06-09 12:05:33 | INFO     | priors:295 | [PRIOR-CFG] Validated 4 per-channel prior configs. Channels using defaults: []
2026-06-09 12:05:33 | INFO     | pipeline:559 | 
[HYBRID] Running fast scan pre-step...
2026-06-09 12:05:33 | INFO     | pipeline_stages:63 | [HYBRID-FAST-SCAN] External module not available: No module named 'fast_scan_bo_mmm'
2026-06-09 12:05:33 | INFO     | pipeline_stages:64 | [HYBRID-FAST-SCAN] Using built-in ridge-regression fast scan instead.
2026-06-09 12:05:33 | INFO     | pipeline_stages:795 | ============================================================
2026-06-09 12:05:33 | INFO     | pipeline_stages:796 | BUILT-IN FAST SCAN (Ridge Regression)
2026-06-09 12:05:33 | INFO     | pipeline_stages:797 |   Channels: 4 | Combos: 8 | Max lag: 8
2026-06-09 12:05:33 | INFO     | pipeline_stages:798 | ============================================================
2026-06-09 12:05:33 | INFO     | pipeline_stages:864 |   [1/4] media_impressions_clara_google:
2026-06-09 12:05:33 | INFO     | pipeline_stages:867 |     ★ weibull+hill              MAPE=59.43%
2026-06-09 12:05:33 | INFO     | pipeline_stages:867 |       geometric+hill            MAPE=59.45%
2026-06-09 12:05:33 | INFO     | pipeline_stages:867 |       geometric+logistic        MAPE=59.66%
2026-06-09 12:05:33 | INFO     | pipeline_stages:864 |   [2/4] media_impressions_clara_dv360:
2026-06-09 12:05:33 | INFO     | pipeline_stages:867 |     ★ weibull+softplus          MAPE=56.74%
2026-06-09 12:05:33 | INFO     | pipeline_stages:867 |       geometric+softplus        MAPE=57.39%
2026-06-09 12:05:33 | INFO     | pipeline_stages:867 |       geometric+hill            MAPE=60.83%
2026-06-09 12:05:33 | INFO     | pipeline_stages:864 |   [3/4] media_impressions_clara_linkedin:
2026-06-09 12:05:33 | INFO     | pipeline_stages:867 |     ★ weibull+hill              MAPE=59.68%
2026-06-09 12:05:33 | INFO     | pipeline_stages:867 |       weibull+softplus          MAPE=59.76%
2026-06-09 12:05:33 | INFO     | pipeline_stages:867 |       geometric+hill            MAPE=59.77%
2026-06-09 12:05:33 | INFO     | pipeline_stages:864 |   [4/4] media_impressions_clara_meta:
2026-06-09 12:05:33 | INFO     | pipeline_stages:867 |     ★ weibull+softplus          MAPE=55.75%
2026-06-09 12:05:33 | INFO     | pipeline_stages:867 |       geometric+softplus        MAPE=57.26%
2026-06-09 12:05:33 | INFO     | pipeline_stages:867 |       weibull+hill              MAPE=57.93%
2026-06-09 12:05:33 | INFO     | pipeline_stages:871 | 
  Fast scan complete in 0.1s
2026-06-09 12:05:33 | INFO     | pipeline_stages:872 |   Best combo per channel:
2026-06-09 12:05:33 | INFO     | pipeline_stages:874 |     [0] media_impressions_clara_google -> weibull+hill
2026-06-09 12:05:33 | INFO     | pipeline_stages:874 |     [1] media_impressions_clara_dv360  -> weibull+softplus
2026-06-09 12:05:33 | INFO     | pipeline_stages:874 |     [2] media_impressions_clara_linkedin -> weibull+hill
2026-06-09 12:05:33 | INFO     | pipeline_stages:874 |     [3] media_impressions_clara_meta   -> weibull+softplus
2026-06-09 12:05:33 | INFO     | pipeline_stages:176 | ============================================================
2026-06-09 12:05:33 | INFO     | pipeline_stages:177 | STAGE 0 - MARGINAL CONTRIBUTION SCAN
2026-06-09 12:05:33 | INFO     | pipeline_stages:185 |   Channels: 4 | Total models: 12
2026-06-09 12:05:33 | INFO     | pipeline_stages:186 | ============================================================
2026-06-09 12:05:33 | INFO     | pipeline_stages:257 |   Running 12 Stage-0 fits in parallel (joblib)
2026-06-09 12:09:48 | INFO     | pipeline_stages:283 |     [OK] ch=media_impressions_clara_google weibull+hill         | MAPE= 14.47% | R-hat=1.0000 [est] | divs=0
2026-06-09 12:09:49 | INFO     | pipeline_stages:283 |     [OK] ch=media_impressions_clara_google geometric+hill         | MAPE= 13.65% | R-hat=1.0000 [est] | divs=0
2026-06-09 12:09:49 | INFO     | pipeline_stages:283 |     [OK] ch=media_impressions_clara_google geometric+logistic     | MAPE= 15.26% | R-hat=1.0000 [est] | divs=0
2026-06-09 12:09:49 | INFO     | pipeline_stages:283 |     [OK] ch=media_impressions_clara_dv360 weibull+softplus     | MAPE= 15.00% | R-hat=1.0000 [est] | divs=0
2026-06-09 12:09:49 | INFO     | pipeline_stages:283 |     [OK] ch=media_impressions_clara_dv360 geometric+softplus     | MAPE= 14.66% | R-hat=1.0000 [est] | divs=0
2026-06-09 12:09:49 | INFO     | pipeline_stages:283 |     [OK] ch=media_impressions_clara_dv360 geometric+hill         | MAPE= 14.36% | R-hat=1.0000 [est] | divs=0
2026-06-09 12:09:49 | INFO     | pipeline_stages:283 |     [OK] ch=media_impressions_clara_linkedin weibull+hill         | MAPE= 13.77% | R-hat=1.0000 [est] | divs=0
2026-06-09 12:09:49 | INFO     | pipeline_stages:283 |     [OK] ch=media_impressions_clara_linkedin weibull+softplus     | MAPE= 14.17% | R-hat=1.0000 [est] | divs=0
2026-06-09 12:09:49 | INFO     | pipeline_stages:283 |     [OK] ch=media_impressions_clara_linkedin geometric+hill         | MAPE= 14.72% | R-hat=1.0000 [est] | divs=0
2026-06-09 12:09:49 | INFO     | pipeline_stages:283 |     [OK] ch=media_impressions_clara_meta weibull+softplus     | MAPE= 13.95% | R-hat=1.0000 [est] | divs=0
2026-06-09 12:09:49 | INFO     | pipeline_stages:283 |     [OK] ch=media_impressions_clara_meta geometric+softplus     | MAPE= 14.50% | R-hat=1.0000 [est] | divs=0
2026-06-09 12:09:49 | INFO     | pipeline_stages:283 |     [OK] ch=media_impressions_clara_meta weibull+hill         | MAPE= 13.93% | R-hat=1.0000 [est] | divs=0
2026-06-09 12:09:49 | INFO     | pipeline_stages:302 |   [BEST] media_impressions_clara_google: geometric+hill (MAPE=13.65%)
2026-06-09 12:09:49 | INFO     | pipeline_stages:302 |   [BEST] media_impressions_clara_dv360: geometric+hill (MAPE=14.36%)
2026-06-09 12:09:49 | INFO     | pipeline_stages:302 |   [BEST] media_impressions_clara_linkedin: weibull+hill (MAPE=13.77%)
2026-06-09 12:09:49 | INFO     | pipeline_stages:302 |   [BEST] media_impressions_clara_meta: weibull+hill (MAPE=13.93%)
2026-06-09 12:09:49 | INFO     | pipeline_stages:310 | 
  Stage 0 Summary:
2026-06-09 12:09:49 | INFO     | pipeline_stages:312 |     Channel media_impressions_clara_google -> geometric  + hill
2026-06-09 12:09:49 | INFO     | pipeline_stages:312 |     Channel media_impressions_clara_dv360  -> geometric  + hill
2026-06-09 12:09:49 | INFO     | pipeline_stages:312 |     Channel media_impressions_clara_linkedin -> weibull    + hill
2026-06-09 12:09:49 | INFO     | pipeline_stages:312 |     Channel media_impressions_clara_meta   -> weibull    + hill
2026-06-09 12:09:49 | INFO     | pipeline:78 | [TIMER] stage_0              4.3 min (256.1 s)  [32 models]
2026-06-09 12:09:49 | INFO     | pipeline:612 | [S0] Complete — see timer above
2026-06-09 12:09:49 | INFO     | pipeline:630 | 
[SPECS] Per-channel transform assignments:
2026-06-09 12:09:49 | INFO     | pipeline:632 |   [0] media_impressions_clara_google -> geometric+hill
2026-06-09 12:09:49 | INFO     | pipeline:632 |   [1] media_impressions_clara_dv360  -> geometric+hill
2026-06-09 12:09:49 | INFO     | pipeline:632 |   [2] media_impressions_clara_linkedin -> weibull+hill
2026-06-09 12:09:49 | INFO     | pipeline:632 |   [3] media_impressions_clara_meta   -> weibull+hill
2026-06-09 12:09:49 | INFO     | pipeline:634 | 
[GRID] Building full hyperparameter grid...
2026-06-09 12:09:49 | INFO     | config:329 | Full grid: 48 configurations
2026-06-09 12:09:49 | INFO     | config:361 | Pruned grid: 48 -> 6 unique (lag x fourier_order) combinations
2026-06-09 12:09:49 | INFO     | pipeline:659 | [S1] MAP pre-screen skipped (pruned grid small enough or skip_map=True)
2026-06-09 12:09:49 | INFO     | pipeline_stages:426 | ============================================================
2026-06-09 12:09:49 | INFO     | pipeline_stages:427 | STAGE 1b - FAST MCMC SCAN
2026-06-09 12:09:49 | INFO     | pipeline_stages:430 |   Configs: 6 | Fast mode: 120 draws, 1 chain(s)
2026-06-09 12:09:49 | INFO     | pipeline_stages:431 |   Keeping top-1 for full refit
2026-06-09 12:09:49 | INFO     | pipeline_stages:433 |   Per-channel transforms: ENABLED
2026-06-09 12:09:49 | INFO     | pipeline_stages:434 | ============================================================
2026-06-09 12:09:49 | INFO     | pipeline_stages:440 | 
  [ 1/6] Fast MCMC: lag4_fo1_geometric_softplus_ta95
2026-06-09 12:09:49 | WARNING  | priors:334 | [MODEL_BUILDER] use_hierarchical=True (Case B (single-timescale)): adstock_lam_prior settings for 4 channel(s) are IGNORED: ['media_impressions_clara_google', 'media_impressions_clara_dv360', 'media_impressions_clara_linkedin', 'media_impressions_clara_meta']. In hierarchical mode, adstock decay is controlled by the family-level hl_slow_median hyperprior (priors.families in YAML), not per-channel adstock_lam_prior. To use per-channel adstock priors, set use_hierarchical=False.
2026-06-09 12:09:51 | DEBUG    | model_builder:548 |   Hierarchical geometric adstock (Case B): F=3 families, C=4 channels. Family lam medians: {'display': np.float64(0.707), 'search': np.float64(0.758), 'social': np.float64(0.63)}
2026-06-09 12:11:02 | DEBUG    | model_builder:1433 |   Sampling complete in 70.4s
2026-06-09 12:11:02 | WARNING  | metrics:217 | R-hat cannot be computed with only 1 chain - returning sentinel 1.0. Use chains >= 2 for production runs.
2026-06-09 12:11:05 | INFO     | metrics:1146 |   Temporal CV: 3 folds | mean MAPE=10.96% | mean RMSE=13.33
2026-06-09 12:11:05 | INFO     | pipeline_stages:463 |     [OK] qf=2 | MAPE=13.68% | R2=0.5439 | R-hat=1.0000 [estimated] | divs=0 | wall=70s
2026-06-09 12:11:05 | INFO     | pipeline_stages:440 | 
  [ 2/6] Fast MCMC: lag4_fo2_geometric_softplus_ta95
2026-06-09 12:11:05 | WARNING  | priors:334 | [MODEL_BUILDER] use_hierarchical=True (Case B (single-timescale)): adstock_lam_prior settings for 4 channel(s) are IGNORED: ['media_impressions_clara_google', 'media_impressions_clara_dv360', 'media_impressions_clara_linkedin', 'media_impressions_clara_meta']. In hierarchical mode, adstock decay is controlled by the family-level hl_slow_median hyperprior (priors.families in YAML), not per-channel adstock_lam_prior. To use per-channel adstock priors, set use_hierarchical=False.
2026-06-09 12:11:05 | DEBUG    | model_builder:548 |   Hierarchical geometric adstock (Case B): F=3 families, C=4 channels. Family lam medians: {'display': np.float64(0.707), 'search': np.float64(0.758), 'social': np.float64(0.63)}
2026-06-09 12:11:37 | DEBUG    | model_builder:1433 |   Sampling complete in 32.4s
2026-06-09 12:11:37 | WARNING  | metrics:217 | R-hat cannot be computed with only 1 chain - returning sentinel 1.0. Use chains >= 2 for production runs.
2026-06-09 12:11:38 | INFO     | metrics:1146 |   Temporal CV: 3 folds | mean MAPE=10.96% | mean RMSE=13.33
2026-06-09 12:11:38 | INFO     | pipeline_stages:463 |     [OK] qf=2 | MAPE=13.68% | R2=0.5439 | R-hat=1.0000 [estimated] | divs=0 | wall=32s
2026-06-09 12:11:38 | INFO     | pipeline_stages:440 | 
  [ 3/6] Fast MCMC: lag8_fo1_geometric_softplus_ta95
2026-06-09 12:11:38 | WARNING  | priors:334 | [MODEL_BUILDER] use_hierarchical=True (Case B (single-timescale)): adstock_lam_prior settings for 4 channel(s) are IGNORED: ['media_impressions_clara_google', 'media_impressions_clara_dv360', 'media_impressions_clara_linkedin', 'media_impressions_clara_meta']. In hierarchical mode, adstock decay is controlled by the family-level hl_slow_median hyperprior (priors.families in YAML), not per-channel adstock_lam_prior. To use per-channel adstock priors, set use_hierarchical=False.
2026-06-09 12:11:38 | DEBUG    | model_builder:548 |   Hierarchical geometric adstock (Case B): F=3 families, C=4 channels. Family lam medians: {'display': np.float64(0.707), 'search': np.float64(0.758), 'social': np.float64(0.63)}
2026-06-09 12:11:52 | DEBUG    | model_builder:1433 |   Sampling complete in 14.3s
2026-06-09 12:11:52 | WARNING  | metrics:217 | R-hat cannot be computed with only 1 chain - returning sentinel 1.0. Use chains >= 2 for production runs.
2026-06-09 12:11:52 | INFO     | metrics:1146 |   Temporal CV: 3 folds | mean MAPE=9.80% | mean RMSE=12.17
2026-06-09 12:11:52 | INFO     | pipeline_stages:463 |     [OK] qf=2 | MAPE=12.69% | R2=0.5849 | R-hat=1.0000 [estimated] | divs=0 | wall=14s
2026-06-09 12:11:52 | INFO     | pipeline_stages:440 | 
  [ 4/6] Fast MCMC: lag8_fo2_geometric_softplus_ta95
2026-06-09 12:11:52 | WARNING  | priors:334 | [MODEL_BUILDER] use_hierarchical=True (Case B (single-timescale)): adstock_lam_prior settings for 4 channel(s) are IGNORED: ['media_impressions_clara_google', 'media_impressions_clara_dv360', 'media_impressions_clara_linkedin', 'media_impressions_clara_meta']. In hierarchical mode, adstock decay is controlled by the family-level hl_slow_median hyperprior (priors.families in YAML), not per-channel adstock_lam_prior. To use per-channel adstock priors, set use_hierarchical=False.
2026-06-09 12:11:52 | DEBUG    | model_builder:548 |   Hierarchical geometric adstock (Case B): F=3 families, C=4 channels. Family lam medians: {'display': np.float64(0.707), 'search': np.float64(0.758), 'social': np.float64(0.63)}
2026-06-09 12:12:06 | DEBUG    | model_builder:1433 |   Sampling complete in 13.0s
2026-06-09 12:12:06 | WARNING  | metrics:217 | R-hat cannot be computed with only 1 chain - returning sentinel 1.0. Use chains >= 2 for production runs.
2026-06-09 12:12:06 | INFO     | metrics:1146 |   Temporal CV: 3 folds | mean MAPE=9.80% | mean RMSE=12.17
2026-06-09 12:12:06 | INFO     | pipeline_stages:463 |     [OK] qf=2 | MAPE=12.69% | R2=0.5849 | R-hat=1.0000 [estimated] | divs=0 | wall=13s
2026-06-09 12:12:06 | INFO     | pipeline_stages:440 | 
  [ 5/6] Fast MCMC: lag13_fo1_geometric_softplus_ta95
2026-06-09 12:12:06 | WARNING  | priors:334 | [MODEL_BUILDER] use_hierarchical=True (Case B (single-timescale)): adstock_lam_prior settings for 4 channel(s) are IGNORED: ['media_impressions_clara_google', 'media_impressions_clara_dv360', 'media_impressions_clara_linkedin', 'media_impressions_clara_meta']. In hierarchical mode, adstock decay is controlled by the family-level hl_slow_median hyperprior (priors.families in YAML), not per-channel adstock_lam_prior. To use per-channel adstock priors, set use_hierarchical=False.
2026-06-09 12:12:06 | DEBUG    | model_builder:548 |   Hierarchical geometric adstock (Case B): F=3 families, C=4 channels. Family lam medians: {'display': np.float64(0.707), 'search': np.float64(0.758), 'social': np.float64(0.63)}
2026-06-09 12:12:24 | DEBUG    | model_builder:1433 |   Sampling complete in 17.6s
2026-06-09 12:12:24 | WARNING  | metrics:217 | R-hat cannot be computed with only 1 chain - returning sentinel 1.0. Use chains >= 2 for production runs.
2026-06-09 12:12:24 | INFO     | metrics:1146 |   Temporal CV: 3 folds | mean MAPE=9.77% | mean RMSE=11.94
2026-06-09 12:12:24 | INFO     | pipeline_stages:463 |     [OK] qf=2 | MAPE=12.78% | R2=0.5812 | R-hat=1.0000 [estimated] | divs=0 | wall=18s
2026-06-09 12:12:24 | INFO     | pipeline_stages:440 | 
  [ 6/6] Fast MCMC: lag13_fo2_geometric_softplus_ta95
2026-06-09 12:12:24 | WARNING  | priors:334 | [MODEL_BUILDER] use_hierarchical=True (Case B (single-timescale)): adstock_lam_prior settings for 4 channel(s) are IGNORED: ['media_impressions_clara_google', 'media_impressions_clara_dv360', 'media_impressions_clara_linkedin', 'media_impressions_clara_meta']. In hierarchical mode, adstock decay is controlled by the family-level hl_slow_median hyperprior (priors.families in YAML), not per-channel adstock_lam_prior. To use per-channel adstock priors, set use_hierarchical=False.
2026-06-09 12:12:24 | DEBUG    | model_builder:548 |   Hierarchical geometric adstock (Case B): F=3 families, C=4 channels. Family lam medians: {'display': np.float64(0.707), 'search': np.float64(0.758), 'social': np.float64(0.63)}
2026-06-09 12:12:38 | DEBUG    | model_builder:1433 |   Sampling complete in 13.8s
2026-06-09 12:12:38 | WARNING  | metrics:217 | R-hat cannot be computed with only 1 chain - returning sentinel 1.0. Use chains >= 2 for production runs.
2026-06-09 12:12:38 | INFO     | metrics:1146 |   Temporal CV: 3 folds | mean MAPE=9.77% | mean RMSE=11.94
2026-06-09 12:12:38 | INFO     | pipeline_stages:463 |     [OK] qf=2 | MAPE=12.78% | R2=0.5812 | R-hat=1.0000 [estimated] | divs=0 | wall=14s
2026-06-09 12:12:38 | WARNING  | pipeline_stages:493 | [S1b] No models passed quality_flag <= 1. Falling back to top-K by ranking.
2026-06-09 12:12:38 | INFO     | pipeline_stages:502 | 
  Top-1 survivors for full refit:
2026-06-09 12:12:38 | INFO     | pipeline_stages:507 |     1. lag8_fo1_geometric_softplus_ta95                        | MAPE=12.69% | R-hat=1.0000 | LOO=N/A
2026-06-09 12:12:38 | INFO     | pipeline:78 | [TIMER] stage_1b_mcmc        2.8 min (169.2 s)  [6 models]
2026-06-09 12:12:38 | INFO     | pipeline_stages:544 | ============================================================
2026-06-09 12:12:38 | INFO     | pipeline_stages:545 | STAGE 2 - FULL REFIT
2026-06-09 12:12:38 | INFO     | pipeline_stages:546 |   Models to refit: 1 | Full settings: 2000 draws, 2 chain(s)
2026-06-09 12:12:38 | INFO     | pipeline_stages:548 |   Per-channel transforms: ENABLED
2026-06-09 12:12:38 | INFO     | pipeline_stages:550 |     [0] media_impressions_clara_google -> geometric+hill
2026-06-09 12:12:38 | INFO     | pipeline_stages:550 |     [1] media_impressions_clara_dv360  -> geometric+hill
2026-06-09 12:12:38 | INFO     | pipeline_stages:550 |     [2] media_impressions_clara_linkedin -> weibull+hill
2026-06-09 12:12:38 | INFO     | pipeline_stages:550 |     [3] media_impressions_clara_meta   -> weibull+hill
2026-06-09 12:12:38 | INFO     | pipeline_stages:551 | ============================================================
2026-06-09 12:12:38 | INFO     | pipeline_stages:569 | 
  [1/1] Full refit: lag8_fo1_geometric_softplus_ta95
2026-06-09 12:12:38 | WARNING  | priors:334 | [MODEL_BUILDER] use_hierarchical=True (Case B (single-timescale)): adstock_lam_prior settings for 4 channel(s) are IGNORED: ['media_impressions_clara_google', 'media_impressions_clara_dv360', 'media_impressions_clara_linkedin', 'media_impressions_clara_meta']. In hierarchical mode, adstock decay is controlled by the family-level hl_slow_median hyperprior (priors.families in YAML), not per-channel adstock_lam_prior. To use per-channel adstock priors, set use_hierarchical=False.
2026-06-09 12:12:38 | DEBUG    | model_builder:548 |   Hierarchical geometric adstock (Case B): F=3 families, C=4 channels. Family lam medians: {'display': np.float64(0.707), 'search': np.float64(0.758), 'social': np.float64(0.63)}
2026-06-09 12:13:14 | DEBUG    | model_builder:1433 |   Sampling complete in 35.8s
2026-06-09 12:13:16 | INFO     | metrics:1146 |   Temporal CV: 3 folds | mean MAPE=9.79% | mean RMSE=11.98
2026-06-09 12:13:16 | INFO     | pipeline_stages:590 |     [OK] qf=2 | MAPE=12.74% | R2=0.5818 | R-hat=1.0157 | divs=0 | LOO=-41.53 | ESS=157 | wall=36s
2026-06-09 12:13:16 | INFO     | pipeline_stages:647 | 
  == Per-Channel Transform Summary ==
2026-06-09 12:13:16 | INFO     | pipeline_stages:650 |                          channel   adstock saturation  use_lag  lag_mode  lam_mean  alpha_sat_mean  beta_mean
  media_impressions_clara_google geometric       hill    False       NaN       NaN          2.6948        NaN
   media_impressions_clara_dv360 geometric       hill    False       NaN       NaN          3.7536        NaN
media_impressions_clara_linkedin   weibull       hill    False       NaN    3.2262          2.7208        NaN
    media_impressions_clara_meta   weibull       hill    False       NaN    3.0667          2.8936        NaN
2026-06-09 12:13:16 | INFO     | pipeline_stages:656 | 
  [BEST] BEST MODEL: lag8_fo1_geometric_softplus_ta95
2026-06-09 12:13:16 | INFO     | pipeline_stages:657 |     MAPE       : 12.7404%
2026-06-09 12:13:16 | INFO     | pipeline_stages:658 |     R2         : 0.5818
2026-06-09 12:13:16 | INFO     | pipeline_stages:659 |     Pearson r  : 0.8412
2026-06-09 12:13:16 | INFO     | pipeline_stages:660 |     Max R-hat  : 1.01573
2026-06-09 12:13:16 | INFO     | pipeline_stages:661 |     ESS bulk   : 157
2026-06-09 12:13:16 | INFO     | pipeline_stages:662 |     ESS tail   : 208
2026-06-09 12:13:16 | INFO     | pipeline_stages:663 |     Divergences: 0
2026-06-09 12:13:16 | INFO     | pipeline_stages:664 |     LOO-IC     : -41.5265
2026-06-09 12:13:16 | INFO     | pipeline_stages:665 |     WAIC       : -40.9165
2026-06-09 12:13:16 | INFO     | pipeline:78 | [TIMER] stage_2_full         0.6 min (37.3 s)  [1 models]
2026-06-09 12:13:16 | INFO     | pipeline:692 | 
[ANALYSIS] Computing channel contributions...
2026-06-09 12:13:16 | INFO     | pipeline:697 | 
  Channel Contribution Summary:
2026-06-09 12:13:16 | INFO     | pipeline:698 |                          channel  mean_share_pct  roi_proxy  hdi_90_low  hdi_90_high
  media_impressions_clara_google         38.3466   0.034348    0.269405    61.536177
    media_impressions_clara_meta         25.1153   0.071218    4.476105    38.666749
media_impressions_clara_linkedin         19.2098   0.157165    0.001314    43.599558
   media_impressions_clara_dv360         17.3283   0.097157    3.058891    25.986019
2026-06-09 12:13:16 | INFO     | pipeline:702 | 
  Component Contribution Summary:
2026-06-09 12:13:16 | INFO     | pipeline:703 |   component     group  share_abs_pct  mean_effect
media_total     media      52.634968     0.620004
   baseline non_media      44.682970    -0.526328
seasonality non_media       2.682062     0.021608
2026-06-09 12:13:16 | INFO     | pipeline:78 | [TIMER] analysis             0.0 min (0.1 s)
2026-06-09 12:13:16 | INFO     | pipeline:719 | 
======================================================================
2026-06-09 12:13:16 | INFO     | pipeline:720 |   PIPELINE COMPLETE
2026-06-09 12:13:16 | INFO     | pipeline:721 | ======================================================================
2026-06-09 12:13:16 | INFO     | pipeline:722 |   Total wall time   : 7.7 minutes
2026-06-09 12:13:16 | INFO     | pipeline:723 |   Best model key    : lag8_fo1_geometric_softplus_ta95
2026-06-09 12:13:16 | INFO     | pipeline:724 |   Fourier order     : 1
2026-06-09 12:13:16 | INFO     | pipeline:725 |   Max adstock lag   : 8
2026-06-09 12:13:16 | INFO     | pipeline:727 |   Lag transform     : enabled (max=0 periods)
2026-06-09 12:13:16 | INFO     | pipeline:728 |   Quality flag      : 2 (0=best, 2=poor)
2026-06-09 12:13:16 | INFO     | pipeline:729 |   MAPE              : 12.7404%
2026-06-09 12:13:16 | INFO     | pipeline:730 |   R2                : 0.5818
2026-06-09 12:13:16 | INFO     | pipeline:731 |   Pearson r         : 0.8412
2026-06-09 12:13:16 | INFO     | pipeline:732 |   Max R-hat         : 1.01573
2026-06-09 12:13:16 | INFO     | pipeline:733 |   ESS bulk (min)    : 157
2026-06-09 12:13:16 | INFO     | pipeline:734 |   ESS tail (min)    : 208
2026-06-09 12:13:16 | INFO     | pipeline:735 |   Divergences       : 0
2026-06-09 12:13:16 | INFO     | pipeline:736 |   LOO-IC            : -41.5265 +/- 13.9664
2026-06-09 12:13:16 | INFO     | pipeline:737 |   WAIC              : -40.9165
2026-06-09 12:13:16 | INFO     | pipeline:741 | 
[PLOTS] Generating diagnostic plots...
2026-06-09 12:13:16 | INFO     | plots:1121 | Generating plots...
2026-06-09 12:13:16 | INFO     | plots:50 |   Saved: Bayesian_Output\01_actual_vs_fitted.png
2026-06-09 12:13:17 | INFO     | plots:50 |   Saved: Bayesian_Output\02_media_contributions.png
2026-06-09 12:13:17 | INFO     | plots:50 |   Saved: Bayesian_Output\03_channel_share.png
2026-06-09 12:13:18 | INFO     | plots:50 |   Saved: Bayesian_Output\04_convergence_diagnostics.png
2026-06-09 12:13:18 | INFO     | plots:50 |   Saved: Bayesian_Output\05_posterior_betas.png
2026-06-09 12:13:18 | INFO     | plots:50 |   Saved: Bayesian_Output\06_component_share.png
2026-06-09 12:13:19 | INFO     | plots:50 |   Saved: Bayesian_Output\07_az_trace.png
2026-06-09 12:13:19 | WARNING  | priors:334 | [MODEL_BUILDER] use_hierarchical=True (Case B (single-timescale)): adstock_lam_prior settings for 4 channel(s) are IGNORED: ['media_impressions_clara_google', 'media_impressions_clara_dv360', 'media_impressions_clara_linkedin', 'media_impressions_clara_meta']. In hierarchical mode, adstock decay is controlled by the family-level hl_slow_median hyperprior (priors.families in YAML), not per-channel adstock_lam_prior. To use per-channel adstock priors, set use_hierarchical=False.
2026-06-09 12:13:19 | DEBUG    | model_builder:548 |   Hierarchical geometric adstock (Case B): F=3 families, C=4 channels. Family lam medians: {'display': np.float64(0.707), 'search': np.float64(0.758), 'social': np.float64(0.63)}
2026-06-09 12:13:21 | INFO     | plots:50 |   Saved: Bayesian_Output\08_ppc.png
2026-06-09 12:13:21 | INFO     | plots:50 |   Saved: Bayesian_Output\09_full_contribution_bar.png
2026-06-09 12:13:22 | INFO     | plots:883 |   Saved: Bayesian_Output\01_actual_vs_fitted_interactive.html
2026-06-09 12:13:22 | INFO     | plots:931 |   Saved: Bayesian_Output\02_media_contributions_interactive.html
2026-06-09 12:13:22 | INFO     | plots:998 |   Saved: Bayesian_Output\03_channel_share_interactive.html
2026-06-09 12:13:22 | INFO     | plots:1043 |   Saved: Bayesian_Output\06_component_share_interactive.html
2026-06-09 12:13:22 | INFO     | plots:1105 |   Saved: Bayesian_Output\dashboard.html  ← open this for all charts on one page
2026-06-09 12:13:22 | INFO     | plots:1147 |   All plots saved to: Bayesian_Output
2026-06-09 12:13:22 | INFO     | pipeline:78 | [TIMER] plots                0.1 min (6.0 s)
2026-06-09 12:13:22 | INFO     | pipeline:746 | 
[EXPORT] Writing output files...
2026-06-09 12:13:22 | INFO     | export:737 | Exporting results...
2026-06-09 12:13:22 | INFO     | export:798 |   Saved: Bayesian_Output\model_results\best_model.json
2026-06-09 12:13:22 | INFO     | export:809 |   Saved: Bayesian_Output\model_results\scan_stage0.csv
2026-06-09 12:13:22 | INFO     | export:809 |   Saved: Bayesian_Output\model_results\scan_stage1b.csv
2026-06-09 12:13:22 | INFO     | export:809 |   Saved: Bayesian_Output\model_results\scan_stage2.csv
2026-06-09 12:13:22 | INFO     | export:814 |   Saved: Bayesian_Output\model_results\channel_contributions.csv
2026-06-09 12:13:22 | INFO     | export:825 |   Saved: Bayesian_Output\model_results\component_contributions.csv
2026-06-09 12:13:22 | INFO     | export:831 |   Saved: Bayesian_Output\model_results\channel_transform_summary.csv
2026-06-09 12:13:22 | INFO     | export:884 |   Saved: Bayesian_Output\model_results\media_share_weekly.csv
2026-06-09 12:13:22 | INFO     | export:922 |   Saved: Bayesian_Output\model_results\actual_vs_predicted.csv
2026-06-09 12:13:22 | INFO     | export:927 |   Saved: Bayesian_Output\model_results\weekly_decomposition.csv
2026-06-09 12:13:23 | INFO     | export:941 |   Saved: Bayesian_Output\model_results\az_summary.csv
2026-06-09 12:13:23 | INFO     | export:962 |   Saved: Bayesian_Output\model_results\model_summary.txt
2026-06-09 12:13:23 | INFO     | export:966 |   All exports complete -> Bayesian_Output\model_results
2026-06-09 12:13:23 | INFO     | priors:600 |   Saved: Bayesian_Output\model_results\return_index.csv
2026-06-09 12:13:23 | INFO     | priors:617 |   Saved: Bayesian_Output\model_results\return_index.xlsx
2026-06-09 12:13:23 | INFO     | export:976 |   Return index summary:
                      channel_id modeled_metric  mean_return_index  mean_return_index_spend  lower_bound  upper_bound  mean_contribution_signups  mean_weekly_metric_value  mean_weekly_spend
media_impressions_clara_linkedin    Impressions             0.1572                  13.6274       0.0011       0.5534                    17.1912                 109383.33            1261.51
   media_impressions_clara_dv360    Impressions             0.0972                  60.6139       0.0231       0.2211                    14.2639                 146812.73             235.32
    media_impressions_clara_meta    Impressions             0.0712                  12.0536       0.0107       0.1504                    20.8700                 293042.37            1731.43
  media_impressions_clara_google    Impressions             0.0343                   3.5790       0.0026       0.0752                    33.6800                 980558.85            9410.40
2026-06-09 12:13:23 | INFO     | priors:653 |   Saved: Bayesian_Output\model_results\channel_prior_config.csv
2026-06-09 12:13:23 | INFO     | export:998 |   Saved: Bayesian_Output\model_results\stage_timings.csv
2026-06-09 12:13:25 | INFO     | export:288 |   Saved: Bayesian_Output\model_results\model_results.xlsx
2026-06-09 12:13:25 | INFO     | pipeline:78 | [TIMER] export               0.0 min (2.8 s)
2026-06-09 12:13:25 | INFO     | pipeline:121 | [STATE] Saving posterior trace...
2026-06-09 12:13:27 | INFO     | pipeline:123 |   trace.nc  — 28.5 MB
2026-06-09 12:13:27 | INFO     | pipeline:131 |   prep.pkl  — 0.0 MB
2026-06-09 12:13:27 | INFO     | pipeline:165 |   best_cfg.json saved
2026-06-09 12:13:27 | INFO     | pipeline:769 | 
[STATE] Model state saved. Run post-pipeline analysis when ready:
  optimisation: section detected in YAML — run standalone scripts to apply it:
  python analyze.py curves    --config <yaml>   <- response curves
  python analyze.py optimise  --config <yaml>   <- forward budget optimisation
  python analyze.py reverse   --config <yaml>   <- reverse optimisation
  python analyze.py scenarios --config <yaml>   <- scenario comparison
  python analyze.py report    --config <yaml>   <- full HTML report
  python analyze.py all       --config <yaml>   <- run everything
2026-06-09 12:16:48 | INFO     | pipeline:196 | [LOAD] trace.nc  <- Bayesian_Output\trace.nc
2026-06-09 12:16:49 | INFO     | pipeline:199 | [LOAD] prep.pkl  <- Bayesian_Output\prep.pkl
2026-06-09 12:16:49 | DEBUG    | optimisation:2152 |   [CPP] Loaded source CSV: wkly_clara_data_31Jul 2.csv
2026-06-09 12:16:49 | INFO     | optimisation:2216 |   [CPP] media_impressions_clara_google            Impressions      CPM (GBP / 1000 imps) = 9.596978  [computed from data]
2026-06-09 12:16:49 | INFO     | optimisation:2216 |   [CPP] media_impressions_clara_dv360             Impressions      CPM (GBP / 1000 imps) = 1.602880  [computed from data]
2026-06-09 12:16:49 | INFO     | optimisation:2216 |   [CPP] media_impressions_clara_linkedin          Impressions      CPM (GBP / 1000 imps) = 11.532971  [computed from data]
2026-06-09 12:16:49 | INFO     | optimisation:2216 |   [CPP] media_impressions_clara_meta              Impressions      CPM (GBP / 1000 imps) = 5.908476  [computed from data]
2026-06-09 12:16:49 | INFO     | analyze:99 | 
  Channel metric types and cost-per-unit rates:
  Channel                                       Metric           Rate
  --------------------------------------------------------------------------------
  media_impressions_clara_google                Impressions      9.596978  (CPM (GBP / 1000 imps))
  media_impressions_clara_dv360                 Impressions      1.602880  (CPM (GBP / 1000 imps))
  media_impressions_clara_linkedin              Impressions      11.532971  (CPM (GBP / 1000 imps))
  media_impressions_clara_meta                  Impressions      5.908476  (CPM (GBP / 1000 imps))
2026-06-09 12:16:49 | INFO     | analyze:623 | 
[SEQUENTIAL] Scenario 1: Current Spend | type=forward | n_months=1 | budget=£50,555
2026-06-09 12:16:49 | INFO     | optimisation:455 |   [CALIB] media_impressions_clara_google: trace=0.23359  sim=0.14264  calib=1.63760
2026-06-09 12:16:49 | INFO     | optimisation:455 |   [CALIB] media_impressions_clara_dv360: trace=0.12021  sim=0.01951  calib=6.16179
2026-06-09 12:16:49 | INFO     | optimisation:455 |   [CALIB] media_impressions_clara_linkedin: trace=0.10181  sim=0.04521  calib=2.25211
2026-06-09 12:16:49 | INFO     | optimisation:455 |   [CALIB] media_impressions_clara_meta: trace=0.16439  sim=0.30947  calib=0.53118
2026-06-09 12:16:49 | INFO     | optimisation:374 |   [RSCALE] mu_base_z=-0.5047  y_base=70.28  rscale=40.3375  (y_std x (y_base+1))
2026-06-09 12:16:49 | INFO     | optimisation:1839 |   [SEQ-OPT] n_months=1  n_ppm=4  total=£50,554.69  monthly=£50,554.69  round_budget_pct=0.020
2026-06-09 12:16:49 | INFO     | optimisation:1976 |   [SEQ-OPT] month=1  opt=152.94  bau=138.67  curr=138.67
2026-06-09 12:16:49 | INFO     | optimisation:2051 |   [SEQ-OPT] opt=152.9409  bau=138.6686  current=138.6686  uplift_vs_bau=+10.3%
2026-06-09 12:16:49 | INFO     | analyze:657 |   Saved: seq_Current_Spend_summary/channels/monthly.csv
2026-06-09 12:16:49 | INFO     | analyze:623 | 
[SEQUENTIAL] Scenario 2: Budget +20% | type=forward | n_months=1 | budget=£60,666
2026-06-09 12:16:49 | INFO     | optimisation:455 |   [CALIB] media_impressions_clara_google: trace=0.23359  sim=0.14264  calib=1.63760
2026-06-09 12:16:49 | INFO     | optimisation:455 |   [CALIB] media_impressions_clara_dv360: trace=0.12021  sim=0.01951  calib=6.16179
2026-06-09 12:16:49 | INFO     | optimisation:455 |   [CALIB] media_impressions_clara_linkedin: trace=0.10181  sim=0.04521  calib=2.25211
2026-06-09 12:16:49 | INFO     | optimisation:455 |   [CALIB] media_impressions_clara_meta: trace=0.16439  sim=0.30947  calib=0.53118
2026-06-09 12:16:49 | INFO     | optimisation:374 |   [RSCALE] mu_base_z=-0.5047  y_base=70.28  rscale=40.3375  (y_std x (y_base+1))
2026-06-09 12:16:49 | INFO     | optimisation:1839 |   [SEQ-OPT] n_months=1  n_ppm=4  total=£60,665.63  monthly=£60,665.63  round_budget_pct=0.020
2026-06-09 12:16:50 | INFO     | optimisation:1976 |   [SEQ-OPT] month=1  opt=170.50  bau=165.38  curr=138.67
2026-06-09 12:16:50 | INFO     | optimisation:2051 |   [SEQ-OPT] opt=170.5015  bau=165.3788  current=138.6686  uplift_vs_bau=+3.1%
2026-06-09 12:16:50 | INFO     | analyze:657 |   Saved: seq_Budget_plus20pct_summary/channels/monthly.csv
2026-06-09 12:16:50 | INFO     | analyze:623 | 
[SEQUENTIAL] Scenario 3: Budget -20% | type=forward | n_months=1 | budget=£40,444
2026-06-09 12:16:50 | INFO     | optimisation:455 |   [CALIB] media_impressions_clara_google: trace=0.23359  sim=0.14264  calib=1.63760
2026-06-09 12:16:50 | INFO     | optimisation:455 |   [CALIB] media_impressions_clara_dv360: trace=0.12021  sim=0.01951  calib=6.16179
2026-06-09 12:16:50 | INFO     | optimisation:455 |   [CALIB] media_impressions_clara_linkedin: trace=0.10181  sim=0.04521  calib=2.25211
2026-06-09 12:16:50 | INFO     | optimisation:455 |   [CALIB] media_impressions_clara_meta: trace=0.16439  sim=0.30947  calib=0.53118
2026-06-09 12:16:50 | INFO     | optimisation:374 |   [RSCALE] mu_base_z=-0.5047  y_base=70.28  rscale=40.3375  (y_std x (y_base+1))
2026-06-09 12:16:50 | INFO     | optimisation:1839 |   [SEQ-OPT] n_months=1  n_ppm=4  total=£40,443.76  monthly=£40,443.76  round_budget_pct=0.020
2026-06-09 12:16:50 | INFO     | optimisation:1976 |   [SEQ-OPT] month=1  opt=125.84  bau=106.97  curr=138.67
2026-06-09 12:16:50 | INFO     | optimisation:2051 |   [SEQ-OPT] opt=125.8449  bau=106.9651  current=138.6686  uplift_vs_bau=+17.6%
2026-06-09 12:16:50 | INFO     | analyze:657 |   Saved: seq_Budget_20pct_summary/channels/monthly.csv
2026-06-09 12:16:50 | INFO     | analyze:671 |   Saved: sequential_opt/optimisation_scenarios.csv
2026-06-09 12:16:51 | INFO     | analyze:901 |   [SEQUENTIAL] Excel written: Bayesian_Output\sequential_results.xlsx
2026-06-09 12:16:51 | INFO     | export:707 |   Written Optimisation_Scenarios tab to model_results.xlsx
2026-06-09 12:16:51 | INFO     | analyze:687 |   Written Optimisation_Scenarios tab to model_results.xlsx
2026-06-09 12:16:51 | INFO     | analyze:694 | [SEQUENTIAL] Done.
2026-06-09 12:17:24 | INFO     | analyze:910 | ============================================================
2026-06-09 12:17:24 | INFO     | analyze:911 |   FULL ANALYSIS (curves → sequential → scenarios → report)
2026-06-09 12:17:24 | INFO     | analyze:912 | ============================================================
2026-06-09 12:17:24 | INFO     | analyze:919 | 
──────────────────────────────────────────────────
  Response Curves
──────────────────────────────────────────────────
2026-06-09 12:17:28 | INFO     | pipeline:196 | [LOAD] trace.nc  <- Bayesian_Output\trace.nc
2026-06-09 12:17:29 | INFO     | pipeline:199 | [LOAD] prep.pkl  <- Bayesian_Output\prep.pkl
2026-06-09 12:17:29 | DEBUG    | optimisation:2152 |   [CPP] Loaded source CSV: wkly_clara_data_31Jul 2.csv
2026-06-09 12:17:29 | INFO     | optimisation:2216 |   [CPP] media_impressions_clara_google            Impressions      CPM (GBP / 1000 imps) = 9.596978  [computed from data]
2026-06-09 12:17:29 | INFO     | optimisation:2216 |   [CPP] media_impressions_clara_dv360             Impressions      CPM (GBP / 1000 imps) = 1.602880  [computed from data]
2026-06-09 12:17:29 | INFO     | optimisation:2216 |   [CPP] media_impressions_clara_linkedin          Impressions      CPM (GBP / 1000 imps) = 11.532971  [computed from data]
2026-06-09 12:17:29 | INFO     | optimisation:2216 |   [CPP] media_impressions_clara_meta              Impressions      CPM (GBP / 1000 imps) = 5.908476  [computed from data]
2026-06-09 12:17:29 | INFO     | analyze:99 | 
  Channel metric types and cost-per-unit rates:
  Channel                                       Metric           Rate
  --------------------------------------------------------------------------------
  media_impressions_clara_google                Impressions      9.596978  (CPM (GBP / 1000 imps))
  media_impressions_clara_dv360                 Impressions      1.602880  (CPM (GBP / 1000 imps))
  media_impressions_clara_linkedin              Impressions      11.532971  (CPM (GBP / 1000 imps))
  media_impressions_clara_meta                  Impressions      5.908476  (CPM (GBP / 1000 imps))
2026-06-09 12:17:30 | INFO     | analyze:159 | 
[CURVES] Computing instantaneous response curves...
2026-06-09 12:17:30 | INFO     | analysis:732 |   [RC:instantaneous] media_impressions_clara_google max_signups=32.40 @ GBP 100,321
2026-06-09 12:17:30 | INFO     | analysis:732 |   [RC:instantaneous] media_impressions_clara_dv360  max_signups=16.52 @ GBP 1,389
2026-06-09 12:17:30 | INFO     | analysis:732 |   [RC:instantaneous] media_impressions_clara_linkedin max_signups=37.00 @ GBP 9,065
2026-06-09 12:17:30 | INFO     | analysis:732 |   [RC:instantaneous] media_impressions_clara_meta   max_signups=43.36 @ GBP 9,358
2026-06-09 12:17:30 | INFO     | analysis:738 |   Response curves computed for 4 channels x 100 spend points.
2026-06-09 12:17:30 | INFO     | analyze:163 |   Saved: Bayesian_Output\response_curves\response_curves_instantaneous.csv
2026-06-09 12:17:32 | INFO     | analysis:1349 |   Saved: Bayesian_Output\response_curves\instantaneous\response_curves.png
2026-06-09 12:17:33 | INFO     | analysis:1432 |   Saved: Bayesian_Output\response_curves\instantaneous\response_curve_media_impressions_clara_google.png
2026-06-09 12:17:34 | INFO     | analysis:1432 |   Saved: Bayesian_Output\response_curves\instantaneous\response_curve_media_impressions_clara_dv360.png
2026-06-09 12:17:34 | INFO     | analysis:1432 |   Saved: Bayesian_Output\response_curves\instantaneous\response_curve_media_impressions_clara_linkedin.png
2026-06-09 12:17:35 | INFO     | analysis:1432 |   Saved: Bayesian_Output\response_curves\instantaneous\response_curve_media_impressions_clara_meta.png
2026-06-09 12:17:35 | INFO     | analyze:169 | 
[CURVES] Computing steady-state response curves...
2026-06-09 12:17:35 | INFO     | analysis:732 |   [RC:steady_state] media_impressions_clara_google max_signups=41.68 @ GBP 100,321
2026-06-09 12:17:35 | INFO     | analysis:732 |   [RC:steady_state] media_impressions_clara_dv360  max_signups=37.40 @ GBP 1,389
2026-06-09 12:17:35 | INFO     | analysis:732 |   [RC:steady_state] media_impressions_clara_linkedin max_signups=37.00 @ GBP 9,065
2026-06-09 12:17:35 | INFO     | analysis:732 |   [RC:steady_state] media_impressions_clara_meta   max_signups=43.36 @ GBP 9,358
2026-06-09 12:17:35 | INFO     | analysis:738 |   Response curves computed for 4 channels x 100 spend points.
2026-06-09 12:17:35 | INFO     | analysis:732 |   [RC:steady_state] media_impressions_clara_google max_signups=41.68 @ GBP 100,321
2026-06-09 12:17:35 | INFO     | analysis:732 |   [RC:steady_state] media_impressions_clara_dv360  max_signups=37.40 @ GBP 1,389
2026-06-09 12:17:35 | INFO     | analysis:732 |   [RC:steady_state] media_impressions_clara_linkedin max_signups=37.00 @ GBP 9,065
2026-06-09 12:17:35 | INFO     | analysis:732 |   [RC:steady_state] media_impressions_clara_meta   max_signups=43.36 @ GBP 9,358
2026-06-09 12:17:35 | INFO     | analysis:738 |   Response curves computed for 4 channels x 101 spend points.
2026-06-09 12:17:35 | INFO     | analysis:777 |   Marginal ROI curves computed.
2026-06-09 12:17:35 | INFO     | analysis:732 |   [RC:steady_state] media_impressions_clara_google max_signups=43.18 @ GBP 334,403
2026-06-09 12:17:35 | INFO     | analysis:732 |   [RC:steady_state] media_impressions_clara_dv360  max_signups=40.53 @ GBP 4,629
2026-06-09 12:17:35 | INFO     | analysis:732 |   [RC:steady_state] media_impressions_clara_linkedin max_signups=49.12 @ GBP 30,216
2026-06-09 12:17:35 | INFO     | analysis:732 |   [RC:steady_state] media_impressions_clara_meta   max_signups=51.56 @ GBP 31,193
2026-06-09 12:17:35 | INFO     | analysis:738 |   Response curves computed for 4 channels x 200 spend points.
2026-06-09 12:17:35 | INFO     | analysis:856 |   [SATURATION] Analysis complete for 4 channels.
2026-06-09 12:17:35 | INFO     | analyze:175 |   Saved: Bayesian_Output\response_curves\response_curves_steady_state.csv
2026-06-09 12:17:37 | INFO     | analysis:1349 |   Saved: Bayesian_Output\response_curves\response_curves.png
2026-06-09 12:17:38 | INFO     | analysis:1432 |   Saved: Bayesian_Output\response_curves\response_curve_media_impressions_clara_google.png
2026-06-09 12:17:38 | INFO     | analysis:1432 |   Saved: Bayesian_Output\response_curves\response_curve_media_impressions_clara_dv360.png
2026-06-09 12:17:39 | INFO     | analysis:1432 |   Saved: Bayesian_Output\response_curves\response_curve_media_impressions_clara_linkedin.png
2026-06-09 12:17:39 | INFO     | analysis:1432 |   Saved: Bayesian_Output\response_curves\response_curve_media_impressions_clara_meta.png
2026-06-09 12:17:39 | INFO     | analyze:184 |   Saved: Bayesian_Output\response_curves\marginal_roi.csv
2026-06-09 12:17:39 | INFO     | analyze:184 |   Saved: Bayesian_Output\response_curves\saturation_analysis.csv
2026-06-09 12:17:39 | INFO     | analyze:187 | 
[CURVES] Computing multi-period cumulative curves (1M/3M/6M/1Y)...
2026-06-09 12:17:39 | INFO     | analysis:1053 |   [RC-MP:1M] media_impressions_clara_google obs_period=GBP 37,642  cumul_signups=28.7
2026-06-09 12:17:40 | INFO     | analysis:1053 |   [RC-MP:1M] media_impressions_clara_dv360  obs_period=GBP 941  cumul_signups=11.3
2026-06-09 12:17:40 | INFO     | analysis:1053 |   [RC-MP:1M] media_impressions_clara_linkedin obs_period=GBP 5,046  cumul_signups=36.1
2026-06-09 12:17:40 | INFO     | analysis:1053 |   [RC-MP:1M] media_impressions_clara_meta   obs_period=GBP 6,926  cumul_signups=57.1
2026-06-09 12:17:40 | INFO     | analysis:1053 |   [RC-MP:3M] media_impressions_clara_google obs_period=GBP 122,335  cumul_signups=70.7
2026-06-09 12:17:40 | INFO     | analysis:1053 |   [RC-MP:3M] media_impressions_clara_dv360  obs_period=GBP 3,059  cumul_signups=39.4
2026-06-09 12:17:41 | INFO     | analysis:1053 |   [RC-MP:3M] media_impressions_clara_linkedin obs_period=GBP 16,400  cumul_signups=117.3
2026-06-09 12:17:41 | INFO     | analysis:1053 |   [RC-MP:3M] media_impressions_clara_meta   obs_period=GBP 22,509  cumul_signups=185.4
2026-06-09 12:17:41 | INFO     | analysis:1053 |   [RC-MP:6M] media_impressions_clara_google obs_period=GBP 244,670  cumul_signups=127.4
2026-06-09 12:17:42 | INFO     | analysis:1053 |   [RC-MP:6M] media_impressions_clara_dv360  obs_period=GBP 6,118  cumul_signups=81.4
2026-06-09 12:17:43 | INFO     | analysis:1053 |   [RC-MP:6M] media_impressions_clara_linkedin obs_period=GBP 32,799  cumul_signups=234.6
2026-06-09 12:17:43 | INFO     | analysis:1053 |   [RC-MP:6M] media_impressions_clara_meta   obs_period=GBP 45,017  cumul_signups=370.8
2026-06-09 12:17:44 | INFO     | analysis:1053 |   [RC-MP:1Y] media_impressions_clara_google obs_period=GBP 489,341  cumul_signups=243.9
2026-06-09 12:17:45 | INFO     | analysis:1053 |   [RC-MP:1Y] media_impressions_clara_dv360  obs_period=GBP 12,237  cumul_signups=165.5
2026-06-09 12:17:46 | INFO     | analysis:1053 |   [RC-MP:1Y] media_impressions_clara_linkedin obs_period=GBP 65,599  cumul_signups=469.3
2026-06-09 12:17:47 | INFO     | analysis:1053 |   [RC-MP:1Y] media_impressions_clara_meta   obs_period=GBP 90,035  cumul_signups=741.7
2026-06-09 12:17:47 | INFO     | analysis:1060 |   Multi-period response curves: 4 periods x 4 channels x 150 points.
2026-06-09 12:17:47 | INFO     | analyze:194 |   Saved: Bayesian_Output\response_curves\response_curves_multiperiod.csv
2026-06-09 12:17:49 | INFO     | analysis:1166 |   Saved: Bayesian_Output\response_curves\multiperiod\response_curves_multiperiod.png
2026-06-09 12:17:51 | INFO     | analysis:1219 |   Saved: Bayesian_Output\response_curves\multiperiod\response_curves_multiperiod_1M.png
2026-06-09 12:17:53 | INFO     | analysis:1219 |   Saved: Bayesian_Output\response_curves\multiperiod\response_curves_multiperiod_3M.png
2026-06-09 12:17:53 | INFO     | analysis:1219 |   Saved: Bayesian_Output\response_curves\multiperiod\response_curves_multiperiod_6M.png
2026-06-09 12:17:53 | INFO     | analysis:1219 |   Saved: Bayesian_Output\response_curves\multiperiod\response_curves_multiperiod_1Y.png
2026-06-09 12:17:56 | INFO     | export:364 |   Added RC_MultiPeriod_Data tab
2026-06-09 12:17:57 | INFO     | export:409 |   Added RC_Channel_Charts tab to model_results.xlsx
2026-06-09 12:17:57 | INFO     | analyze:210 | [CURVES] Done.
2026-06-09 12:17:57 | INFO     | analyze:919 | 
──────────────────────────────────────────────────
  Sequential Optimisation (all 4 scenarios)
──────────────────────────────────────────────────
2026-06-09 12:17:57 | INFO     | pipeline:196 | [LOAD] trace.nc  <- Bayesian_Output\trace.nc
2026-06-09 12:17:58 | INFO     | pipeline:199 | [LOAD] prep.pkl  <- Bayesian_Output\prep.pkl
2026-06-09 12:17:58 | DEBUG    | optimisation:2152 |   [CPP] Loaded source CSV: wkly_clara_data_31Jul 2.csv
2026-06-09 12:17:58 | INFO     | optimisation:2216 |   [CPP] media_impressions_clara_google            Impressions      CPM (GBP / 1000 imps) = 9.596978  [computed from data]
2026-06-09 12:17:58 | INFO     | optimisation:2216 |   [CPP] media_impressions_clara_dv360             Impressions      CPM (GBP / 1000 imps) = 1.602880  [computed from data]
2026-06-09 12:17:58 | INFO     | optimisation:2216 |   [CPP] media_impressions_clara_linkedin          Impressions      CPM (GBP / 1000 imps) = 11.532971  [computed from data]
2026-06-09 12:17:58 | INFO     | optimisation:2216 |   [CPP] media_impressions_clara_meta              Impressions      CPM (GBP / 1000 imps) = 5.908476  [computed from data]
2026-06-09 12:17:58 | INFO     | analyze:99 | 
  Channel metric types and cost-per-unit rates:
  Channel                                       Metric           Rate
  --------------------------------------------------------------------------------
  media_impressions_clara_google                Impressions      9.596978  (CPM (GBP / 1000 imps))
  media_impressions_clara_dv360                 Impressions      1.602880  (CPM (GBP / 1000 imps))
  media_impressions_clara_linkedin              Impressions      11.532971  (CPM (GBP / 1000 imps))
  media_impressions_clara_meta                  Impressions      5.908476  (CPM (GBP / 1000 imps))
2026-06-09 12:17:58 | INFO     | analyze:623 | 
[SEQUENTIAL] Scenario 1: Current Spend | type=forward | n_months=1 | budget=£50,555
2026-06-09 12:17:58 | INFO     | optimisation:455 |   [CALIB] media_impressions_clara_google: trace=0.23359  sim=0.14264  calib=1.63760
2026-06-09 12:17:58 | INFO     | optimisation:455 |   [CALIB] media_impressions_clara_dv360: trace=0.12021  sim=0.01951  calib=6.16179
2026-06-09 12:17:58 | INFO     | optimisation:455 |   [CALIB] media_impressions_clara_linkedin: trace=0.10181  sim=0.04521  calib=2.25211
2026-06-09 12:17:58 | INFO     | optimisation:455 |   [CALIB] media_impressions_clara_meta: trace=0.16439  sim=0.30947  calib=0.53118
2026-06-09 12:17:58 | INFO     | optimisation:374 |   [RSCALE] mu_base_z=-0.5047  y_base=70.28  rscale=40.3375  (y_std x (y_base+1))
2026-06-09 12:17:58 | INFO     | optimisation:1839 |   [SEQ-OPT] n_months=1  n_ppm=4  total=£50,554.69  monthly=£50,554.69  round_budget_pct=0.020
2026-06-09 12:17:59 | INFO     | optimisation:1976 |   [SEQ-OPT] month=1  opt=152.94  bau=138.67  curr=138.67
2026-06-09 12:17:59 | INFO     | optimisation:2051 |   [SEQ-OPT] opt=152.9409  bau=138.6686  current=138.6686  uplift_vs_bau=+10.3%
2026-06-09 12:17:59 | INFO     | analyze:657 |   Saved: seq_Current_Spend_summary/channels/monthly.csv
2026-06-09 12:17:59 | INFO     | analyze:623 | 
[SEQUENTIAL] Scenario 2: Budget +20% | type=forward | n_months=1 | budget=£60,666
2026-06-09 12:17:59 | INFO     | optimisation:455 |   [CALIB] media_impressions_clara_google: trace=0.23359  sim=0.14264  calib=1.63760
2026-06-09 12:17:59 | INFO     | optimisation:455 |   [CALIB] media_impressions_clara_dv360: trace=0.12021  sim=0.01951  calib=6.16179
2026-06-09 12:17:59 | INFO     | optimisation:455 |   [CALIB] media_impressions_clara_linkedin: trace=0.10181  sim=0.04521  calib=2.25211
2026-06-09 12:17:59 | INFO     | optimisation:455 |   [CALIB] media_impressions_clara_meta: trace=0.16439  sim=0.30947  calib=0.53118
2026-06-09 12:17:59 | INFO     | optimisation:374 |   [RSCALE] mu_base_z=-0.5047  y_base=70.28  rscale=40.3375  (y_std x (y_base+1))
2026-06-09 12:17:59 | INFO     | optimisation:1839 |   [SEQ-OPT] n_months=1  n_ppm=4  total=£60,665.63  monthly=£60,665.63  round_budget_pct=0.020
2026-06-09 12:18:00 | INFO     | optimisation:1976 |   [SEQ-OPT] month=1  opt=170.50  bau=165.38  curr=138.67
2026-06-09 12:18:00 | INFO     | optimisation:2051 |   [SEQ-OPT] opt=170.5015  bau=165.3788  current=138.6686  uplift_vs_bau=+3.1%
2026-06-09 12:18:00 | INFO     | analyze:657 |   Saved: seq_Budget_plus20pct_summary/channels/monthly.csv
2026-06-09 12:18:00 | INFO     | analyze:623 | 
[SEQUENTIAL] Scenario 3: Budget -20% | type=forward | n_months=1 | budget=£40,444
2026-06-09 12:18:00 | INFO     | optimisation:455 |   [CALIB] media_impressions_clara_google: trace=0.23359  sim=0.14264  calib=1.63760
2026-06-09 12:18:00 | INFO     | optimisation:455 |   [CALIB] media_impressions_clara_dv360: trace=0.12021  sim=0.01951  calib=6.16179
2026-06-09 12:18:00 | INFO     | optimisation:455 |   [CALIB] media_impressions_clara_linkedin: trace=0.10181  sim=0.04521  calib=2.25211
2026-06-09 12:18:00 | INFO     | optimisation:455 |   [CALIB] media_impressions_clara_meta: trace=0.16439  sim=0.30947  calib=0.53118
2026-06-09 12:18:00 | INFO     | optimisation:374 |   [RSCALE] mu_base_z=-0.5047  y_base=70.28  rscale=40.3375  (y_std x (y_base+1))
2026-06-09 12:18:00 | INFO     | optimisation:1839 |   [SEQ-OPT] n_months=1  n_ppm=4  total=£40,443.76  monthly=£40,443.76  round_budget_pct=0.020
2026-06-09 12:18:01 | INFO     | optimisation:1976 |   [SEQ-OPT] month=1  opt=125.84  bau=106.97  curr=138.67
2026-06-09 12:18:01 | INFO     | optimisation:2051 |   [SEQ-OPT] opt=125.8449  bau=106.9651  current=138.6686  uplift_vs_bau=+17.6%
2026-06-09 12:18:01 | INFO     | analyze:657 |   Saved: seq_Budget_20pct_summary/channels/monthly.csv
2026-06-09 12:18:01 | INFO     | analyze:671 |   Saved: sequential_opt/optimisation_scenarios.csv
2026-06-09 12:18:01 | INFO     | analyze:901 |   [SEQUENTIAL] Excel written: Bayesian_Output\sequential_results.xlsx
2026-06-09 12:18:04 | INFO     | export:707 |   Written Optimisation_Scenarios tab to model_results.xlsx
2026-06-09 12:18:04 | INFO     | analyze:687 |   Written Optimisation_Scenarios tab to model_results.xlsx
2026-06-09 12:18:04 | INFO     | analyze:694 | [SEQUENTIAL] Done.
2026-06-09 12:18:04 | INFO     | analyze:919 | 
──────────────────────────────────────────────────
  Scenario Comparison
──────────────────────────────────────────────────
2026-06-09 12:18:04 | INFO     | pipeline:196 | [LOAD] trace.nc  <- Bayesian_Output\trace.nc
2026-06-09 12:18:05 | INFO     | pipeline:199 | [LOAD] prep.pkl  <- Bayesian_Output\prep.pkl
2026-06-09 12:18:05 | DEBUG    | optimisation:2152 |   [CPP] Loaded source CSV: wkly_clara_data_31Jul 2.csv
2026-06-09 12:18:05 | INFO     | optimisation:2216 |   [CPP] media_impressions_clara_google            Impressions      CPM (GBP / 1000 imps) = 9.596978  [computed from data]
2026-06-09 12:18:05 | INFO     | optimisation:2216 |   [CPP] media_impressions_clara_dv360             Impressions      CPM (GBP / 1000 imps) = 1.602880  [computed from data]
2026-06-09 12:18:05 | INFO     | optimisation:2216 |   [CPP] media_impressions_clara_linkedin          Impressions      CPM (GBP / 1000 imps) = 11.532971  [computed from data]
2026-06-09 12:18:05 | INFO     | optimisation:2216 |   [CPP] media_impressions_clara_meta              Impressions      CPM (GBP / 1000 imps) = 5.908476  [computed from data]
2026-06-09 12:18:05 | INFO     | analyze:99 | 
  Channel metric types and cost-per-unit rates:
  Channel                                       Metric           Rate
  --------------------------------------------------------------------------------
  media_impressions_clara_google                Impressions      9.596978  (CPM (GBP / 1000 imps))
  media_impressions_clara_dv360                 Impressions      1.602880  (CPM (GBP / 1000 imps))
  media_impressions_clara_linkedin              Impressions      11.532971  (CPM (GBP / 1000 imps))
  media_impressions_clara_meta                  Impressions      5.908476  (CPM (GBP / 1000 imps))
2026-06-09 12:18:05 | INFO     | analyze:250 | 
[SCENARIOS] Running 5 scenario(s) | period=monthly
2026-06-09 12:18:05 | INFO     | analysis:1600 | 
[SCENARIO] -- Current spend (current) ----------------
2026-06-09 12:18:05 | INFO     | analysis:1716 |   [SCENARIO] Current spend: spend=£54,957 | response=22.5300 | ROI=0.0004
2026-06-09 12:18:05 | INFO     | analysis:1600 | 
[SCENARIO] -- -20% budget (budget_pct) ----------------
2026-06-09 12:18:05 | INFO     | optimisation:455 |   [CALIB] media_impressions_clara_google: trace=0.23359  sim=0.06672  calib=3.50137
2026-06-09 12:18:05 | INFO     | optimisation:455 |   [CALIB] media_impressions_clara_dv360: trace=0.12021  sim=0.04746  calib=2.53274
2026-06-09 12:18:05 | INFO     | optimisation:455 |   [CALIB] media_impressions_clara_linkedin: trace=0.10181  sim=0.07709  calib=1.32074
2026-06-09 12:18:05 | INFO     | optimisation:455 |   [CALIB] media_impressions_clara_meta: trace=0.16439  sim=0.24830  calib=0.66204
2026-06-09 12:18:05 | INFO     | optimisation:594 |   [OPT FORWARD] period=monthly (4.35 model-periods) | total_budget_spend=43,965.73 | per-period-spend=10,110.9390
2026-06-09 12:18:05 | INFO     | optimisation:374 |   [RSCALE] mu_base_z=-0.5047  y_base=70.28  rscale=40.3375  (y_std x (y_base+1))
2026-06-09 12:18:05 | INFO     | optimisation:628 |   [ACHIEVABILITY] response achievable within bounds: [0.0000, 616.0766]
2026-06-09 12:18:15 | WARNING  | optimisation:692 |   [OPTIMISE] 3/200 SLSQP runs did not converge — using current spend allocation as fallback for those samples.
2026-06-09 12:18:15 | WARNING  | optimisation:698 |   [OPTIMISE] 3/200 samples violated bounds or budget constraint (>1% tolerance).
2026-06-09 12:18:15 | INFO     | optimisation:798 |   [OPTIMISE FORWARD] expected_response=430.4773 | current_response=103.9719 | pct_change=+314.0% | convergence=98.5%
2026-06-09 12:18:15 | INFO     | optimisation:804 | 
                         channel  current_spend_£  optimal_spend_£_mean  pct_change_spend  current_response  response_mean  pct_change_response  current_roi  optimal_roi
  media_impressions_clara_google         40919.56              25276.32            -38.23           77.0811       157.7237               104.62     0.001884     0.006240
   media_impressions_clara_dv360          1023.26               6841.25            568.57           17.5697       215.2141              1124.92     0.017170     0.031458
media_impressions_clara_linkedin          5485.49               6201.30             13.05            3.0150        37.3279              1138.06     0.000550     0.006019
    media_impressions_clara_meta          7528.85               5646.86            -25.00            6.3061        20.2116               220.51     0.000838     0.003579
                           TOTAL         54957.17              43965.73            -20.00          103.9719       430.4773               314.03     0.001892     0.009791
2026-06-09 12:18:15 | INFO     | analysis:1716 |   [SCENARIO] -20% budget: spend=£43,966 | response=430.4773 | ROI=0.0098
2026-06-09 12:18:15 | INFO     | analysis:1600 | 
[SCENARIO] -- -10% budget (budget_pct) ----------------
2026-06-09 12:18:15 | INFO     | optimisation:455 |   [CALIB] media_impressions_clara_google: trace=0.23359  sim=0.06672  calib=3.50137
2026-06-09 12:18:15 | INFO     | optimisation:455 |   [CALIB] media_impressions_clara_dv360: trace=0.12021  sim=0.04746  calib=2.53274
2026-06-09 12:18:15 | INFO     | optimisation:455 |   [CALIB] media_impressions_clara_linkedin: trace=0.10181  sim=0.07709  calib=1.32074
2026-06-09 12:18:15 | INFO     | optimisation:455 |   [CALIB] media_impressions_clara_meta: trace=0.16439  sim=0.24830  calib=0.66204
2026-06-09 12:18:15 | INFO     | optimisation:594 |   [OPT FORWARD] period=monthly (4.35 model-periods) | total_budget_spend=49,461.45 | per-period-spend=11,374.8063
2026-06-09 12:18:15 | INFO     | optimisation:374 |   [RSCALE] mu_base_z=-0.5047  y_base=70.28  rscale=40.3375  (y_std x (y_base+1))
2026-06-09 12:18:15 | INFO     | optimisation:628 |   [ACHIEVABILITY] response achievable within bounds: [0.0000, 650.5467]
2026-06-09 12:18:22 | WARNING  | optimisation:692 |   [OPTIMISE] 3/200 SLSQP runs did not converge — using current spend allocation as fallback for those samples.
2026-06-09 12:18:22 | WARNING  | optimisation:698 |   [OPTIMISE] 3/200 samples violated bounds or budget constraint (>1% tolerance).
2026-06-09 12:18:22 | INFO     | optimisation:798 |   [OPTIMISE FORWARD] expected_response=468.6500 | current_response=103.9719 | pct_change=+350.8% | convergence=98.5%
2026-06-09 12:18:22 | INFO     | optimisation:804 | 
                         channel  current_spend_£  optimal_spend_£_mean  pct_change_spend  current_response  response_mean  pct_change_response  current_roi  optimal_roi
  media_impressions_clara_google         40919.56              28349.53            -30.72           77.0811       171.9108               123.03     0.001884     0.006064
   media_impressions_clara_dv360          1023.26               7344.28            617.73           17.5697       230.9530              1214.50     0.017170     0.031447
media_impressions_clara_linkedin          5485.49               6895.50             25.70            3.0150        41.5938              1279.55     0.000550     0.006032
    media_impressions_clara_meta          7528.85               6872.13             -8.72            6.3061        24.1924               283.63     0.000838     0.003520
                           TOTAL         54957.17              49461.45            -10.00          103.9719       468.6500               350.75     0.001892     0.009475
2026-06-09 12:18:22 | INFO     | analysis:1716 |   [SCENARIO] -10% budget: spend=£49,461 | response=468.6500 | ROI=0.0095
2026-06-09 12:18:22 | INFO     | analysis:1600 | 
[SCENARIO] -- +10% budget (budget_pct) ----------------
2026-06-09 12:18:22 | INFO     | optimisation:455 |   [CALIB] media_impressions_clara_google: trace=0.23359  sim=0.06672  calib=3.50137
2026-06-09 12:18:22 | INFO     | optimisation:455 |   [CALIB] media_impressions_clara_dv360: trace=0.12021  sim=0.04746  calib=2.53274
2026-06-09 12:18:22 | INFO     | optimisation:455 |   [CALIB] media_impressions_clara_linkedin: trace=0.10181  sim=0.07709  calib=1.32074
2026-06-09 12:18:22 | INFO     | optimisation:455 |   [CALIB] media_impressions_clara_meta: trace=0.16439  sim=0.24830  calib=0.66204
2026-06-09 12:18:22 | INFO     | optimisation:594 |   [OPT FORWARD] period=monthly (4.35 model-periods) | total_budget_spend=60,452.88 | per-period-spend=13,902.5411
2026-06-09 12:18:22 | INFO     | optimisation:374 |   [RSCALE] mu_base_z=-0.5047  y_base=70.28  rscale=40.3375  (y_std x (y_base+1))
2026-06-09 12:18:22 | INFO     | optimisation:628 |   [ACHIEVABILITY] response achievable within bounds: [0.0000, 713.2190]
2026-06-09 12:18:31 | WARNING  | optimisation:692 |   [OPTIMISE] 7/200 SLSQP runs did not converge — using current spend allocation as fallback for those samples.
2026-06-09 12:18:31 | WARNING  | optimisation:698 |   [OPTIMISE] 7/200 samples violated bounds or budget constraint (>1% tolerance).
2026-06-09 12:18:31 | INFO     | optimisation:798 |   [OPTIMISE FORWARD] expected_response=519.5604 | current_response=103.9719 | pct_change=+399.7% | convergence=96.5%
2026-06-09 12:18:31 | INFO     | optimisation:804 | 
                         channel  current_spend_£  optimal_spend_£_mean  pct_change_spend  current_response  response_mean  pct_change_response  current_roi  optimal_roi
  media_impressions_clara_google         40919.56              34838.61            -14.86           77.0811       191.7856               148.81     0.001884     0.005505
   media_impressions_clara_dv360          1023.26               7447.28            627.80           17.5697       245.5574              1297.62     0.017170     0.032973
media_impressions_clara_linkedin          5485.49               9470.15             72.64            3.0150        52.8125              1651.64     0.000550     0.005577
    media_impressions_clara_meta          7528.85               8696.84             15.51            6.3061        29.4048               366.29     0.000838     0.003381
                           TOTAL         54957.17              60452.88             10.00          103.9719       519.5604               399.71     0.001892     0.008594
2026-06-09 12:18:31 | INFO     | analysis:1716 |   [SCENARIO] +10% budget: spend=£60,453 | response=519.5604 | ROI=0.0086
2026-06-09 12:18:31 | INFO     | analysis:1600 | 
[SCENARIO] -- +20% budget (budget_pct) ----------------
2026-06-09 12:18:31 | INFO     | optimisation:455 |   [CALIB] media_impressions_clara_google: trace=0.23359  sim=0.06672  calib=3.50137
2026-06-09 12:18:31 | INFO     | optimisation:455 |   [CALIB] media_impressions_clara_dv360: trace=0.12021  sim=0.04746  calib=2.53274
2026-06-09 12:18:31 | INFO     | optimisation:455 |   [CALIB] media_impressions_clara_linkedin: trace=0.10181  sim=0.07709  calib=1.32074
2026-06-09 12:18:31 | INFO     | optimisation:455 |   [CALIB] media_impressions_clara_meta: trace=0.16439  sim=0.24830  calib=0.66204
2026-06-09 12:18:31 | INFO     | optimisation:594 |   [OPT FORWARD] period=monthly (4.35 model-periods) | total_budget_spend=65,948.60 | per-period-spend=15,166.4084
2026-06-09 12:18:31 | INFO     | optimisation:374 |   [RSCALE] mu_base_z=-0.5047  y_base=70.28  rscale=40.3375  (y_std x (y_base+1))
2026-06-09 12:18:31 | INFO     | optimisation:628 |   [ACHIEVABILITY] response achievable within bounds: [0.0000, 741.2389]
2026-06-09 12:18:38 | WARNING  | optimisation:692 |   [OPTIMISE] 2/200 SLSQP runs did not converge — using current spend allocation as fallback for those samples.
2026-06-09 12:18:38 | WARNING  | optimisation:698 |   [OPTIMISE] 2/200 samples violated bounds or budget constraint (>1% tolerance).
2026-06-09 12:18:38 | INFO     | optimisation:798 |   [OPTIMISE FORWARD] expected_response=552.2534 | current_response=103.9719 | pct_change=+431.2% | convergence=99.0%
2026-06-09 12:18:38 | INFO     | optimisation:804 | 
                         channel  current_spend_£  optimal_spend_£_mean  pct_change_spend  current_response  response_mean  pct_change_response  current_roi  optimal_roi
  media_impressions_clara_google         40919.56              36771.92            -10.14           77.0811       199.1188               158.32     0.001884     0.005415
   media_impressions_clara_dv360          1023.26               8286.91            709.85           17.5697       259.5776              1377.42     0.017170     0.031324
media_impressions_clara_linkedin          5485.49              10896.51             98.64            3.0150        60.1362              1894.54     0.000550     0.005519
    media_impressions_clara_meta          7528.85               9993.26             32.73            6.3061        33.4207               429.97     0.000838     0.003344
                           TOTAL         54957.17              65948.60             20.00          103.9719       552.2534               431.16     0.001892     0.008374
2026-06-09 12:18:38 | INFO     | analysis:1716 |   [SCENARIO] +20% budget: spend=£65,949 | response=552.2534 | ROI=0.0084
2026-06-09 12:18:38 | INFO     | analysis:1724 | 
[SCENARIOS] Complete — 5 scenario(s) evaluated.
2026-06-09 12:18:38 | INFO     | analysis:1726 | 
     scenario  total_spend_£  pct_change_spend  total_response_mean  pct_change_response  overall_roi_£
Current spend       54957.17               0.0              22.5300                  0.0         0.0004
  -20% budget       43965.73             -20.0             430.4773               1810.7         0.0098
  -10% budget       49461.45             -10.0             468.6500               1980.1         0.0095
  +10% budget       60452.88              10.0             519.5604               2206.1         0.0086
  +20% budget       65948.60              20.0             552.2534               2351.2         0.0084
2026-06-09 12:18:38 | INFO     | analyze:262 |   Saved: scenarios/scenario_comparison.csv + scenario_channel_detail.csv
2026-06-09 12:18:39 | INFO     | analysis:1905 |   Saved: Bayesian_Output\scenarios\scenario_comparison.png
2026-06-09 12:18:39 | INFO     | analysis:1951 |   Saved: Bayesian_Output\scenarios\scenario_roi_comparison.png
2026-06-09 12:18:39 | INFO     | analyze:269 | [SCENARIOS] Done.
2026-06-09 12:18:39 | INFO     | analyze:919 | 
──────────────────────────────────────────────────
  HTML Report
──────────────────────────────────────────────────
2026-06-09 12:18:39 | INFO     | pipeline:196 | [LOAD] trace.nc  <- Bayesian_Output\trace.nc
2026-06-09 12:18:39 | INFO     | pipeline:199 | [LOAD] prep.pkl  <- Bayesian_Output\prep.pkl
2026-06-09 12:18:39 | DEBUG    | optimisation:2152 |   [CPP] Loaded source CSV: wkly_clara_data_31Jul 2.csv
2026-06-09 12:18:39 | INFO     | optimisation:2216 |   [CPP] media_impressions_clara_google            Impressions      CPM (GBP / 1000 imps) = 9.596978  [computed from data]
2026-06-09 12:18:39 | INFO     | optimisation:2216 |   [CPP] media_impressions_clara_dv360             Impressions      CPM (GBP / 1000 imps) = 1.602880  [computed from data]
2026-06-09 12:18:39 | INFO     | optimisation:2216 |   [CPP] media_impressions_clara_linkedin          Impressions      CPM (GBP / 1000 imps) = 11.532971  [computed from data]
2026-06-09 12:18:39 | INFO     | optimisation:2216 |   [CPP] media_impressions_clara_meta              Impressions      CPM (GBP / 1000 imps) = 5.908476  [computed from data]
2026-06-09 12:18:39 | INFO     | analyze:99 | 
  Channel metric types and cost-per-unit rates:
  Channel                                       Metric           Rate
  --------------------------------------------------------------------------------
  media_impressions_clara_google                Impressions      9.596978  (CPM (GBP / 1000 imps))
  media_impressions_clara_dv360                 Impressions      1.602880  (CPM (GBP / 1000 imps))
  media_impressions_clara_linkedin              Impressions      11.532971  (CPM (GBP / 1000 imps))
  media_impressions_clara_meta                  Impressions      5.908476  (CPM (GBP / 1000 imps))
2026-06-09 12:18:39 | INFO     | analyze:370 | [REPORT 1/3] Response curves...
2026-06-09 12:18:39 | INFO     | analysis:732 |   [RC:steady_state] media_impressions_clara_google max_signups=41.68 @ GBP 100,321
2026-06-09 12:18:39 | INFO     | analysis:732 |   [RC:steady_state] media_impressions_clara_dv360  max_signups=37.40 @ GBP 1,389
2026-06-09 12:18:39 | INFO     | analysis:732 |   [RC:steady_state] media_impressions_clara_linkedin max_signups=37.00 @ GBP 9,065
2026-06-09 12:18:39 | INFO     | analysis:732 |   [RC:steady_state] media_impressions_clara_meta   max_signups=43.36 @ GBP 9,358
2026-06-09 12:18:39 | INFO     | analysis:738 |   Response curves computed for 4 channels x 100 spend points.
2026-06-09 12:18:39 | INFO     | analysis:732 |   [RC:steady_state] media_impressions_clara_google max_signups=41.68 @ GBP 100,321
2026-06-09 12:18:39 | INFO     | analysis:732 |   [RC:steady_state] media_impressions_clara_dv360  max_signups=37.40 @ GBP 1,389
2026-06-09 12:18:39 | INFO     | analysis:732 |   [RC:steady_state] media_impressions_clara_linkedin max_signups=37.00 @ GBP 9,065
2026-06-09 12:18:39 | INFO     | analysis:732 |   [RC:steady_state] media_impressions_clara_meta   max_signups=43.36 @ GBP 9,358
2026-06-09 12:18:39 | INFO     | analysis:738 |   Response curves computed for 4 channels x 101 spend points.
2026-06-09 12:18:39 | INFO     | analysis:777 |   Marginal ROI curves computed.
2026-06-09 12:18:39 | INFO     | analysis:732 |   [RC:steady_state] media_impressions_clara_google max_signups=43.18 @ GBP 334,403
2026-06-09 12:18:39 | INFO     | analysis:732 |   [RC:steady_state] media_impressions_clara_dv360  max_signups=40.53 @ GBP 4,629
2026-06-09 12:18:39 | INFO     | analysis:732 |   [RC:steady_state] media_impressions_clara_linkedin max_signups=49.12 @ GBP 30,216
2026-06-09 12:18:39 | INFO     | analysis:732 |   [RC:steady_state] media_impressions_clara_meta   max_signups=51.56 @ GBP 31,193
2026-06-09 12:18:39 | INFO     | analysis:738 |   Response curves computed for 4 channels x 200 spend points.
2026-06-09 12:18:39 | INFO     | analysis:856 |   [SATURATION] Analysis complete for 4 channels.
2026-06-09 12:18:40 | INFO     | analysis:1349 |   Saved: Bayesian_Output\response_curves\response_curves.png
2026-06-09 12:18:40 | WARNING  | analyze:393 | Response curve plot failed (non-fatal): name 'use_raw' is not defined
2026-06-09 12:18:40 | INFO     | analyze:396 | [REPORT 2/3] Budget optimisation scenarios...
2026-06-09 12:18:40 | INFO     | optimisation:455 |   [CALIB] media_impressions_clara_google: trace=0.23359  sim=0.06672  calib=3.50137
2026-06-09 12:18:40 | INFO     | optimisation:455 |   [CALIB] media_impressions_clara_dv360: trace=0.12021  sim=0.04746  calib=2.53274
2026-06-09 12:18:40 | INFO     | optimisation:455 |   [CALIB] media_impressions_clara_linkedin: trace=0.10181  sim=0.07709  calib=1.32074
2026-06-09 12:18:40 | INFO     | optimisation:455 |   [CALIB] media_impressions_clara_meta: trace=0.16439  sim=0.24830  calib=0.66204
2026-06-09 12:18:40 | INFO     | optimisation:594 |   [OPT FORWARD] period=monthly (4.35 model-periods) | total_budget_spend=54,957.17 | per-period-spend=12,638.6737
2026-06-09 12:18:40 | INFO     | optimisation:374 |   [RSCALE] mu_base_z=-0.5047  y_base=70.28  rscale=40.3375  (y_std x (y_base+1))
2026-06-09 12:18:40 | INFO     | optimisation:628 |   [ACHIEVABILITY] response achievable within bounds: [41.0441, 192.5352]
2026-06-09 12:18:47 | WARNING  | optimisation:692 |   [OPTIMISE] 4/200 SLSQP runs did not converge — using current spend allocation as fallback for those samples.
2026-06-09 12:18:47 | WARNING  | optimisation:698 |   [OPTIMISE] 4/200 samples violated bounds or budget constraint (>1% tolerance).
2026-06-09 12:18:47 | INFO     | optimisation:798 |   [OPTIMISE FORWARD] expected_response=298.9809 | current_response=103.9719 | pct_change=+187.6% | convergence=98.0%
2026-06-09 12:18:47 | INFO     | optimisation:804 | 
                         channel  current_spend_£  optimal_spend_£_mean  pct_change_spend  current_response  response_mean  pct_change_response  current_roi  optimal_roi
  media_impressions_clara_google         40919.56              40869.70             -0.12           77.0811       188.2899               144.27     0.001884     0.004607
   media_impressions_clara_dv360          1023.26               1260.76             23.21           17.5697        63.9930               264.22     0.017170     0.050758
media_impressions_clara_linkedin          5485.49               5425.86             -1.09            3.0150        28.0990               831.96     0.000550     0.005179
    media_impressions_clara_meta          7528.85               7400.85             -1.70            6.3061        18.5990               194.93     0.000838     0.002513
                           TOTAL         54957.17              54957.17             -0.00          103.9719       298.9809               187.56     0.001892     0.005440
2026-06-09 12:18:47 | INFO     | optimisation:455 |   [CALIB] media_impressions_clara_google: trace=0.23359  sim=0.06672  calib=3.50137
2026-06-09 12:18:47 | INFO     | optimisation:455 |   [CALIB] media_impressions_clara_dv360: trace=0.12021  sim=0.04746  calib=2.53274
2026-06-09 12:18:47 | INFO     | optimisation:455 |   [CALIB] media_impressions_clara_linkedin: trace=0.10181  sim=0.07709  calib=1.32074
2026-06-09 12:18:47 | INFO     | optimisation:455 |   [CALIB] media_impressions_clara_meta: trace=0.16439  sim=0.24830  calib=0.66204
2026-06-09 12:18:47 | INFO     | optimisation:594 |   [OPT FORWARD] period=monthly (4.35 model-periods) | total_budget_spend=43,965.73 | per-period-spend=10,110.9390
2026-06-09 12:18:47 | INFO     | optimisation:374 |   [RSCALE] mu_base_z=-0.5047  y_base=70.28  rscale=40.3375  (y_std x (y_base+1))
2026-06-09 12:18:47 | INFO     | optimisation:628 |   [ACHIEVABILITY] response achievable within bounds: [41.0441, 192.5352]
2026-06-09 12:18:53 | WARNING  | optimisation:692 |   [OPTIMISE] 1/200 SLSQP runs did not converge — using current spend allocation as fallback for those samples.
2026-06-09 12:18:53 | WARNING  | optimisation:698 |   [OPTIMISE] 1/200 samples violated bounds or budget constraint (>1% tolerance).
2026-06-09 12:18:53 | INFO     | optimisation:798 |   [OPTIMISE FORWARD] expected_response=257.4850 | current_response=103.9719 | pct_change=+147.7% | convergence=99.5%
2026-06-09 12:18:53 | INFO     | optimisation:804 | 
                         channel  current_spend_£  optimal_spend_£_mean  pct_change_spend  current_response  response_mean  pct_change_response  current_roi  optimal_roi
  media_impressions_clara_google         40919.56              31264.40            -23.60           77.0811       152.3496                97.65     0.001884     0.004873
   media_impressions_clara_dv360          1023.26               1207.39             17.99           17.5697        63.5274               261.57     0.017170     0.052616
media_impressions_clara_linkedin          5485.49               4924.40            -10.23            3.0150        25.8996               759.01     0.000550     0.005259
    media_impressions_clara_meta          7528.85               6569.55            -12.74            6.3061        15.7085               149.10     0.000838     0.002391
                           TOTAL         54957.17              43965.73            -20.00          103.9719       257.4850               147.65     0.001892     0.005856
2026-06-09 12:18:53 | INFO     | optimisation:455 |   [CALIB] media_impressions_clara_google: trace=0.23359  sim=0.06672  calib=3.50137
2026-06-09 12:18:53 | INFO     | optimisation:455 |   [CALIB] media_impressions_clara_dv360: trace=0.12021  sim=0.04746  calib=2.53274
2026-06-09 12:18:53 | INFO     | optimisation:455 |   [CALIB] media_impressions_clara_linkedin: trace=0.10181  sim=0.07709  calib=1.32074
2026-06-09 12:18:53 | INFO     | optimisation:455 |   [CALIB] media_impressions_clara_meta: trace=0.16439  sim=0.24830  calib=0.66204
2026-06-09 12:18:53 | INFO     | optimisation:594 |   [OPT FORWARD] period=monthly (4.35 model-periods) | total_budget_spend=49,461.45 | per-period-spend=11,374.8063
2026-06-09 12:18:53 | INFO     | optimisation:374 |   [RSCALE] mu_base_z=-0.5047  y_base=70.28  rscale=40.3375  (y_std x (y_base+1))
2026-06-09 12:18:53 | INFO     | optimisation:628 |   [ACHIEVABILITY] response achievable within bounds: [41.0441, 192.5352]
2026-06-09 12:18:59 | WARNING  | optimisation:692 |   [OPTIMISE] 7/200 SLSQP runs did not converge — using current spend allocation as fallback for those samples.
2026-06-09 12:18:59 | WARNING  | optimisation:698 |   [OPTIMISE] 7/200 samples violated bounds or budget constraint (>1% tolerance).
2026-06-09 12:18:59 | INFO     | optimisation:798 |   [OPTIMISE FORWARD] expected_response=279.4713 | current_response=103.9719 | pct_change=+168.8% | convergence=96.5%
2026-06-09 12:18:59 | INFO     | optimisation:804 | 
                         channel  current_spend_£  optimal_spend_£_mean  pct_change_spend  current_response  response_mean  pct_change_response  current_roi  optimal_roi
  media_impressions_clara_google         40919.56              35919.44            -12.22           77.0811       171.6234               122.65     0.001884     0.004778
   media_impressions_clara_dv360          1023.26               1229.75             20.18           17.5697        63.2911               260.23     0.017170     0.051467
media_impressions_clara_linkedin          5485.49               5267.58             -3.97            3.0150        27.1821               801.55     0.000550     0.005160
    media_impressions_clara_meta          7528.85               7044.69             -6.43            6.3061        17.3748               175.52     0.000838     0.002466
                           TOTAL         54957.17              49461.45            -10.00          103.9719       279.4713               168.80     0.001892     0.005650
2026-06-09 12:18:59 | INFO     | optimisation:455 |   [CALIB] media_impressions_clara_google: trace=0.23359  sim=0.06672  calib=3.50137
2026-06-09 12:18:59 | INFO     | optimisation:455 |   [CALIB] media_impressions_clara_dv360: trace=0.12021  sim=0.04746  calib=2.53274
2026-06-09 12:18:59 | INFO     | optimisation:455 |   [CALIB] media_impressions_clara_linkedin: trace=0.10181  sim=0.07709  calib=1.32074
2026-06-09 12:18:59 | INFO     | optimisation:455 |   [CALIB] media_impressions_clara_meta: trace=0.16439  sim=0.24830  calib=0.66204
2026-06-09 12:18:59 | INFO     | optimisation:594 |   [OPT FORWARD] period=monthly (4.35 model-periods) | total_budget_spend=60,452.88 | per-period-spend=13,902.5411
2026-06-09 12:18:59 | INFO     | optimisation:374 |   [RSCALE] mu_base_z=-0.5047  y_base=70.28  rscale=40.3375  (y_std x (y_base+1))
2026-06-09 12:18:59 | INFO     | optimisation:628 |   [ACHIEVABILITY] response achievable within bounds: [41.0441, 192.5352]
2026-06-09 12:19:06 | WARNING  | optimisation:692 |   [OPTIMISE] 4/200 SLSQP runs did not converge — using current spend allocation as fallback for those samples.
2026-06-09 12:19:06 | WARNING  | optimisation:698 |   [OPTIMISE] 4/200 samples violated bounds or budget constraint (>1% tolerance).
2026-06-09 12:19:06 | INFO     | optimisation:798 |   [OPTIMISE FORWARD] expected_response=315.0473 | current_response=103.9719 | pct_change=+203.0% | convergence=98.0%
2026-06-09 12:19:06 | INFO     | optimisation:804 | 
                         channel  current_spend_£  optimal_spend_£_mean  pct_change_spend  current_response  response_mean  pct_change_response  current_roi  optimal_roi
  media_impressions_clara_google         40919.56              45839.83             12.02           77.0811       202.7773               163.07     0.001884     0.004424
   media_impressions_clara_dv360          1023.26               1291.15             26.18           17.5697        64.1312               265.01     0.017170     0.049670
media_impressions_clara_linkedin          5485.49               5695.71              3.83            3.0150        28.9521               860.26     0.000550     0.005083
    media_impressions_clara_meta          7528.85               7626.19              1.29            6.3061        19.1866               204.25     0.000838     0.002516
                           TOTAL         54957.17              60452.88             10.00          103.9719       315.0473               203.01     0.001892     0.005211
2026-06-09 12:19:06 | INFO     | optimisation:455 |   [CALIB] media_impressions_clara_google: trace=0.23359  sim=0.06672  calib=3.50137
2026-06-09 12:19:06 | INFO     | optimisation:455 |   [CALIB] media_impressions_clara_dv360: trace=0.12021  sim=0.04746  calib=2.53274
2026-06-09 12:19:06 | INFO     | optimisation:455 |   [CALIB] media_impressions_clara_linkedin: trace=0.10181  sim=0.07709  calib=1.32074
2026-06-09 12:19:06 | INFO     | optimisation:455 |   [CALIB] media_impressions_clara_meta: trace=0.16439  sim=0.24830  calib=0.66204
2026-06-09 12:19:06 | INFO     | optimisation:594 |   [OPT FORWARD] period=monthly (4.35 model-periods) | total_budget_spend=65,948.60 | per-period-spend=15,166.4084
2026-06-09 12:19:06 | INFO     | optimisation:374 |   [RSCALE] mu_base_z=-0.5047  y_base=70.28  rscale=40.3375  (y_std x (y_base+1))
2026-06-09 12:19:06 | INFO     | optimisation:628 |   [ACHIEVABILITY] response achievable within bounds: [41.0441, 192.5352]
2026-06-09 12:19:11 | WARNING  | optimisation:692 |   [OPTIMISE] 3/200 SLSQP runs did not converge — using current spend allocation as fallback for those samples.
2026-06-09 12:19:11 | WARNING  | optimisation:698 |   [OPTIMISE] 3/200 samples violated bounds or budget constraint (>1% tolerance).
2026-06-09 12:19:11 | INFO     | optimisation:798 |   [OPTIMISE FORWARD] expected_response=328.5169 | current_response=103.9719 | pct_change=+216.0% | convergence=98.5%
2026-06-09 12:19:11 | INFO     | optimisation:804 | 
                         channel  current_spend_£  optimal_spend_£_mean  pct_change_spend  current_response  response_mean  pct_change_response  current_roi  optimal_roi
  media_impressions_clara_google         40919.56              50429.78             23.24           77.0811       214.3032               178.02     0.001884     0.004250
   media_impressions_clara_dv360          1023.26               1297.75             26.82           17.5697        64.3068               266.01     0.017170     0.049553
media_impressions_clara_linkedin          5485.49               5963.92              8.72            3.0150        29.5085               878.71     0.000550     0.004948
    media_impressions_clara_meta          7528.85               8257.15              9.67            6.3061        20.3985               223.47     0.000838     0.002470
                           TOTAL         54957.17              65948.60             20.00          103.9719       328.5169               215.97     0.001892     0.004981
2026-06-09 12:19:11 | INFO     | analyze:433 | [REPORT 3/3] Building HTML...
2026-06-09 12:19:11 | INFO     | analyze:475 | 
[REPORT] Saved: Bayesian_Output\mmm_report.html
2026-06-09 12:19:11 | INFO     | analyze:476 | [REPORT] Open in any browser — all charts are embedded, no other files needed.
2026-06-09 12:19:11 | INFO     | analyze:924 | 
[ALL] Complete.
2026-06-09 12:48:15 | WARNING  | main:91 | [PYTENSOR] g++ compiler not found — running on the Python backend (slower, but fully functional).  To enable the faster C backend: conda install -c conda-forge m2w64-toolchain  (Windows/conda)  |  sudo apt-get install g++ build-essential  (Linux/WSL)
2026-06-09 12:48:15 | INFO     | config:655 | [CONFIG] Loaded YAML config from: config_hier.yaml
2026-06-09 12:48:15 | INFO     | config:741 | [CONFIG] Schema built:
DataSchema: weekly data
  Date: date  |  Response: response_metric_inbound_deals_total
  Media channels: 4
    Google                    -> media_impressions_clara_google (impressions, type=paid_search)
    dv360                     -> media_impressions_clara_dv360 (impressions, type=display)
    linkedin                  -> media_impressions_clara_linkedin (impressions, type=paid_social)
    meta                      -> media_impressions_clara_meta (impressions, type=paid_social)
2026-06-09 12:48:15 | INFO     | pipeline:351 | ======================================================================
2026-06-09 12:48:15 | INFO     | pipeline:352 |   BAYESIAN MARKET MIX MODEL - PRODUCTION PIPELINE (~60+ min (depends on settings))
2026-06-09 12:48:15 | INFO     | pipeline:353 | ======================================================================
2026-06-09 12:48:15 | INFO     | pipeline:354 |   CSV          : wkly_clara_data_31Jul 2.csv
2026-06-09 12:48:15 | INFO     | pipeline:355 |   Response     : response_metric_inbound_deals_total
2026-06-09 12:48:15 | INFO     | pipeline:356 |   Frequency    : weekly | dayfirst=True | holdout=0
2026-06-09 12:48:15 | INFO     | pipeline:357 |   Spend prefix : spends_
2026-06-09 12:48:15 | INFO     | pipeline:358 |   Media cols   : [prefix-based auto]
2026-06-09 12:48:15 | INFO     | pipeline:359 |   Output dir   : Bayesian_Output
2026-06-09 12:48:15 | INFO     | pipeline:360 |   Hierarchical : True | two-timescale adstock: False | synergies: False
2026-06-09 12:48:15 | INFO     | pipeline:361 |   Baseline     : gaussian_random_walk
2026-06-09 12:48:15 | INFO     | pipeline:362 |   Ranking      : lexicographic
2026-06-09 12:48:15 | INFO     | pipeline:363 |   Hybrid fast  : True
2026-06-09 12:48:15 | INFO     | pipeline:364 |   Runtime mode : standard
2026-06-09 12:48:15 | INFO     | pipeline:365 |   Quality gate : accept quality_flag <= 2 | reject_if_all_bad=False
2026-06-09 12:48:15 | INFO     | pipeline:366 |   Skip Stage 0 : False
2026-06-09 12:48:15 | INFO     | pipeline:367 |   Skip MAP     : True
2026-06-09 12:48:15 | INFO     | pipeline:368 |   Use lag      : True  (max=0 periods)
2026-06-09 12:48:15 | INFO     | pipeline:369 |   Time-varying betas : False
2026-06-09 12:48:15 | INFO     | pipeline:370 |   Dynamic saturation: False
2026-06-09 12:48:15 | INFO     | pipeline:371 |   Strict validation : False
2026-06-09 12:48:15 | INFO     | pipeline:372 |   Outlier detection : True
2026-06-09 12:48:15 | INFO     | pipeline:373 |   Stationarity test : True
2026-06-09 12:48:15 | INFO     | pipeline:374 |   Channel priors: custom (4 channels)
2026-06-09 12:48:15 | INFO     | pipeline:375 | ======================================================================
2026-06-09 12:48:15 | INFO     | pipeline:528 | 
[PREP] Loading and preprocessing data...
2026-06-09 12:48:15 | INFO     | data_prep:445 | Loading data from: wkly_clara_data_31Jul 2.csv
2026-06-09 12:48:15 | INFO     | data_prep:494 |   Rows after filter: 84
2026-06-09 12:48:15 | INFO     | data_prep:495 |   Date range: 2024-01-01 00:00:00 -> 2025-08-04 00:00:00
2026-06-09 12:48:15 | WARNING  | data_prep:518 | Response has <=0 values. (auto) Clipped to 0 for log1p/sqrt.
2026-06-09 12:48:15 | WARNING  | data_prep:556 | [DATA_PREP] Detected 2 outlier(s) in the response after transform. Review data quality or enable robust handling.
2026-06-09 12:48:16 | INFO     | data_prep:569 | [DATA_PREP] Stationarity checks: adf_stat=-16.9427, adf_pvalue=0.0000, kpss_stat=0.7403, kpss_pvalue=0.0100
2026-06-09 12:48:16 | INFO     | data_prep:581 |   Response transform: log1p | min=0, max=184, mean=102
2026-06-09 12:48:16 | INFO     | data_prep:612 |   Per-channel variable selections:
2026-06-09 12:48:16 | INFO     | data_prep:614 |     Google                         -> media_impressions_clara_google
2026-06-09 12:48:16 | INFO     | data_prep:614 |     dv360                          -> media_impressions_clara_dv360
2026-06-09 12:48:16 | INFO     | data_prep:614 |     linkedin                       -> media_impressions_clara_linkedin
2026-06-09 12:48:16 | INFO     | data_prep:614 |     meta                           -> media_impressions_clara_meta
2026-06-09 12:48:16 | INFO     | data_prep:630 |   Media columns selected: ['media_impressions_clara_google', 'media_impressions_clara_dv360', 'media_impressions_clara_linkedin', 'media_impressions_clara_meta']
2026-06-09 12:48:16 | WARNING  | data_prep:766 | [DATA_PREP] fourier_order capped: requested 2 but T=84 weekly periods only supports 1 (need ~52 observations per order). Using fourier_order=1.
2026-06-09 12:48:16 | INFO     | data_prep:774 |   Fourier seasonality: frequency=weekly, period=52.18, order=1
2026-06-09 12:48:16 | INFO     | data_prep:811 |   T=84 weekly | C=4 channels | Fourier order=1
2026-06-09 12:48:16 | INFO     | data_prep:837 |   Channel families: ['display', 'search', 'social']
2026-06-09 12:48:16 | INFO     | data_prep:839 |     media_impressions_clara_google      -> search
2026-06-09 12:48:16 | INFO     | data_prep:839 |     media_impressions_clara_dv360       -> display
2026-06-09 12:48:16 | INFO     | data_prep:839 |     media_impressions_clara_linkedin    -> social
2026-06-09 12:48:16 | INFO     | data_prep:839 |     media_impressions_clara_meta        -> social
2026-06-09 12:48:16 | DEBUG    | data_prep:1155 |   [RESET_MASK] 2 restart event(s) across 4 channels (gap threshold = 4 weeks)
2026-06-09 12:48:16 | INFO     | pipeline:532 | [PREP] Done in 0.7s
2026-06-09 12:48:16 | INFO     | priors:295 | [PRIOR-CFG] Validated 4 per-channel prior configs. Channels using defaults: []
2026-06-09 12:48:16 | INFO     | pipeline:559 | 
[HYBRID] Running fast scan pre-step...
2026-06-09 12:48:16 | INFO     | pipeline_stages:63 | [HYBRID-FAST-SCAN] External module not available: No module named 'fast_scan_bo_mmm'
2026-06-09 12:48:16 | INFO     | pipeline_stages:64 | [HYBRID-FAST-SCAN] Using built-in ridge-regression fast scan instead.
2026-06-09 12:48:16 | INFO     | pipeline_stages:802 | ============================================================
2026-06-09 12:48:16 | INFO     | pipeline_stages:803 | BUILT-IN FAST SCAN (Ridge Regression)
2026-06-09 12:48:16 | INFO     | pipeline_stages:804 |   Channels: 4 | Combos: 8 | Max lag: 8
2026-06-09 12:48:16 | INFO     | pipeline_stages:805 | ============================================================
2026-06-09 12:48:16 | INFO     | pipeline_stages:871 |   [1/4] media_impressions_clara_google:
2026-06-09 12:48:16 | INFO     | pipeline_stages:874 |     ★ weibull+hill              MAPE=59.43%
2026-06-09 12:48:16 | INFO     | pipeline_stages:874 |       geometric+hill            MAPE=59.45%
2026-06-09 12:48:16 | INFO     | pipeline_stages:874 |       geometric+logistic        MAPE=59.66%
2026-06-09 12:48:16 | INFO     | pipeline_stages:871 |   [2/4] media_impressions_clara_dv360:
2026-06-09 12:48:16 | INFO     | pipeline_stages:874 |     ★ weibull+softplus          MAPE=56.74%
2026-06-09 12:48:16 | INFO     | pipeline_stages:874 |       geometric+softplus        MAPE=57.39%
2026-06-09 12:48:16 | INFO     | pipeline_stages:874 |       geometric+hill            MAPE=60.83%
2026-06-09 12:48:16 | INFO     | pipeline_stages:871 |   [3/4] media_impressions_clara_linkedin:
2026-06-09 12:48:16 | INFO     | pipeline_stages:874 |     ★ weibull+hill              MAPE=59.68%
2026-06-09 12:48:16 | INFO     | pipeline_stages:874 |       weibull+softplus          MAPE=59.76%
2026-06-09 12:48:16 | INFO     | pipeline_stages:874 |       geometric+hill            MAPE=59.77%
2026-06-09 12:48:16 | INFO     | pipeline_stages:871 |   [4/4] media_impressions_clara_meta:
2026-06-09 12:48:16 | INFO     | pipeline_stages:874 |     ★ weibull+softplus          MAPE=55.75%
2026-06-09 12:48:16 | INFO     | pipeline_stages:874 |       geometric+softplus        MAPE=57.26%
2026-06-09 12:48:16 | INFO     | pipeline_stages:874 |       weibull+hill              MAPE=57.93%
2026-06-09 12:48:16 | INFO     | pipeline_stages:878 | 
  Fast scan complete in 0.3s
2026-06-09 12:48:16 | INFO     | pipeline_stages:879 |   Best combo per channel:
2026-06-09 12:48:16 | INFO     | pipeline_stages:881 |     [0] media_impressions_clara_google -> weibull+hill
2026-06-09 12:48:16 | INFO     | pipeline_stages:881 |     [1] media_impressions_clara_dv360  -> weibull+softplus
2026-06-09 12:48:16 | INFO     | pipeline_stages:881 |     [2] media_impressions_clara_linkedin -> weibull+hill
2026-06-09 12:48:16 | INFO     | pipeline_stages:881 |     [3] media_impressions_clara_meta   -> weibull+softplus
2026-06-09 12:48:16 | INFO     | pipeline_stages:176 | ============================================================
2026-06-09 12:48:16 | INFO     | pipeline_stages:177 | STAGE 0 - MARGINAL CONTRIBUTION SCAN
2026-06-09 12:48:16 | INFO     | pipeline_stages:185 |   Channels: 4 | Total models: 12
2026-06-09 12:48:16 | INFO     | pipeline_stages:186 | ============================================================
2026-06-09 12:48:16 | INFO     | pipeline_stages:264 |   Running 12 Stage-0 fits in parallel (joblib)
2026-06-09 12:51:17 | INFO     | pipeline_stages:290 |     [OK] ch=media_impressions_clara_google weibull+hill         | MAPE= 14.47% | R-hat=1.0000 [est] | divs=0
2026-06-09 12:51:17 | INFO     | pipeline_stages:290 |     [OK] ch=media_impressions_clara_google geometric+hill         | MAPE= 13.65% | R-hat=1.0000 [est] | divs=0
2026-06-09 12:51:17 | INFO     | pipeline_stages:290 |     [OK] ch=media_impressions_clara_google geometric+logistic     | MAPE= 15.26% | R-hat=1.0000 [est] | divs=0
2026-06-09 12:51:17 | INFO     | pipeline_stages:290 |     [OK] ch=media_impressions_clara_dv360 weibull+softplus     | MAPE= 15.00% | R-hat=1.0000 [est] | divs=0
2026-06-09 12:51:17 | INFO     | pipeline_stages:290 |     [OK] ch=media_impressions_clara_dv360 geometric+softplus     | MAPE= 14.66% | R-hat=1.0000 [est] | divs=0
2026-06-09 12:51:17 | INFO     | pipeline_stages:290 |     [OK] ch=media_impressions_clara_dv360 geometric+hill         | MAPE= 14.36% | R-hat=1.0000 [est] | divs=0
2026-06-09 12:51:17 | INFO     | pipeline_stages:290 |     [OK] ch=media_impressions_clara_linkedin weibull+hill         | MAPE= 13.77% | R-hat=1.0000 [est] | divs=0
2026-06-09 12:51:17 | INFO     | pipeline_stages:290 |     [OK] ch=media_impressions_clara_linkedin weibull+softplus     | MAPE= 14.17% | R-hat=1.0000 [est] | divs=0
2026-06-09 12:51:17 | INFO     | pipeline_stages:290 |     [OK] ch=media_impressions_clara_linkedin geometric+hill         | MAPE= 14.72% | R-hat=1.0000 [est] | divs=0
2026-06-09 12:51:17 | INFO     | pipeline_stages:290 |     [OK] ch=media_impressions_clara_meta weibull+softplus     | MAPE= 13.95% | R-hat=1.0000 [est] | divs=0
2026-06-09 12:51:17 | INFO     | pipeline_stages:290 |     [OK] ch=media_impressions_clara_meta geometric+softplus     | MAPE= 14.50% | R-hat=1.0000 [est] | divs=0
2026-06-09 12:51:17 | INFO     | pipeline_stages:290 |     [OK] ch=media_impressions_clara_meta weibull+hill         | MAPE= 13.93% | R-hat=1.0000 [est] | divs=0
2026-06-09 12:51:17 | INFO     | pipeline_stages:309 |   [BEST] media_impressions_clara_google: geometric+hill (MAPE=13.65%)
2026-06-09 12:51:17 | INFO     | pipeline_stages:309 |   [BEST] media_impressions_clara_dv360: geometric+hill (MAPE=14.36%)
2026-06-09 12:51:17 | INFO     | pipeline_stages:309 |   [BEST] media_impressions_clara_linkedin: weibull+hill (MAPE=13.77%)
2026-06-09 12:51:17 | INFO     | pipeline_stages:309 |   [BEST] media_impressions_clara_meta: weibull+hill (MAPE=13.93%)
2026-06-09 12:51:17 | INFO     | pipeline_stages:317 | 
  Stage 0 Summary:
2026-06-09 12:51:17 | INFO     | pipeline_stages:319 |     Channel media_impressions_clara_google -> geometric  + hill
2026-06-09 12:51:17 | INFO     | pipeline_stages:319 |     Channel media_impressions_clara_dv360  -> geometric  + hill
2026-06-09 12:51:17 | INFO     | pipeline_stages:319 |     Channel media_impressions_clara_linkedin -> weibull    + hill
2026-06-09 12:51:17 | INFO     | pipeline_stages:319 |     Channel media_impressions_clara_meta   -> weibull    + hill
2026-06-09 12:51:17 | INFO     | pipeline:78 | [TIMER] stage_0              3.0 min (180.8 s)  [32 models]
2026-06-09 12:51:17 | INFO     | pipeline:612 | [S0] Complete — see timer above
2026-06-09 12:51:17 | INFO     | pipeline:630 | 
[SPECS] Per-channel transform assignments:
2026-06-09 12:51:17 | INFO     | pipeline:632 |   [0] media_impressions_clara_google -> geometric+hill
2026-06-09 12:51:17 | INFO     | pipeline:632 |   [1] media_impressions_clara_dv360  -> geometric+hill
2026-06-09 12:51:17 | INFO     | pipeline:632 |   [2] media_impressions_clara_linkedin -> weibull+hill
2026-06-09 12:51:17 | INFO     | pipeline:632 |   [3] media_impressions_clara_meta   -> weibull+hill
2026-06-09 12:51:17 | INFO     | pipeline:634 | 
[GRID] Building full hyperparameter grid...
2026-06-09 12:51:17 | INFO     | config:329 | Full grid: 48 configurations
2026-06-09 12:51:17 | INFO     | config:361 | Pruned grid: 48 -> 6 unique (lag x fourier_order) combinations
2026-06-09 12:51:17 | INFO     | pipeline:659 | [S1] MAP pre-screen skipped (pruned grid small enough or skip_map=True)
2026-06-09 12:51:17 | INFO     | pipeline_stages:433 | ============================================================
2026-06-09 12:51:17 | INFO     | pipeline_stages:434 | STAGE 1b - FAST MCMC SCAN
2026-06-09 12:51:17 | INFO     | pipeline_stages:437 |   Configs: 6 | Fast mode: 120 draws, 1 chain(s)
2026-06-09 12:51:17 | INFO     | pipeline_stages:438 |   Keeping top-1 for full refit
2026-06-09 12:51:17 | INFO     | pipeline_stages:440 |   Per-channel transforms: ENABLED
2026-06-09 12:51:17 | INFO     | pipeline_stages:441 | ============================================================
2026-06-09 12:51:17 | INFO     | pipeline_stages:447 | 
  [ 1/6] Fast MCMC: lag4_fo1_geometric_softplus_ta95
2026-06-09 12:51:17 | WARNING  | priors:334 | [MODEL_BUILDER] use_hierarchical=True (Case B (single-timescale)): adstock_lam_prior settings for 4 channel(s) are IGNORED: ['media_impressions_clara_google', 'media_impressions_clara_dv360', 'media_impressions_clara_linkedin', 'media_impressions_clara_meta']. In hierarchical mode, adstock decay is controlled by the family-level hl_slow_median hyperprior (priors.families in YAML), not per-channel adstock_lam_prior. To use per-channel adstock priors, set use_hierarchical=False.
2026-06-09 12:51:17 | DEBUG    | model_builder:548 |   Hierarchical geometric adstock (Case B): F=3 families, C=4 channels. Family lam medians: {'display': np.float64(0.707), 'search': np.float64(0.758), 'social': np.float64(0.63)}
2026-06-09 12:51:39 | DEBUG    | model_builder:1433 |   Sampling complete in 21.7s
2026-06-09 12:51:39 | WARNING  | metrics:217 | R-hat cannot be computed with only 1 chain - returning sentinel 1.0. Use chains >= 2 for production runs.
2026-06-09 12:51:40 | INFO     | metrics:1146 |   Temporal CV: 3 folds | mean MAPE=10.96% | mean RMSE=13.33
2026-06-09 12:51:40 | INFO     | pipeline_stages:470 |     [OK] qf=2 | MAPE=13.68% | R2=0.5439 | R-hat=1.0000 [estimated] | divs=0 | wall=22s
2026-06-09 12:51:40 | INFO     | pipeline_stages:447 | 
  [ 2/6] Fast MCMC: lag4_fo2_geometric_softplus_ta95
2026-06-09 12:51:40 | WARNING  | priors:334 | [MODEL_BUILDER] use_hierarchical=True (Case B (single-timescale)): adstock_lam_prior settings for 4 channel(s) are IGNORED: ['media_impressions_clara_google', 'media_impressions_clara_dv360', 'media_impressions_clara_linkedin', 'media_impressions_clara_meta']. In hierarchical mode, adstock decay is controlled by the family-level hl_slow_median hyperprior (priors.families in YAML), not per-channel adstock_lam_prior. To use per-channel adstock priors, set use_hierarchical=False.
2026-06-09 12:51:40 | DEBUG    | model_builder:548 |   Hierarchical geometric adstock (Case B): F=3 families, C=4 channels. Family lam medians: {'display': np.float64(0.707), 'search': np.float64(0.758), 'social': np.float64(0.63)}
2026-06-09 12:51:52 | DEBUG    | model_builder:1433 |   Sampling complete in 12.1s
2026-06-09 12:51:52 | WARNING  | metrics:217 | R-hat cannot be computed with only 1 chain - returning sentinel 1.0. Use chains >= 2 for production runs.
2026-06-09 12:51:52 | INFO     | metrics:1146 |   Temporal CV: 3 folds | mean MAPE=10.96% | mean RMSE=13.33
2026-06-09 12:51:52 | INFO     | pipeline_stages:470 |     [OK] qf=2 | MAPE=13.68% | R2=0.5439 | R-hat=1.0000 [estimated] | divs=0 | wall=12s
2026-06-09 12:51:52 | INFO     | pipeline_stages:447 | 
  [ 3/6] Fast MCMC: lag8_fo1_geometric_softplus_ta95
2026-06-09 12:51:52 | WARNING  | priors:334 | [MODEL_BUILDER] use_hierarchical=True (Case B (single-timescale)): adstock_lam_prior settings for 4 channel(s) are IGNORED: ['media_impressions_clara_google', 'media_impressions_clara_dv360', 'media_impressions_clara_linkedin', 'media_impressions_clara_meta']. In hierarchical mode, adstock decay is controlled by the family-level hl_slow_median hyperprior (priors.families in YAML), not per-channel adstock_lam_prior. To use per-channel adstock priors, set use_hierarchical=False.
2026-06-09 12:51:52 | DEBUG    | model_builder:548 |   Hierarchical geometric adstock (Case B): F=3 families, C=4 channels. Family lam medians: {'display': np.float64(0.707), 'search': np.float64(0.758), 'social': np.float64(0.63)}
2026-06-09 12:52:07 | DEBUG    | model_builder:1433 |   Sampling complete in 14.0s
2026-06-09 12:52:07 | WARNING  | metrics:217 | R-hat cannot be computed with only 1 chain - returning sentinel 1.0. Use chains >= 2 for production runs.
2026-06-09 12:52:07 | INFO     | metrics:1146 |   Temporal CV: 3 folds | mean MAPE=9.80% | mean RMSE=12.17
2026-06-09 12:52:07 | INFO     | pipeline_stages:470 |     [OK] qf=2 | MAPE=12.69% | R2=0.5849 | R-hat=1.0000 [estimated] | divs=0 | wall=14s
2026-06-09 12:52:07 | INFO     | pipeline_stages:447 | 
  [ 4/6] Fast MCMC: lag8_fo2_geometric_softplus_ta95
2026-06-09 12:52:07 | WARNING  | priors:334 | [MODEL_BUILDER] use_hierarchical=True (Case B (single-timescale)): adstock_lam_prior settings for 4 channel(s) are IGNORED: ['media_impressions_clara_google', 'media_impressions_clara_dv360', 'media_impressions_clara_linkedin', 'media_impressions_clara_meta']. In hierarchical mode, adstock decay is controlled by the family-level hl_slow_median hyperprior (priors.families in YAML), not per-channel adstock_lam_prior. To use per-channel adstock priors, set use_hierarchical=False.
2026-06-09 12:52:07 | DEBUG    | model_builder:548 |   Hierarchical geometric adstock (Case B): F=3 families, C=4 channels. Family lam medians: {'display': np.float64(0.707), 'search': np.float64(0.758), 'social': np.float64(0.63)}
2026-06-09 12:52:20 | DEBUG    | model_builder:1433 |   Sampling complete in 13.0s
2026-06-09 12:52:20 | WARNING  | metrics:217 | R-hat cannot be computed with only 1 chain - returning sentinel 1.0. Use chains >= 2 for production runs.
2026-06-09 12:52:21 | INFO     | metrics:1146 |   Temporal CV: 3 folds | mean MAPE=9.80% | mean RMSE=12.17
2026-06-09 12:52:21 | INFO     | pipeline_stages:470 |     [OK] qf=2 | MAPE=12.69% | R2=0.5849 | R-hat=1.0000 [estimated] | divs=0 | wall=13s
2026-06-09 12:52:21 | INFO     | pipeline_stages:447 | 
  [ 5/6] Fast MCMC: lag13_fo1_geometric_softplus_ta95
2026-06-09 12:52:21 | WARNING  | priors:334 | [MODEL_BUILDER] use_hierarchical=True (Case B (single-timescale)): adstock_lam_prior settings for 4 channel(s) are IGNORED: ['media_impressions_clara_google', 'media_impressions_clara_dv360', 'media_impressions_clara_linkedin', 'media_impressions_clara_meta']. In hierarchical mode, adstock decay is controlled by the family-level hl_slow_median hyperprior (priors.families in YAML), not per-channel adstock_lam_prior. To use per-channel adstock priors, set use_hierarchical=False.
2026-06-09 12:52:21 | DEBUG    | model_builder:548 |   Hierarchical geometric adstock (Case B): F=3 families, C=4 channels. Family lam medians: {'display': np.float64(0.707), 'search': np.float64(0.758), 'social': np.float64(0.63)}
2026-06-09 12:52:35 | DEBUG    | model_builder:1433 |   Sampling complete in 14.5s
2026-06-09 12:52:35 | WARNING  | metrics:217 | R-hat cannot be computed with only 1 chain - returning sentinel 1.0. Use chains >= 2 for production runs.
2026-06-09 12:52:36 | INFO     | metrics:1146 |   Temporal CV: 3 folds | mean MAPE=9.77% | mean RMSE=11.94
2026-06-09 12:52:36 | INFO     | pipeline_stages:470 |     [OK] qf=2 | MAPE=12.78% | R2=0.5812 | R-hat=1.0000 [estimated] | divs=0 | wall=14s
2026-06-09 12:52:36 | INFO     | pipeline_stages:447 | 
  [ 6/6] Fast MCMC: lag13_fo2_geometric_softplus_ta95
2026-06-09 12:52:36 | WARNING  | priors:334 | [MODEL_BUILDER] use_hierarchical=True (Case B (single-timescale)): adstock_lam_prior settings for 4 channel(s) are IGNORED: ['media_impressions_clara_google', 'media_impressions_clara_dv360', 'media_impressions_clara_linkedin', 'media_impressions_clara_meta']. In hierarchical mode, adstock decay is controlled by the family-level hl_slow_median hyperprior (priors.families in YAML), not per-channel adstock_lam_prior. To use per-channel adstock priors, set use_hierarchical=False.
2026-06-09 12:52:36 | DEBUG    | model_builder:548 |   Hierarchical geometric adstock (Case B): F=3 families, C=4 channels. Family lam medians: {'display': np.float64(0.707), 'search': np.float64(0.758), 'social': np.float64(0.63)}
2026-06-09 12:52:49 | DEBUG    | model_builder:1433 |   Sampling complete in 13.5s
2026-06-09 12:52:49 | WARNING  | metrics:217 | R-hat cannot be computed with only 1 chain - returning sentinel 1.0. Use chains >= 2 for production runs.
2026-06-09 12:52:50 | INFO     | metrics:1146 |   Temporal CV: 3 folds | mean MAPE=9.77% | mean RMSE=11.94
2026-06-09 12:52:50 | INFO     | pipeline_stages:470 |     [OK] qf=2 | MAPE=12.78% | R2=0.5812 | R-hat=1.0000 [estimated] | divs=0 | wall=14s
2026-06-09 12:52:50 | WARNING  | pipeline_stages:500 | [S1b] No models passed quality_flag <= 1. Falling back to top-K by ranking.
2026-06-09 12:52:50 | INFO     | pipeline_stages:509 | 
  Top-1 survivors for full refit:
2026-06-09 12:52:50 | INFO     | pipeline_stages:514 |     1. lag8_fo1_geometric_softplus_ta95                        | MAPE=12.69% | R-hat=1.0000 | LOO=N/A
2026-06-09 12:52:50 | INFO     | pipeline:78 | [TIMER] stage_1b_mcmc        1.5 min (92.9 s)  [6 models]
2026-06-09 12:52:50 | INFO     | pipeline_stages:551 | ============================================================
2026-06-09 12:52:50 | INFO     | pipeline_stages:552 | STAGE 2 - FULL REFIT
2026-06-09 12:52:50 | INFO     | pipeline_stages:553 |   Models to refit: 1 | Full settings: 2000 draws, 2 chain(s)
2026-06-09 12:52:50 | INFO     | pipeline_stages:555 |   Per-channel transforms: ENABLED
2026-06-09 12:52:50 | INFO     | pipeline_stages:557 |     [0] media_impressions_clara_google -> geometric+hill
2026-06-09 12:52:50 | INFO     | pipeline_stages:557 |     [1] media_impressions_clara_dv360  -> geometric+hill
2026-06-09 12:52:50 | INFO     | pipeline_stages:557 |     [2] media_impressions_clara_linkedin -> weibull+hill
2026-06-09 12:52:50 | INFO     | pipeline_stages:557 |     [3] media_impressions_clara_meta   -> weibull+hill
2026-06-09 12:52:50 | INFO     | pipeline_stages:558 | ============================================================
2026-06-09 12:52:50 | INFO     | pipeline_stages:576 | 
  [1/1] Full refit: lag8_fo1_geometric_softplus_ta95
2026-06-09 12:52:50 | WARNING  | priors:334 | [MODEL_BUILDER] use_hierarchical=True (Case B (single-timescale)): adstock_lam_prior settings for 4 channel(s) are IGNORED: ['media_impressions_clara_google', 'media_impressions_clara_dv360', 'media_impressions_clara_linkedin', 'media_impressions_clara_meta']. In hierarchical mode, adstock decay is controlled by the family-level hl_slow_median hyperprior (priors.families in YAML), not per-channel adstock_lam_prior. To use per-channel adstock priors, set use_hierarchical=False.
2026-06-09 12:52:50 | DEBUG    | model_builder:548 |   Hierarchical geometric adstock (Case B): F=3 families, C=4 channels. Family lam medians: {'display': np.float64(0.707), 'search': np.float64(0.758), 'social': np.float64(0.63)}
2026-06-09 12:53:27 | DEBUG    | model_builder:1433 |   Sampling complete in 37.4s
2026-06-09 12:53:28 | INFO     | metrics:1146 |   Temporal CV: 3 folds | mean MAPE=9.79% | mean RMSE=11.98
2026-06-09 12:53:28 | INFO     | pipeline_stages:597 |     [OK] qf=2 | MAPE=12.74% | R2=0.5818 | R-hat=1.0157 | divs=0 | LOO=-41.53 | ESS=157 | wall=37s
2026-06-09 12:53:28 | INFO     | pipeline_stages:654 | 
  == Per-Channel Transform Summary ==
2026-06-09 12:53:28 | INFO     | pipeline_stages:657 |                          channel   adstock saturation  use_lag  lag_mode  lam_mean  alpha_sat_mean  beta_mean
  media_impressions_clara_google geometric       hill    False       NaN       NaN          2.6948        NaN
   media_impressions_clara_dv360 geometric       hill    False       NaN       NaN          3.7536        NaN
media_impressions_clara_linkedin   weibull       hill    False       NaN    3.2262          2.7208        NaN
    media_impressions_clara_meta   weibull       hill    False       NaN    3.0667          2.8936        NaN
2026-06-09 12:53:28 | INFO     | pipeline_stages:663 | 
  [BEST] BEST MODEL: lag8_fo1_geometric_softplus_ta95
2026-06-09 12:53:28 | INFO     | pipeline_stages:664 |     MAPE       : 12.7404%
2026-06-09 12:53:28 | INFO     | pipeline_stages:665 |     R2         : 0.5818
2026-06-09 12:53:28 | INFO     | pipeline_stages:666 |     Pearson r  : 0.8412
2026-06-09 12:53:28 | INFO     | pipeline_stages:667 |     Max R-hat  : 1.01573
2026-06-09 12:53:28 | INFO     | pipeline_stages:668 |     ESS bulk   : 157
2026-06-09 12:53:28 | INFO     | pipeline_stages:669 |     ESS tail   : 208
2026-06-09 12:53:28 | INFO     | pipeline_stages:670 |     Divergences: 0
2026-06-09 12:53:28 | INFO     | pipeline_stages:671 |     LOO-IC     : -41.5265
2026-06-09 12:53:28 | INFO     | pipeline_stages:672 |     WAIC       : -40.9165
2026-06-09 12:53:28 | INFO     | pipeline:78 | [TIMER] stage_2_full         0.6 min (38.8 s)  [1 models]
2026-06-09 12:53:28 | INFO     | pipeline:692 | 
[ANALYSIS] Computing channel contributions...
2026-06-09 12:53:29 | INFO     | pipeline:697 | 
  Channel Contribution Summary:
2026-06-09 12:53:29 | INFO     | pipeline:698 |                          channel  mean_share_pct  roi_proxy  hdi_90_low  hdi_90_high
  media_impressions_clara_google         38.3466   0.034348    0.269405    61.536177
    media_impressions_clara_meta         25.1153   0.071218    4.476105    38.666749
media_impressions_clara_linkedin         19.2098   0.157165    0.001314    43.599558
   media_impressions_clara_dv360         17.3283   0.097157    3.058891    25.986019
2026-06-09 12:53:29 | INFO     | pipeline:702 | 
  Component Contribution Summary:
2026-06-09 12:53:29 | INFO     | pipeline:703 |   component     group  share_abs_pct  mean_effect
media_total     media      52.634968     0.620004
   baseline non_media      44.682970    -0.526328
seasonality non_media       2.682062     0.021608
2026-06-09 12:53:29 | INFO     | pipeline:78 | [TIMER] analysis             0.0 min (0.1 s)
2026-06-09 12:53:29 | INFO     | pipeline:719 | 
======================================================================
2026-06-09 12:53:29 | INFO     | pipeline:720 |   PIPELINE COMPLETE
2026-06-09 12:53:29 | INFO     | pipeline:721 | ======================================================================
2026-06-09 12:53:29 | INFO     | pipeline:722 |   Total wall time   : 5.2 minutes
2026-06-09 12:53:29 | INFO     | pipeline:723 |   Best model key    : lag8_fo1_geometric_softplus_ta95
2026-06-09 12:53:29 | INFO     | pipeline:724 |   Fourier order     : 1
2026-06-09 12:53:29 | INFO     | pipeline:725 |   Max adstock lag   : 8
2026-06-09 12:53:29 | INFO     | pipeline:727 |   Lag transform     : enabled (max=0 periods)
2026-06-09 12:53:29 | INFO     | pipeline:728 |   Quality flag      : 2 (0=best, 2=poor)
2026-06-09 12:53:29 | INFO     | pipeline:729 |   MAPE              : 12.7404%
2026-06-09 12:53:29 | INFO     | pipeline:730 |   R2                : 0.5818
2026-06-09 12:53:29 | INFO     | pipeline:731 |   Pearson r         : 0.8412
2026-06-09 12:53:29 | INFO     | pipeline:732 |   Max R-hat         : 1.01573
2026-06-09 12:53:29 | INFO     | pipeline:733 |   ESS bulk (min)    : 157
2026-06-09 12:53:29 | INFO     | pipeline:734 |   ESS tail (min)    : 208
2026-06-09 12:53:29 | INFO     | pipeline:735 |   Divergences       : 0
2026-06-09 12:53:29 | INFO     | pipeline:736 |   LOO-IC            : -41.5265 +/- 13.9664
2026-06-09 12:53:29 | INFO     | pipeline:737 |   WAIC              : -40.9165
2026-06-09 12:53:29 | INFO     | pipeline:741 | 
[PLOTS] Generating diagnostic plots...
2026-06-09 12:53:29 | INFO     | plots:1121 | Generating plots...
2026-06-09 12:53:29 | INFO     | plots:50 |   Saved: Bayesian_Output\01_actual_vs_fitted.png
2026-06-09 12:53:29 | INFO     | plots:50 |   Saved: Bayesian_Output\02_media_contributions.png
2026-06-09 12:53:29 | INFO     | plots:50 |   Saved: Bayesian_Output\03_channel_share.png
2026-06-09 12:53:30 | INFO     | plots:50 |   Saved: Bayesian_Output\04_convergence_diagnostics.png
2026-06-09 12:53:31 | INFO     | plots:50 |   Saved: Bayesian_Output\05_posterior_betas.png
2026-06-09 12:53:31 | INFO     | plots:50 |   Saved: Bayesian_Output\06_component_share.png
2026-06-09 12:53:32 | INFO     | plots:50 |   Saved: Bayesian_Output\07_az_trace.png
2026-06-09 12:53:32 | WARNING  | priors:334 | [MODEL_BUILDER] use_hierarchical=True (Case B (single-timescale)): adstock_lam_prior settings for 4 channel(s) are IGNORED: ['media_impressions_clara_google', 'media_impressions_clara_dv360', 'media_impressions_clara_linkedin', 'media_impressions_clara_meta']. In hierarchical mode, adstock decay is controlled by the family-level hl_slow_median hyperprior (priors.families in YAML), not per-channel adstock_lam_prior. To use per-channel adstock priors, set use_hierarchical=False.
2026-06-09 12:53:32 | DEBUG    | model_builder:548 |   Hierarchical geometric adstock (Case B): F=3 families, C=4 channels. Family lam medians: {'display': np.float64(0.707), 'search': np.float64(0.758), 'social': np.float64(0.63)}
2026-06-09 12:53:34 | INFO     | plots:50 |   Saved: Bayesian_Output\08_ppc.png
2026-06-09 12:53:34 | INFO     | plots:50 |   Saved: Bayesian_Output\09_full_contribution_bar.png
2026-06-09 12:53:35 | INFO     | plots:883 |   Saved: Bayesian_Output\01_actual_vs_fitted_interactive.html
2026-06-09 12:53:35 | INFO     | plots:931 |   Saved: Bayesian_Output\02_media_contributions_interactive.html
2026-06-09 12:53:35 | INFO     | plots:998 |   Saved: Bayesian_Output\03_channel_share_interactive.html
2026-06-09 12:53:35 | INFO     | plots:1043 |   Saved: Bayesian_Output\06_component_share_interactive.html
2026-06-09 12:53:35 | INFO     | plots:1105 |   Saved: Bayesian_Output\dashboard.html  ← open this for all charts on one page
2026-06-09 12:53:35 | INFO     | plots:1147 |   All plots saved to: Bayesian_Output
2026-06-09 12:53:35 | INFO     | pipeline:78 | [TIMER] plots                0.1 min (6.8 s)
2026-06-09 12:53:35 | INFO     | pipeline:746 | 
[EXPORT] Writing output files...
2026-06-09 12:53:35 | INFO     | export:737 | Exporting results...
2026-06-09 12:53:35 | INFO     | export:798 |   Saved: Bayesian_Output\model_results\best_model.json
2026-06-09 12:53:35 | INFO     | export:809 |   Saved: Bayesian_Output\model_results\scan_stage0.csv
2026-06-09 12:53:35 | INFO     | export:809 |   Saved: Bayesian_Output\model_results\scan_stage1b.csv
2026-06-09 12:53:35 | INFO     | export:809 |   Saved: Bayesian_Output\model_results\scan_stage2.csv
2026-06-09 12:53:35 | INFO     | export:814 |   Saved: Bayesian_Output\model_results\channel_contributions.csv
2026-06-09 12:53:35 | INFO     | export:825 |   Saved: Bayesian_Output\model_results\component_contributions.csv
2026-06-09 12:53:35 | INFO     | export:831 |   Saved: Bayesian_Output\model_results\channel_transform_summary.csv
2026-06-09 12:53:35 | INFO     | export:884 |   Saved: Bayesian_Output\model_results\media_share_weekly.csv
2026-06-09 12:53:36 | INFO     | export:922 |   Saved: Bayesian_Output\model_results\actual_vs_predicted.csv
2026-06-09 12:53:36 | INFO     | export:927 |   Saved: Bayesian_Output\model_results\weekly_decomposition.csv
2026-06-09 12:53:36 | INFO     | export:941 |   Saved: Bayesian_Output\model_results\az_summary.csv
2026-06-09 12:53:36 | INFO     | export:962 |   Saved: Bayesian_Output\model_results\model_summary.txt
2026-06-09 12:53:36 | INFO     | export:966 |   All exports complete -> Bayesian_Output\model_results
2026-06-09 12:53:36 | INFO     | priors:600 |   Saved: Bayesian_Output\model_results\return_index.csv
2026-06-09 12:53:45 | INFO     | priors:617 |   Saved: Bayesian_Output\model_results\return_index.xlsx
2026-06-09 12:53:45 | INFO     | export:976 |   Return index summary:
                      channel_id modeled_metric  mean_return_index  mean_return_index_spend  lower_bound  upper_bound  mean_contribution_signups  mean_weekly_metric_value  mean_weekly_spend
media_impressions_clara_linkedin    Impressions             0.1572                  13.6274       0.0011       0.5534                    17.1912                 109383.33            1261.51
   media_impressions_clara_dv360    Impressions             0.0972                  60.6139       0.0231       0.2211                    14.2639                 146812.73             235.32
    media_impressions_clara_meta    Impressions             0.0712                  12.0536       0.0107       0.1504                    20.8700                 293042.37            1731.43
  media_impressions_clara_google    Impressions             0.0343                   3.5790       0.0026       0.0752                    33.6800                 980558.85            9410.40
2026-06-09 12:53:45 | INFO     | priors:653 |   Saved: Bayesian_Output\model_results\channel_prior_config.csv
2026-06-09 12:53:45 | INFO     | export:998 |   Saved: Bayesian_Output\model_results\stage_timings.csv
2026-06-09 12:53:48 | INFO     | export:288 |   Saved: Bayesian_Output\model_results\model_results.xlsx
2026-06-09 12:53:48 | INFO     | pipeline:78 | [TIMER] export               0.2 min (13.1 s)
2026-06-09 12:53:48 | INFO     | pipeline:121 | [STATE] Saving posterior trace...
2026-06-09 12:53:57 | INFO     | pipeline:123 |   trace.nc  — 28.5 MB
2026-06-09 12:53:57 | INFO     | pipeline:131 |   prep.pkl  — 0.0 MB
2026-06-09 12:53:57 | INFO     | pipeline:165 |   best_cfg.json saved
2026-06-09 12:53:57 | INFO     | pipeline:769 | 
[STATE] Model state saved. Run post-pipeline analysis when ready:
  optimisation: section detected in YAML — run standalone scripts to apply it:
  python analyze.py curves    --config <yaml>   <- response curves
  python analyze.py optimise  --config <yaml>   <- forward budget optimisation
  python analyze.py reverse   --config <yaml>   <- reverse optimisation
  python analyze.py scenarios --config <yaml>   <- scenario comparison
  python analyze.py report    --config <yaml>   <- full HTML report
  python analyze.py all       --config <yaml>   <- run everything
2026-06-09 12:55:32 | INFO     | analyze:931 | ============================================================
2026-06-09 12:55:32 | INFO     | analyze:932 |   FULL ANALYSIS (curves → sequential → scenarios → report)
2026-06-09 12:55:32 | INFO     | analyze:933 | ============================================================
2026-06-09 12:55:32 | INFO     | analyze:940 | 
──────────────────────────────────────────────────
  Response Curves
──────────────────────────────────────────────────
2026-06-09 12:55:51 | INFO     | pipeline:196 | [LOAD] trace.nc  <- Bayesian_Output\trace.nc
2026-06-09 12:55:53 | INFO     | pipeline:199 | [LOAD] prep.pkl  <- Bayesian_Output\prep.pkl
2026-06-09 12:55:54 | DEBUG    | optimisation:2158 |   [CPP] Loaded source CSV: wkly_clara_data_31Jul 2.csv
2026-06-09 12:55:54 | INFO     | optimisation:2222 |   [CPP] media_impressions_clara_google            Impressions      CPM (GBP / 1000 imps) = 9.596978  [computed from data]
2026-06-09 12:55:54 | INFO     | optimisation:2222 |   [CPP] media_impressions_clara_dv360             Impressions      CPM (GBP / 1000 imps) = 1.602880  [computed from data]
2026-06-09 12:55:54 | INFO     | optimisation:2222 |   [CPP] media_impressions_clara_linkedin          Impressions      CPM (GBP / 1000 imps) = 11.532971  [computed from data]
2026-06-09 12:55:54 | INFO     | optimisation:2222 |   [CPP] media_impressions_clara_meta              Impressions      CPM (GBP / 1000 imps) = 5.908476  [computed from data]
2026-06-09 12:55:54 | INFO     | analyze:99 | 
  Channel metric types and cost-per-unit rates:
  Channel                                       Metric           Rate
  --------------------------------------------------------------------------------
  media_impressions_clara_google                Impressions      9.596978  (CPM (GBP / 1000 imps))
  media_impressions_clara_dv360                 Impressions      1.602880  (CPM (GBP / 1000 imps))
  media_impressions_clara_linkedin              Impressions      11.532971  (CPM (GBP / 1000 imps))
  media_impressions_clara_meta                  Impressions      5.908476  (CPM (GBP / 1000 imps))
2026-06-09 12:55:54 | INFO     | analyze:159 | 
[CURVES] Computing instantaneous response curves...
2026-06-09 12:55:54 | INFO     | analysis:732 |   [RC:instantaneous] media_impressions_clara_google max_signups=32.40 @ GBP 100,321
2026-06-09 12:55:54 | INFO     | analysis:732 |   [RC:instantaneous] media_impressions_clara_dv360  max_signups=16.52 @ GBP 1,389
2026-06-09 12:55:54 | INFO     | analysis:732 |   [RC:instantaneous] media_impressions_clara_linkedin max_signups=37.00 @ GBP 9,065
2026-06-09 12:55:54 | INFO     | analysis:732 |   [RC:instantaneous] media_impressions_clara_meta   max_signups=43.36 @ GBP 9,358
2026-06-09 12:55:54 | INFO     | analysis:738 |   Response curves computed for 4 channels x 100 spend points.
2026-06-09 12:55:54 | INFO     | analyze:163 |   Saved: Bayesian_Output\response_curves\response_curves_instantaneous.csv
2026-06-09 12:55:56 | INFO     | analysis:1349 |   Saved: Bayesian_Output\response_curves\instantaneous\response_curves.png
2026-06-09 12:55:57 | INFO     | analysis:1498 |   Saved: Bayesian_Output\response_curves\instantaneous\response_curve_media_impressions_clara_google.png
2026-06-09 12:55:57 | INFO     | analysis:1498 |   Saved: Bayesian_Output\response_curves\instantaneous\response_curve_media_impressions_clara_dv360.png
2026-06-09 12:55:57 | INFO     | analysis:1498 |   Saved: Bayesian_Output\response_curves\instantaneous\response_curve_media_impressions_clara_linkedin.png
2026-06-09 12:55:57 | INFO     | analysis:1498 |   Saved: Bayesian_Output\response_curves\instantaneous\response_curve_media_impressions_clara_meta.png
2026-06-09 12:55:57 | INFO     | analyze:169 | 
[CURVES] Computing steady-state response curves...
2026-06-09 12:55:57 | INFO     | analysis:732 |   [RC:steady_state] media_impressions_clara_google max_signups=41.68 @ GBP 100,321
2026-06-09 12:55:57 | INFO     | analysis:732 |   [RC:steady_state] media_impressions_clara_dv360  max_signups=37.40 @ GBP 1,389
2026-06-09 12:55:57 | INFO     | analysis:732 |   [RC:steady_state] media_impressions_clara_linkedin max_signups=37.00 @ GBP 9,065
2026-06-09 12:55:57 | INFO     | analysis:732 |   [RC:steady_state] media_impressions_clara_meta   max_signups=43.36 @ GBP 9,358
2026-06-09 12:55:57 | INFO     | analysis:738 |   Response curves computed for 4 channels x 100 spend points.
2026-06-09 12:55:57 | INFO     | analysis:732 |   [RC:steady_state] media_impressions_clara_google max_signups=41.68 @ GBP 100,321
2026-06-09 12:55:57 | INFO     | analysis:732 |   [RC:steady_state] media_impressions_clara_dv360  max_signups=37.40 @ GBP 1,389
2026-06-09 12:55:57 | INFO     | analysis:732 |   [RC:steady_state] media_impressions_clara_linkedin max_signups=37.00 @ GBP 9,065
2026-06-09 12:55:57 | INFO     | analysis:732 |   [RC:steady_state] media_impressions_clara_meta   max_signups=43.36 @ GBP 9,358
2026-06-09 12:55:57 | INFO     | analysis:738 |   Response curves computed for 4 channels x 101 spend points.
2026-06-09 12:55:57 | INFO     | analysis:777 |   Marginal ROI curves computed.
2026-06-09 12:55:57 | INFO     | analysis:732 |   [RC:steady_state] media_impressions_clara_google max_signups=43.18 @ GBP 334,403
2026-06-09 12:55:57 | INFO     | analysis:732 |   [RC:steady_state] media_impressions_clara_dv360  max_signups=40.53 @ GBP 4,629
2026-06-09 12:55:57 | INFO     | analysis:732 |   [RC:steady_state] media_impressions_clara_linkedin max_signups=49.12 @ GBP 30,216
2026-06-09 12:55:57 | INFO     | analysis:732 |   [RC:steady_state] media_impressions_clara_meta   max_signups=51.56 @ GBP 31,193
2026-06-09 12:55:57 | INFO     | analysis:738 |   Response curves computed for 4 channels x 200 spend points.
2026-06-09 12:55:57 | INFO     | analysis:856 |   [SATURATION] Analysis complete for 4 channels.
2026-06-09 12:55:57 | INFO     | analyze:175 |   Saved: Bayesian_Output\response_curves\response_curves_steady_state.csv
2026-06-09 12:55:58 | INFO     | analysis:1349 |   Saved: Bayesian_Output\response_curves\response_curves.png
2026-06-09 12:55:58 | INFO     | analysis:1498 |   Saved: Bayesian_Output\response_curves\response_curve_media_impressions_clara_google.png
2026-06-09 12:55:58 | INFO     | analysis:1498 |   Saved: Bayesian_Output\response_curves\response_curve_media_impressions_clara_dv360.png
2026-06-09 12:55:58 | INFO     | analysis:1498 |   Saved: Bayesian_Output\response_curves\response_curve_media_impressions_clara_linkedin.png
2026-06-09 12:55:59 | INFO     | analysis:1498 |   Saved: Bayesian_Output\response_curves\response_curve_media_impressions_clara_meta.png
2026-06-09 12:55:59 | INFO     | analyze:184 |   Saved: Bayesian_Output\response_curves\marginal_roi.csv
2026-06-09 12:55:59 | INFO     | analyze:184 |   Saved: Bayesian_Output\response_curves\saturation_analysis.csv
2026-06-09 12:55:59 | INFO     | analyze:187 | 
[CURVES] Computing multi-period cumulative curves (1M/3M/6M/1Y)...
2026-06-09 12:55:59 | INFO     | analysis:1053 |   [RC-MP:1M] media_impressions_clara_google obs_period=GBP 37,642  cumul_signups=28.7
2026-06-09 12:55:59 | INFO     | analysis:1053 |   [RC-MP:1M] media_impressions_clara_dv360  obs_period=GBP 941  cumul_signups=11.3
2026-06-09 12:55:59 | INFO     | analysis:1053 |   [RC-MP:1M] media_impressions_clara_linkedin obs_period=GBP 5,046  cumul_signups=36.1
2026-06-09 12:55:59 | INFO     | analysis:1053 |   [RC-MP:1M] media_impressions_clara_meta   obs_period=GBP 6,926  cumul_signups=57.1
2026-06-09 12:55:59 | INFO     | analysis:1053 |   [RC-MP:3M] media_impressions_clara_google obs_period=GBP 122,335  cumul_signups=70.7
2026-06-09 12:55:59 | INFO     | analysis:1053 |   [RC-MP:3M] media_impressions_clara_dv360  obs_period=GBP 3,059  cumul_signups=39.4
2026-06-09 12:55:59 | INFO     | analysis:1053 |   [RC-MP:3M] media_impressions_clara_linkedin obs_period=GBP 16,400  cumul_signups=117.3
2026-06-09 12:55:59 | INFO     | analysis:1053 |   [RC-MP:3M] media_impressions_clara_meta   obs_period=GBP 22,509  cumul_signups=185.4
2026-06-09 12:55:59 | INFO     | analysis:1053 |   [RC-MP:6M] media_impressions_clara_google obs_period=GBP 244,670  cumul_signups=127.4
2026-06-09 12:55:59 | INFO     | analysis:1053 |   [RC-MP:6M] media_impressions_clara_dv360  obs_period=GBP 6,118  cumul_signups=81.4
2026-06-09 12:56:00 | INFO     | analysis:1053 |   [RC-MP:6M] media_impressions_clara_linkedin obs_period=GBP 32,799  cumul_signups=234.6
2026-06-09 12:56:00 | INFO     | analysis:1053 |   [RC-MP:6M] media_impressions_clara_meta   obs_period=GBP 45,017  cumul_signups=370.8
2026-06-09 12:56:00 | INFO     | analysis:1053 |   [RC-MP:1Y] media_impressions_clara_google obs_period=GBP 489,341  cumul_signups=243.9
2026-06-09 12:56:00 | INFO     | analysis:1053 |   [RC-MP:1Y] media_impressions_clara_dv360  obs_period=GBP 12,237  cumul_signups=165.5
2026-06-09 12:56:01 | INFO     | analysis:1053 |   [RC-MP:1Y] media_impressions_clara_linkedin obs_period=GBP 65,599  cumul_signups=469.3
2026-06-09 12:56:01 | INFO     | analysis:1053 |   [RC-MP:1Y] media_impressions_clara_meta   obs_period=GBP 90,035  cumul_signups=741.7
2026-06-09 12:56:01 | INFO     | analysis:1060 |   Multi-period response curves: 4 periods x 4 channels x 150 points.
2026-06-09 12:56:01 | INFO     | analyze:194 |   Saved: Bayesian_Output\response_curves\response_curves_multiperiod.csv
2026-06-09 12:56:02 | INFO     | analysis:1166 |   Saved: Bayesian_Output\response_curves\multiperiod\response_curves_multiperiod.png
2026-06-09 12:56:02 | INFO     | analysis:1219 |   Saved: Bayesian_Output\response_curves\multiperiod\response_curves_multiperiod_1M.png
2026-06-09 12:56:03 | INFO     | analysis:1219 |   Saved: Bayesian_Output\response_curves\multiperiod\response_curves_multiperiod_3M.png
2026-06-09 12:56:03 | INFO     | analysis:1219 |   Saved: Bayesian_Output\response_curves\multiperiod\response_curves_multiperiod_6M.png
2026-06-09 12:56:04 | INFO     | analysis:1219 |   Saved: Bayesian_Output\response_curves\multiperiod\response_curves_multiperiod_1Y.png
2026-06-09 12:56:08 | INFO     | export:364 |   Added RC_MultiPeriod_Data tab
2026-06-09 12:56:09 | INFO     | export:409 |   Added RC_Channel_Charts tab to model_results.xlsx
2026-06-09 12:56:09 | INFO     | analyze:210 | [CURVES] Done.
2026-06-09 12:56:09 | INFO     | analyze:940 | 
──────────────────────────────────────────────────
  Sequential Optimisation (all 4 scenarios)
──────────────────────────────────────────────────
2026-06-09 12:56:09 | INFO     | pipeline:196 | [LOAD] trace.nc  <- Bayesian_Output\trace.nc
2026-06-09 12:56:09 | INFO     | pipeline:199 | [LOAD] prep.pkl  <- Bayesian_Output\prep.pkl
2026-06-09 12:56:09 | DEBUG    | optimisation:2158 |   [CPP] Loaded source CSV: wkly_clara_data_31Jul 2.csv
2026-06-09 12:56:09 | INFO     | optimisation:2222 |   [CPP] media_impressions_clara_google            Impressions      CPM (GBP / 1000 imps) = 9.596978  [computed from data]
2026-06-09 12:56:09 | INFO     | optimisation:2222 |   [CPP] media_impressions_clara_dv360             Impressions      CPM (GBP / 1000 imps) = 1.602880  [computed from data]
2026-06-09 12:56:09 | INFO     | optimisation:2222 |   [CPP] media_impressions_clara_linkedin          Impressions      CPM (GBP / 1000 imps) = 11.532971  [computed from data]
2026-06-09 12:56:09 | INFO     | optimisation:2222 |   [CPP] media_impressions_clara_meta              Impressions      CPM (GBP / 1000 imps) = 5.908476  [computed from data]
2026-06-09 12:56:09 | INFO     | analyze:99 | 
  Channel metric types and cost-per-unit rates:
  Channel                                       Metric           Rate
  --------------------------------------------------------------------------------
  media_impressions_clara_google                Impressions      9.596978  (CPM (GBP / 1000 imps))
  media_impressions_clara_dv360                 Impressions      1.602880  (CPM (GBP / 1000 imps))
  media_impressions_clara_linkedin              Impressions      11.532971  (CPM (GBP / 1000 imps))
  media_impressions_clara_meta                  Impressions      5.908476  (CPM (GBP / 1000 imps))
2026-06-09 12:56:09 | INFO     | analyze:623 | 
[SEQUENTIAL] Scenario 1: Current Spend | type=forward | n_months=1 | budget=£50,555
2026-06-09 12:56:09 | INFO     | optimisation:455 |   [CALIB] media_impressions_clara_google: trace=0.23359  sim=0.14264  calib=1.63760
2026-06-09 12:56:09 | INFO     | optimisation:455 |   [CALIB] media_impressions_clara_dv360: trace=0.12021  sim=0.01951  calib=6.16179
2026-06-09 12:56:09 | INFO     | optimisation:455 |   [CALIB] media_impressions_clara_linkedin: trace=0.10181  sim=0.04521  calib=2.25211
2026-06-09 12:56:09 | INFO     | optimisation:455 |   [CALIB] media_impressions_clara_meta: trace=0.16439  sim=0.30947  calib=0.53118
2026-06-09 12:56:09 | INFO     | optimisation:374 |   [RSCALE] mu_base_z=-0.5047  y_base=70.28  rscale=40.3375  (y_std x (y_base+1))
2026-06-09 12:56:09 | INFO     | optimisation:1839 |   [SEQ-OPT] n_months=1  n_ppm=4  total=£50,554.69  monthly=£50,554.69  round_budget_pct=0.020
2026-06-09 12:56:09 | INFO     | optimisation:1976 |   [SEQ-OPT] month=1  opt=152.94  bau=138.67  curr=138.67
2026-06-09 12:56:09 | INFO     | optimisation:2057 |   [SEQ-OPT] opt=152.9409  bau=138.6686  current=138.6686  uplift_vs_bau=+10.3%
2026-06-09 12:56:09 | INFO     | analyze:657 |   Saved: seq_Current_Spend_summary/channels/monthly.csv
2026-06-09 12:56:09 | INFO     | analyze:623 | 
[SEQUENTIAL] Scenario 2: Budget +20% | type=forward | n_months=1 | budget=£60,666
2026-06-09 12:56:09 | INFO     | optimisation:455 |   [CALIB] media_impressions_clara_google: trace=0.23359  sim=0.14264  calib=1.63760
2026-06-09 12:56:09 | INFO     | optimisation:455 |   [CALIB] media_impressions_clara_dv360: trace=0.12021  sim=0.01951  calib=6.16179
2026-06-09 12:56:09 | INFO     | optimisation:455 |   [CALIB] media_impressions_clara_linkedin: trace=0.10181  sim=0.04521  calib=2.25211
2026-06-09 12:56:09 | INFO     | optimisation:455 |   [CALIB] media_impressions_clara_meta: trace=0.16439  sim=0.30947  calib=0.53118
2026-06-09 12:56:09 | INFO     | optimisation:374 |   [RSCALE] mu_base_z=-0.5047  y_base=70.28  rscale=40.3375  (y_std x (y_base+1))
2026-06-09 12:56:09 | INFO     | optimisation:1839 |   [SEQ-OPT] n_months=1  n_ppm=4  total=£60,665.63  monthly=£60,665.63  round_budget_pct=0.020
2026-06-09 12:56:10 | INFO     | optimisation:1976 |   [SEQ-OPT] month=1  opt=170.50  bau=165.38  curr=138.67
2026-06-09 12:56:10 | INFO     | optimisation:2057 |   [SEQ-OPT] opt=170.5015  bau=165.3788  current=138.6686  uplift_vs_bau=+3.1%
2026-06-09 12:56:10 | INFO     | analyze:657 |   Saved: seq_Budget_plus20pct_summary/channels/monthly.csv
2026-06-09 12:56:10 | INFO     | analyze:623 | 
[SEQUENTIAL] Scenario 3: Budget -20% | type=forward | n_months=1 | budget=£40,444
2026-06-09 12:56:10 | INFO     | optimisation:455 |   [CALIB] media_impressions_clara_google: trace=0.23359  sim=0.14264  calib=1.63760
2026-06-09 12:56:10 | INFO     | optimisation:455 |   [CALIB] media_impressions_clara_dv360: trace=0.12021  sim=0.01951  calib=6.16179
2026-06-09 12:56:10 | INFO     | optimisation:455 |   [CALIB] media_impressions_clara_linkedin: trace=0.10181  sim=0.04521  calib=2.25211
2026-06-09 12:56:10 | INFO     | optimisation:455 |   [CALIB] media_impressions_clara_meta: trace=0.16439  sim=0.30947  calib=0.53118
2026-06-09 12:56:10 | INFO     | optimisation:374 |   [RSCALE] mu_base_z=-0.5047  y_base=70.28  rscale=40.3375  (y_std x (y_base+1))
2026-06-09 12:56:10 | INFO     | optimisation:1839 |   [SEQ-OPT] n_months=1  n_ppm=4  total=£40,443.76  monthly=£40,443.76  round_budget_pct=0.020
2026-06-09 12:56:10 | INFO     | optimisation:1976 |   [SEQ-OPT] month=1  opt=125.84  bau=106.97  curr=138.67
2026-06-09 12:56:10 | INFO     | optimisation:2057 |   [SEQ-OPT] opt=125.8449  bau=106.9651  current=138.6686  uplift_vs_bau=+17.6%
2026-06-09 12:56:10 | INFO     | analyze:657 |   Saved: seq_Budget_20pct_summary/channels/monthly.csv
2026-06-09 12:56:10 | INFO     | analyze:671 |   Saved: sequential_opt/optimisation_scenarios.csv
2026-06-09 12:56:10 | INFO     | analyze:922 |   [SEQUENTIAL] Excel written: Bayesian_Output\sequential_results.xlsx
2026-06-09 12:56:11 | INFO     | export:707 |   Written Optimisation_Scenarios tab to model_results.xlsx
2026-06-09 12:56:11 | INFO     | analyze:687 |   Written Optimisation_Scenarios tab to model_results.xlsx
2026-06-09 12:56:12 | INFO     | analysis:1674 |   Saved: Bayesian_Output\sequential_opt\waterfall_optimizer.png
2026-06-09 12:56:12 | INFO     | analysis:1778 |   Saved: Bayesian_Output\sequential_opt\efficiency_scorecard.png
2026-06-09 12:56:12 | INFO     | analyze:709 |   Saved waterfall + scorecard for scenario: Current Spend
2026-06-09 12:56:12 | INFO     | analyze:715 | [SEQUENTIAL] Done.
2026-06-09 12:56:12 | INFO     | analyze:940 | 
──────────────────────────────────────────────────
  Scenario Comparison
──────────────────────────────────────────────────
2026-06-09 12:56:12 | INFO     | pipeline:196 | [LOAD] trace.nc  <- Bayesian_Output\trace.nc
2026-06-09 12:56:12 | INFO     | pipeline:199 | [LOAD] prep.pkl  <- Bayesian_Output\prep.pkl
2026-06-09 12:56:12 | DEBUG    | optimisation:2158 |   [CPP] Loaded source CSV: wkly_clara_data_31Jul 2.csv
2026-06-09 12:56:12 | INFO     | optimisation:2222 |   [CPP] media_impressions_clara_google            Impressions      CPM (GBP / 1000 imps) = 9.596978  [computed from data]
2026-06-09 12:56:12 | INFO     | optimisation:2222 |   [CPP] media_impressions_clara_dv360             Impressions      CPM (GBP / 1000 imps) = 1.602880  [computed from data]
2026-06-09 12:56:12 | INFO     | optimisation:2222 |   [CPP] media_impressions_clara_linkedin          Impressions      CPM (GBP / 1000 imps) = 11.532971  [computed from data]
2026-06-09 12:56:12 | INFO     | optimisation:2222 |   [CPP] media_impressions_clara_meta              Impressions      CPM (GBP / 1000 imps) = 5.908476  [computed from data]
2026-06-09 12:56:12 | INFO     | analyze:99 | 
  Channel metric types and cost-per-unit rates:
  Channel                                       Metric           Rate
  --------------------------------------------------------------------------------
  media_impressions_clara_google                Impressions      9.596978  (CPM (GBP / 1000 imps))
  media_impressions_clara_dv360                 Impressions      1.602880  (CPM (GBP / 1000 imps))
  media_impressions_clara_linkedin              Impressions      11.532971  (CPM (GBP / 1000 imps))
  media_impressions_clara_meta                  Impressions      5.908476  (CPM (GBP / 1000 imps))
2026-06-09 12:56:12 | INFO     | analyze:250 | 
[SCENARIOS] Running 5 scenario(s) | period=monthly
2026-06-09 12:56:12 | INFO     | analysis:1897 | 
[SCENARIO] -- Current spend (current) ----------------
2026-06-09 12:56:12 | INFO     | analysis:2013 |   [SCENARIO] Current spend: spend=£54,957 | response=22.5300 | ROI=0.0004
2026-06-09 12:56:12 | INFO     | analysis:1897 | 
[SCENARIO] -- -20% budget (budget_pct) ----------------
2026-06-09 12:56:12 | INFO     | optimisation:455 |   [CALIB] media_impressions_clara_google: trace=0.23359  sim=0.06672  calib=3.50137
2026-06-09 12:56:12 | INFO     | optimisation:455 |   [CALIB] media_impressions_clara_dv360: trace=0.12021  sim=0.04746  calib=2.53274
2026-06-09 12:56:12 | INFO     | optimisation:455 |   [CALIB] media_impressions_clara_linkedin: trace=0.10181  sim=0.07709  calib=1.32074
2026-06-09 12:56:12 | INFO     | optimisation:455 |   [CALIB] media_impressions_clara_meta: trace=0.16439  sim=0.24830  calib=0.66204
2026-06-09 12:56:12 | INFO     | optimisation:594 |   [OPT FORWARD] period=monthly (4.35 model-periods) | total_budget_spend=43,965.73 | per-period-spend=10,110.9390
2026-06-09 12:56:12 | INFO     | optimisation:374 |   [RSCALE] mu_base_z=-0.5047  y_base=70.28  rscale=40.3375  (y_std x (y_base+1))
2026-06-09 12:56:12 | INFO     | optimisation:628 |   [ACHIEVABILITY] response achievable within bounds: [0.0000, 616.0766]
2026-06-09 12:56:21 | WARNING  | optimisation:692 |   [OPTIMISE] 3/200 SLSQP runs did not converge — using current spend allocation as fallback for those samples.
2026-06-09 12:56:21 | WARNING  | optimisation:698 |   [OPTIMISE] 3/200 samples violated bounds or budget constraint (>1% tolerance).
2026-06-09 12:56:21 | INFO     | optimisation:798 |   [OPTIMISE FORWARD] expected_response=430.4773 | current_response=103.9719 | pct_change=+314.0% | convergence=98.5%
2026-06-09 12:56:21 | INFO     | optimisation:804 | 
                         channel  current_spend_£  optimal_spend_£_mean  pct_change_spend  current_response  response_mean  pct_change_response  current_roi  optimal_roi
  media_impressions_clara_google         40919.56              25276.32            -38.23           77.0811       157.7237               104.62     0.001884     0.006240
   media_impressions_clara_dv360          1023.26               6841.25            568.57           17.5697       215.2141              1124.92     0.017170     0.031458
media_impressions_clara_linkedin          5485.49               6201.30             13.05            3.0150        37.3279              1138.06     0.000550     0.006019
    media_impressions_clara_meta          7528.85               5646.86            -25.00            6.3061        20.2116               220.51     0.000838     0.003579
                           TOTAL         54957.17              43965.73            -20.00          103.9719       430.4773               314.03     0.001892     0.009791
2026-06-09 12:56:21 | INFO     | analysis:2013 |   [SCENARIO] -20% budget: spend=£43,966 | response=430.4773 | ROI=0.0098
2026-06-09 12:56:21 | INFO     | analysis:1897 | 
[SCENARIO] -- -10% budget (budget_pct) ----------------
2026-06-09 12:56:21 | INFO     | optimisation:455 |   [CALIB] media_impressions_clara_google: trace=0.23359  sim=0.06672  calib=3.50137
2026-06-09 12:56:21 | INFO     | optimisation:455 |   [CALIB] media_impressions_clara_dv360: trace=0.12021  sim=0.04746  calib=2.53274
2026-06-09 12:56:21 | INFO     | optimisation:455 |   [CALIB] media_impressions_clara_linkedin: trace=0.10181  sim=0.07709  calib=1.32074
2026-06-09 12:56:21 | INFO     | optimisation:455 |   [CALIB] media_impressions_clara_meta: trace=0.16439  sim=0.24830  calib=0.66204
2026-06-09 12:56:21 | INFO     | optimisation:594 |   [OPT FORWARD] period=monthly (4.35 model-periods) | total_budget_spend=49,461.45 | per-period-spend=11,374.8063
2026-06-09 12:56:21 | INFO     | optimisation:374 |   [RSCALE] mu_base_z=-0.5047  y_base=70.28  rscale=40.3375  (y_std x (y_base+1))
2026-06-09 12:56:21 | INFO     | optimisation:628 |   [ACHIEVABILITY] response achievable within bounds: [0.0000, 650.5467]
2026-06-09 12:56:28 | WARNING  | optimisation:692 |   [OPTIMISE] 3/200 SLSQP runs did not converge — using current spend allocation as fallback for those samples.
2026-06-09 12:56:28 | WARNING  | optimisation:698 |   [OPTIMISE] 3/200 samples violated bounds or budget constraint (>1% tolerance).
2026-06-09 12:56:28 | INFO     | optimisation:798 |   [OPTIMISE FORWARD] expected_response=468.6500 | current_response=103.9719 | pct_change=+350.8% | convergence=98.5%
2026-06-09 12:56:28 | INFO     | optimisation:804 | 
                         channel  current_spend_£  optimal_spend_£_mean  pct_change_spend  current_response  response_mean  pct_change_response  current_roi  optimal_roi
  media_impressions_clara_google         40919.56              28349.53            -30.72           77.0811       171.9108               123.03     0.001884     0.006064
   media_impressions_clara_dv360          1023.26               7344.28            617.73           17.5697       230.9530              1214.50     0.017170     0.031447
media_impressions_clara_linkedin          5485.49               6895.50             25.70            3.0150        41.5938              1279.55     0.000550     0.006032
    media_impressions_clara_meta          7528.85               6872.13             -8.72            6.3061        24.1924               283.63     0.000838     0.003520
                           TOTAL         54957.17              49461.45            -10.00          103.9719       468.6500               350.75     0.001892     0.009475
2026-06-09 12:56:28 | INFO     | analysis:2013 |   [SCENARIO] -10% budget: spend=£49,461 | response=468.6500 | ROI=0.0095
2026-06-09 12:56:28 | INFO     | analysis:1897 | 
[SCENARIO] -- +10% budget (budget_pct) ----------------
2026-06-09 12:56:28 | INFO     | optimisation:455 |   [CALIB] media_impressions_clara_google: trace=0.23359  sim=0.06672  calib=3.50137
2026-06-09 12:56:28 | INFO     | optimisation:455 |   [CALIB] media_impressions_clara_dv360: trace=0.12021  sim=0.04746  calib=2.53274
2026-06-09 12:56:28 | INFO     | optimisation:455 |   [CALIB] media_impressions_clara_linkedin: trace=0.10181  sim=0.07709  calib=1.32074
2026-06-09 12:56:28 | INFO     | optimisation:455 |   [CALIB] media_impressions_clara_meta: trace=0.16439  sim=0.24830  calib=0.66204
2026-06-09 12:56:28 | INFO     | optimisation:594 |   [OPT FORWARD] period=monthly (4.35 model-periods) | total_budget_spend=60,452.88 | per-period-spend=13,902.5411
2026-06-09 12:56:28 | INFO     | optimisation:374 |   [RSCALE] mu_base_z=-0.5047  y_base=70.28  rscale=40.3375  (y_std x (y_base+1))
2026-06-09 12:56:28 | INFO     | optimisation:628 |   [ACHIEVABILITY] response achievable within bounds: [0.0000, 713.2190]
2026-06-09 12:56:39 | WARNING  | optimisation:692 |   [OPTIMISE] 7/200 SLSQP runs did not converge — using current spend allocation as fallback for those samples.
2026-06-09 12:56:39 | WARNING  | optimisation:698 |   [OPTIMISE] 7/200 samples violated bounds or budget constraint (>1% tolerance).
2026-06-09 12:56:39 | INFO     | optimisation:798 |   [OPTIMISE FORWARD] expected_response=519.5604 | current_response=103.9719 | pct_change=+399.7% | convergence=96.5%
2026-06-09 12:56:39 | INFO     | optimisation:804 | 
                         channel  current_spend_£  optimal_spend_£_mean  pct_change_spend  current_response  response_mean  pct_change_response  current_roi  optimal_roi
  media_impressions_clara_google         40919.56              34838.61            -14.86           77.0811       191.7856               148.81     0.001884     0.005505
   media_impressions_clara_dv360          1023.26               7447.28            627.80           17.5697       245.5574              1297.62     0.017170     0.032973
media_impressions_clara_linkedin          5485.49               9470.15             72.64            3.0150        52.8125              1651.64     0.000550     0.005577
    media_impressions_clara_meta          7528.85               8696.84             15.51            6.3061        29.4048               366.29     0.000838     0.003381
                           TOTAL         54957.17              60452.88             10.00          103.9719       519.5604               399.71     0.001892     0.008594
2026-06-09 12:56:39 | INFO     | analysis:2013 |   [SCENARIO] +10% budget: spend=£60,453 | response=519.5604 | ROI=0.0086
2026-06-09 12:56:39 | INFO     | analysis:1897 | 
[SCENARIO] -- +20% budget (budget_pct) ----------------
2026-06-09 12:56:39 | INFO     | optimisation:455 |   [CALIB] media_impressions_clara_google: trace=0.23359  sim=0.06672  calib=3.50137
2026-06-09 12:56:39 | INFO     | optimisation:455 |   [CALIB] media_impressions_clara_dv360: trace=0.12021  sim=0.04746  calib=2.53274
2026-06-09 12:56:39 | INFO     | optimisation:455 |   [CALIB] media_impressions_clara_linkedin: trace=0.10181  sim=0.07709  calib=1.32074
2026-06-09 12:56:39 | INFO     | optimisation:455 |   [CALIB] media_impressions_clara_meta: trace=0.16439  sim=0.24830  calib=0.66204
2026-06-09 12:56:39 | INFO     | optimisation:594 |   [OPT FORWARD] period=monthly (4.35 model-periods) | total_budget_spend=65,948.60 | per-period-spend=15,166.4084
2026-06-09 12:56:39 | INFO     | optimisation:374 |   [RSCALE] mu_base_z=-0.5047  y_base=70.28  rscale=40.3375  (y_std x (y_base+1))
2026-06-09 12:56:39 | INFO     | optimisation:628 |   [ACHIEVABILITY] response achievable within bounds: [0.0000, 741.2389]
2026-06-09 12:56:46 | WARNING  | optimisation:692 |   [OPTIMISE] 2/200 SLSQP runs did not converge — using current spend allocation as fallback for those samples.
2026-06-09 12:56:46 | WARNING  | optimisation:698 |   [OPTIMISE] 2/200 samples violated bounds or budget constraint (>1% tolerance).
2026-06-09 12:56:46 | INFO     | optimisation:798 |   [OPTIMISE FORWARD] expected_response=552.2534 | current_response=103.9719 | pct_change=+431.2% | convergence=99.0%
2026-06-09 12:56:46 | INFO     | optimisation:804 | 
                         channel  current_spend_£  optimal_spend_£_mean  pct_change_spend  current_response  response_mean  pct_change_response  current_roi  optimal_roi
  media_impressions_clara_google         40919.56              36771.92            -10.14           77.0811       199.1188               158.32     0.001884     0.005415
   media_impressions_clara_dv360          1023.26               8286.91            709.85           17.5697       259.5776              1377.42     0.017170     0.031324
media_impressions_clara_linkedin          5485.49              10896.51             98.64            3.0150        60.1362              1894.54     0.000550     0.005519
    media_impressions_clara_meta          7528.85               9993.26             32.73            6.3061        33.4207               429.97     0.000838     0.003344
                           TOTAL         54957.17              65948.60             20.00          103.9719       552.2534               431.16     0.001892     0.008374
2026-06-09 12:56:46 | INFO     | analysis:2013 |   [SCENARIO] +20% budget: spend=£65,949 | response=552.2534 | ROI=0.0084
2026-06-09 12:56:46 | INFO     | analysis:2021 | 
[SCENARIOS] Complete — 5 scenario(s) evaluated.
2026-06-09 12:56:46 | INFO     | analysis:2023 | 
     scenario  total_spend_£  pct_change_spend  total_response_mean  pct_change_response  overall_roi_£
Current spend       54957.17               0.0              22.5300                  0.0         0.0004
  -20% budget       43965.73             -20.0             430.4773               1810.7         0.0098
  -10% budget       49461.45             -10.0             468.6500               1980.1         0.0095
  +10% budget       60452.88              10.0             519.5604               2206.1         0.0086
  +20% budget       65948.60              20.0             552.2534               2351.2         0.0084
2026-06-09 12:56:46 | INFO     | analyze:262 |   Saved: scenarios/scenario_comparison.csv + scenario_channel_detail.csv
2026-06-09 12:56:46 | INFO     | analysis:2202 |   Saved: Bayesian_Output\scenarios\scenario_comparison.png
2026-06-09 12:56:46 | INFO     | analysis:2248 |   Saved: Bayesian_Output\scenarios\scenario_roi_comparison.png
2026-06-09 12:56:46 | INFO     | analyze:269 | [SCENARIOS] Done.
2026-06-09 12:56:46 | INFO     | analyze:940 | 
──────────────────────────────────────────────────
  HTML Report
──────────────────────────────────────────────────
2026-06-09 12:56:46 | INFO     | pipeline:196 | [LOAD] trace.nc  <- Bayesian_Output\trace.nc
2026-06-09 12:56:46 | INFO     | pipeline:199 | [LOAD] prep.pkl  <- Bayesian_Output\prep.pkl
2026-06-09 12:56:46 | DEBUG    | optimisation:2158 |   [CPP] Loaded source CSV: wkly_clara_data_31Jul 2.csv
2026-06-09 12:56:46 | INFO     | optimisation:2222 |   [CPP] media_impressions_clara_google            Impressions      CPM (GBP / 1000 imps) = 9.596978  [computed from data]
2026-06-09 12:56:46 | INFO     | optimisation:2222 |   [CPP] media_impressions_clara_dv360             Impressions      CPM (GBP / 1000 imps) = 1.602880  [computed from data]
2026-06-09 12:56:46 | INFO     | optimisation:2222 |   [CPP] media_impressions_clara_linkedin          Impressions      CPM (GBP / 1000 imps) = 11.532971  [computed from data]
2026-06-09 12:56:46 | INFO     | optimisation:2222 |   [CPP] media_impressions_clara_meta              Impressions      CPM (GBP / 1000 imps) = 5.908476  [computed from data]
2026-06-09 12:56:46 | INFO     | analyze:99 | 
  Channel metric types and cost-per-unit rates:
  Channel                                       Metric           Rate
  --------------------------------------------------------------------------------
  media_impressions_clara_google                Impressions      9.596978  (CPM (GBP / 1000 imps))
  media_impressions_clara_dv360                 Impressions      1.602880  (CPM (GBP / 1000 imps))
  media_impressions_clara_linkedin              Impressions      11.532971  (CPM (GBP / 1000 imps))
  media_impressions_clara_meta                  Impressions      5.908476  (CPM (GBP / 1000 imps))
2026-06-09 12:56:46 | INFO     | analyze:370 | [REPORT 1/3] Response curves...
2026-06-09 12:56:47 | INFO     | analysis:732 |   [RC:steady_state] media_impressions_clara_google max_signups=41.68 @ GBP 100,321
2026-06-09 12:56:47 | INFO     | analysis:732 |   [RC:steady_state] media_impressions_clara_dv360  max_signups=37.40 @ GBP 1,389
2026-06-09 12:56:47 | INFO     | analysis:732 |   [RC:steady_state] media_impressions_clara_linkedin max_signups=37.00 @ GBP 9,065
2026-06-09 12:56:47 | INFO     | analysis:732 |   [RC:steady_state] media_impressions_clara_meta   max_signups=43.36 @ GBP 9,358
2026-06-09 12:56:47 | INFO     | analysis:738 |   Response curves computed for 4 channels x 100 spend points.
2026-06-09 12:56:47 | INFO     | analysis:732 |   [RC:steady_state] media_impressions_clara_google max_signups=41.68 @ GBP 100,321
2026-06-09 12:56:47 | INFO     | analysis:732 |   [RC:steady_state] media_impressions_clara_dv360  max_signups=37.40 @ GBP 1,389
2026-06-09 12:56:47 | INFO     | analysis:732 |   [RC:steady_state] media_impressions_clara_linkedin max_signups=37.00 @ GBP 9,065
2026-06-09 12:56:47 | INFO     | analysis:732 |   [RC:steady_state] media_impressions_clara_meta   max_signups=43.36 @ GBP 9,358
2026-06-09 12:56:47 | INFO     | analysis:738 |   Response curves computed for 4 channels x 101 spend points.
2026-06-09 12:56:47 | INFO     | analysis:777 |   Marginal ROI curves computed.
2026-06-09 12:56:47 | INFO     | analysis:732 |   [RC:steady_state] media_impressions_clara_google max_signups=43.18 @ GBP 334,403
2026-06-09 12:56:47 | INFO     | analysis:732 |   [RC:steady_state] media_impressions_clara_dv360  max_signups=40.53 @ GBP 4,629
2026-06-09 12:56:47 | INFO     | analysis:732 |   [RC:steady_state] media_impressions_clara_linkedin max_signups=49.12 @ GBP 30,216
2026-06-09 12:56:47 | INFO     | analysis:732 |   [RC:steady_state] media_impressions_clara_meta   max_signups=51.56 @ GBP 31,193
2026-06-09 12:56:47 | INFO     | analysis:738 |   Response curves computed for 4 channels x 200 spend points.
2026-06-09 12:56:47 | INFO     | analysis:856 |   [SATURATION] Analysis complete for 4 channels.
2026-06-09 12:56:47 | INFO     | analysis:1349 |   Saved: Bayesian_Output\response_curves\response_curves.png
2026-06-09 12:56:47 | WARNING  | analyze:393 | Response curve plot failed (non-fatal): name 'use_raw' is not defined
2026-06-09 12:56:47 | INFO     | analyze:396 | [REPORT 2/3] Budget optimisation scenarios...
2026-06-09 12:56:47 | INFO     | optimisation:455 |   [CALIB] media_impressions_clara_google: trace=0.23359  sim=0.06672  calib=3.50137
2026-06-09 12:56:47 | INFO     | optimisation:455 |   [CALIB] media_impressions_clara_dv360: trace=0.12021  sim=0.04746  calib=2.53274
2026-06-09 12:56:47 | INFO     | optimisation:455 |   [CALIB] media_impressions_clara_linkedin: trace=0.10181  sim=0.07709  calib=1.32074
2026-06-09 12:56:47 | INFO     | optimisation:455 |   [CALIB] media_impressions_clara_meta: trace=0.16439  sim=0.24830  calib=0.66204
2026-06-09 12:56:47 | INFO     | optimisation:594 |   [OPT FORWARD] period=monthly (4.35 model-periods) | total_budget_spend=54,957.17 | per-period-spend=12,638.6737
2026-06-09 12:56:47 | INFO     | optimisation:374 |   [RSCALE] mu_base_z=-0.5047  y_base=70.28  rscale=40.3375  (y_std x (y_base+1))
2026-06-09 12:56:47 | INFO     | optimisation:628 |   [ACHIEVABILITY] response achievable within bounds: [41.0441, 192.5352]
2026-06-09 12:56:55 | WARNING  | optimisation:692 |   [OPTIMISE] 4/200 SLSQP runs did not converge — using current spend allocation as fallback for those samples.
2026-06-09 12:56:55 | WARNING  | optimisation:698 |   [OPTIMISE] 4/200 samples violated bounds or budget constraint (>1% tolerance).
2026-06-09 12:56:55 | INFO     | optimisation:798 |   [OPTIMISE FORWARD] expected_response=298.9809 | current_response=103.9719 | pct_change=+187.6% | convergence=98.0%
2026-06-09 12:56:55 | INFO     | optimisation:804 | 
                         channel  current_spend_£  optimal_spend_£_mean  pct_change_spend  current_response  response_mean  pct_change_response  current_roi  optimal_roi
  media_impressions_clara_google         40919.56              40869.70             -0.12           77.0811       188.2899               144.27     0.001884     0.004607
   media_impressions_clara_dv360          1023.26               1260.76             23.21           17.5697        63.9930               264.22     0.017170     0.050758
media_impressions_clara_linkedin          5485.49               5425.86             -1.09            3.0150        28.0990               831.96     0.000550     0.005179
    media_impressions_clara_meta          7528.85               7400.85             -1.70            6.3061        18.5990               194.93     0.000838     0.002513
                           TOTAL         54957.17              54957.17             -0.00          103.9719       298.9809               187.56     0.001892     0.005440
2026-06-09 12:56:55 | INFO     | optimisation:455 |   [CALIB] media_impressions_clara_google: trace=0.23359  sim=0.06672  calib=3.50137
2026-06-09 12:56:55 | INFO     | optimisation:455 |   [CALIB] media_impressions_clara_dv360: trace=0.12021  sim=0.04746  calib=2.53274
2026-06-09 12:56:55 | INFO     | optimisation:455 |   [CALIB] media_impressions_clara_linkedin: trace=0.10181  sim=0.07709  calib=1.32074
2026-06-09 12:56:55 | INFO     | optimisation:455 |   [CALIB] media_impressions_clara_meta: trace=0.16439  sim=0.24830  calib=0.66204
2026-06-09 12:56:55 | INFO     | optimisation:594 |   [OPT FORWARD] period=monthly (4.35 model-periods) | total_budget_spend=43,965.73 | per-period-spend=10,110.9390
2026-06-09 12:56:55 | INFO     | optimisation:374 |   [RSCALE] mu_base_z=-0.5047  y_base=70.28  rscale=40.3375  (y_std x (y_base+1))
2026-06-09 12:56:55 | INFO     | optimisation:628 |   [ACHIEVABILITY] response achievable within bounds: [41.0441, 192.5352]
2026-06-09 12:57:00 | WARNING  | optimisation:692 |   [OPTIMISE] 1/200 SLSQP runs did not converge — using current spend allocation as fallback for those samples.
2026-06-09 12:57:00 | WARNING  | optimisation:698 |   [OPTIMISE] 1/200 samples violated bounds or budget constraint (>1% tolerance).
2026-06-09 12:57:00 | INFO     | optimisation:798 |   [OPTIMISE FORWARD] expected_response=257.4850 | current_response=103.9719 | pct_change=+147.7% | convergence=99.5%
2026-06-09 12:57:00 | INFO     | optimisation:804 | 
                         channel  current_spend_£  optimal_spend_£_mean  pct_change_spend  current_response  response_mean  pct_change_response  current_roi  optimal_roi
  media_impressions_clara_google         40919.56              31264.40            -23.60           77.0811       152.3496                97.65     0.001884     0.004873
   media_impressions_clara_dv360          1023.26               1207.39             17.99           17.5697        63.5274               261.57     0.017170     0.052616
media_impressions_clara_linkedin          5485.49               4924.40            -10.23            3.0150        25.8996               759.01     0.000550     0.005259
    media_impressions_clara_meta          7528.85               6569.55            -12.74            6.3061        15.7085               149.10     0.000838     0.002391
                           TOTAL         54957.17              43965.73            -20.00          103.9719       257.4850               147.65     0.001892     0.005856
2026-06-09 12:57:00 | INFO     | optimisation:455 |   [CALIB] media_impressions_clara_google: trace=0.23359  sim=0.06672  calib=3.50137
2026-06-09 12:57:00 | INFO     | optimisation:455 |   [CALIB] media_impressions_clara_dv360: trace=0.12021  sim=0.04746  calib=2.53274
2026-06-09 12:57:00 | INFO     | optimisation:455 |   [CALIB] media_impressions_clara_linkedin: trace=0.10181  sim=0.07709  calib=1.32074
2026-06-09 12:57:00 | INFO     | optimisation:455 |   [CALIB] media_impressions_clara_meta: trace=0.16439  sim=0.24830  calib=0.66204
2026-06-09 12:57:00 | INFO     | optimisation:594 |   [OPT FORWARD] period=monthly (4.35 model-periods) | total_budget_spend=49,461.45 | per-period-spend=11,374.8063
2026-06-09 12:57:00 | INFO     | optimisation:374 |   [RSCALE] mu_base_z=-0.5047  y_base=70.28  rscale=40.3375  (y_std x (y_base+1))
2026-06-09 12:57:00 | INFO     | optimisation:628 |   [ACHIEVABILITY] response achievable within bounds: [41.0441, 192.5352]
2026-06-09 12:57:06 | WARNING  | optimisation:692 |   [OPTIMISE] 7/200 SLSQP runs did not converge — using current spend allocation as fallback for those samples.
2026-06-09 12:57:06 | WARNING  | optimisation:698 |   [OPTIMISE] 7/200 samples violated bounds or budget constraint (>1% tolerance).
2026-06-09 12:57:06 | INFO     | optimisation:798 |   [OPTIMISE FORWARD] expected_response=279.4713 | current_response=103.9719 | pct_change=+168.8% | convergence=96.5%
2026-06-09 12:57:06 | INFO     | optimisation:804 | 
                         channel  current_spend_£  optimal_spend_£_mean  pct_change_spend  current_response  response_mean  pct_change_response  current_roi  optimal_roi
  media_impressions_clara_google         40919.56              35919.44            -12.22           77.0811       171.6234               122.65     0.001884     0.004778
   media_impressions_clara_dv360          1023.26               1229.75             20.18           17.5697        63.2911               260.23     0.017170     0.051467
media_impressions_clara_linkedin          5485.49               5267.58             -3.97            3.0150        27.1821               801.55     0.000550     0.005160
    media_impressions_clara_meta          7528.85               7044.69             -6.43            6.3061        17.3748               175.52     0.000838     0.002466
                           TOTAL         54957.17              49461.45            -10.00          103.9719       279.4713               168.80     0.001892     0.005650
2026-06-09 12:57:06 | INFO     | optimisation:455 |   [CALIB] media_impressions_clara_google: trace=0.23359  sim=0.06672  calib=3.50137
2026-06-09 12:57:06 | INFO     | optimisation:455 |   [CALIB] media_impressions_clara_dv360: trace=0.12021  sim=0.04746  calib=2.53274
2026-06-09 12:57:06 | INFO     | optimisation:455 |   [CALIB] media_impressions_clara_linkedin: trace=0.10181  sim=0.07709  calib=1.32074
2026-06-09 12:57:06 | INFO     | optimisation:455 |   [CALIB] media_impressions_clara_meta: trace=0.16439  sim=0.24830  calib=0.66204
2026-06-09 12:57:06 | INFO     | optimisation:594 |   [OPT FORWARD] period=monthly (4.35 model-periods) | total_budget_spend=60,452.88 | per-period-spend=13,902.5411
2026-06-09 12:57:06 | INFO     | optimisation:374 |   [RSCALE] mu_base_z=-0.5047  y_base=70.28  rscale=40.3375  (y_std x (y_base+1))
2026-06-09 12:57:06 | INFO     | optimisation:628 |   [ACHIEVABILITY] response achievable within bounds: [41.0441, 192.5352]
2026-06-09 12:57:13 | WARNING  | optimisation:692 |   [OPTIMISE] 4/200 SLSQP runs did not converge — using current spend allocation as fallback for those samples.
2026-06-09 12:57:13 | WARNING  | optimisation:698 |   [OPTIMISE] 4/200 samples violated bounds or budget constraint (>1% tolerance).
2026-06-09 12:57:13 | INFO     | optimisation:798 |   [OPTIMISE FORWARD] expected_response=315.0473 | current_response=103.9719 | pct_change=+203.0% | convergence=98.0%
2026-06-09 12:57:13 | INFO     | optimisation:804 | 
                         channel  current_spend_£  optimal_spend_£_mean  pct_change_spend  current_response  response_mean  pct_change_response  current_roi  optimal_roi
  media_impressions_clara_google         40919.56              45839.83             12.02           77.0811       202.7773               163.07     0.001884     0.004424
   media_impressions_clara_dv360          1023.26               1291.15             26.18           17.5697        64.1312               265.01     0.017170     0.049670
media_impressions_clara_linkedin          5485.49               5695.71              3.83            3.0150        28.9521               860.26     0.000550     0.005083
    media_impressions_clara_meta          7528.85               7626.19              1.29            6.3061        19.1866               204.25     0.000838     0.002516
                           TOTAL         54957.17              60452.88             10.00          103.9719       315.0473               203.01     0.001892     0.005211
2026-06-09 12:57:13 | INFO     | optimisation:455 |   [CALIB] media_impressions_clara_google: trace=0.23359  sim=0.06672  calib=3.50137
2026-06-09 12:57:13 | INFO     | optimisation:455 |   [CALIB] media_impressions_clara_dv360: trace=0.12021  sim=0.04746  calib=2.53274
2026-06-09 12:57:13 | INFO     | optimisation:455 |   [CALIB] media_impressions_clara_linkedin: trace=0.10181  sim=0.07709  calib=1.32074
2026-06-09 12:57:13 | INFO     | optimisation:455 |   [CALIB] media_impressions_clara_meta: trace=0.16439  sim=0.24830  calib=0.66204
2026-06-09 12:57:13 | INFO     | optimisation:594 |   [OPT FORWARD] period=monthly (4.35 model-periods) | total_budget_spend=65,948.60 | per-period-spend=15,166.4084
2026-06-09 12:57:13 | INFO     | optimisation:374 |   [RSCALE] mu_base_z=-0.5047  y_base=70.28  rscale=40.3375  (y_std x (y_base+1))
2026-06-09 12:57:13 | INFO     | optimisation:628 |   [ACHIEVABILITY] response achievable within bounds: [41.0441, 192.5352]
2026-06-09 12:57:18 | WARNING  | optimisation:692 |   [OPTIMISE] 3/200 SLSQP runs did not converge — using current spend allocation as fallback for those samples.
2026-06-09 12:57:18 | WARNING  | optimisation:698 |   [OPTIMISE] 3/200 samples violated bounds or budget constraint (>1% tolerance).
2026-06-09 12:57:18 | INFO     | optimisation:798 |   [OPTIMISE FORWARD] expected_response=328.5169 | current_response=103.9719 | pct_change=+216.0% | convergence=98.5%
2026-06-09 12:57:18 | INFO     | optimisation:804 | 
                         channel  current_spend_£  optimal_spend_£_mean  pct_change_spend  current_response  response_mean  pct_change_response  current_roi  optimal_roi
  media_impressions_clara_google         40919.56              50429.78             23.24           77.0811       214.3032               178.02     0.001884     0.004250
   media_impressions_clara_dv360          1023.26               1297.75             26.82           17.5697        64.3068               266.01     0.017170     0.049553
media_impressions_clara_linkedin          5485.49               5963.92              8.72            3.0150        29.5085               878.71     0.000550     0.004948
    media_impressions_clara_meta          7528.85               8257.15              9.67            6.3061        20.3985               223.47     0.000838     0.002470
                           TOTAL         54957.17              65948.60             20.00          103.9719       328.5169               215.97     0.001892     0.004981
2026-06-09 12:57:18 | INFO     | analyze:433 | [REPORT 3/3] Building HTML...
2026-06-09 12:57:18 | INFO     | analyze:475 | 
[REPORT] Saved: Bayesian_Output\mmm_report.html
2026-06-09 12:57:18 | INFO     | analyze:476 | [REPORT] Open in any browser — all charts are embedded, no other files needed.
2026-06-09 12:57:18 | INFO     | analyze:945 | 
[ALL] Complete.
2026-06-09 13:06:11 | INFO     | pipeline:196 | [LOAD] trace.nc  <- Bayesian_Output\trace.nc
2026-06-09 13:06:12 | INFO     | pipeline:199 | [LOAD] prep.pkl  <- Bayesian_Output\prep.pkl
2026-06-09 13:06:12 | DEBUG    | optimisation:2158 |   [CPP] Loaded source CSV: wkly_clara_data_31Jul 2.csv
2026-06-09 13:06:12 | INFO     | optimisation:2222 |   [CPP] media_impressions_clara_google            Impressions      CPM (GBP / 1000 imps) = 9.596978  [computed from data]
2026-06-09 13:06:12 | INFO     | optimisation:2222 |   [CPP] media_impressions_clara_dv360             Impressions      CPM (GBP / 1000 imps) = 1.602880  [computed from data]
2026-06-09 13:06:12 | INFO     | optimisation:2222 |   [CPP] media_impressions_clara_linkedin          Impressions      CPM (GBP / 1000 imps) = 11.532971  [computed from data]
2026-06-09 13:06:12 | INFO     | optimisation:2222 |   [CPP] media_impressions_clara_meta              Impressions      CPM (GBP / 1000 imps) = 5.908476  [computed from data]
2026-06-09 13:06:12 | INFO     | analyze:99 | 
  Channel metric types and cost-per-unit rates:
  Channel                                       Metric           Rate
  --------------------------------------------------------------------------------
  media_impressions_clara_google                Impressions      9.596978  (CPM (GBP / 1000 imps))
  media_impressions_clara_dv360                 Impressions      1.602880  (CPM (GBP / 1000 imps))
  media_impressions_clara_linkedin              Impressions      11.532971  (CPM (GBP / 1000 imps))
  media_impressions_clara_meta                  Impressions      5.908476  (CPM (GBP / 1000 imps))
2026-06-09 13:06:12 | INFO     | analyze:623 | 
[SEQUENTIAL] Scenario 1: Current Spend | type=forward | n_months=1 | budget=£50,555
2026-06-09 13:06:12 | INFO     | optimisation:455 |   [CALIB] media_impressions_clara_google: trace=0.23359  sim=0.14264  calib=1.63760
2026-06-09 13:06:12 | INFO     | optimisation:455 |   [CALIB] media_impressions_clara_dv360: trace=0.12021  sim=0.01951  calib=6.16179
2026-06-09 13:06:12 | INFO     | optimisation:455 |   [CALIB] media_impressions_clara_linkedin: trace=0.10181  sim=0.04521  calib=2.25211
2026-06-09 13:06:12 | INFO     | optimisation:455 |   [CALIB] media_impressions_clara_meta: trace=0.16439  sim=0.30947  calib=0.53118
2026-06-09 13:06:12 | INFO     | optimisation:374 |   [RSCALE] mu_base_z=-0.5047  y_base=70.28  rscale=40.3375  (y_std x (y_base+1))
2026-06-09 13:06:12 | INFO     | optimisation:1839 |   [SEQ-OPT] n_months=1  n_ppm=4  total=£50,554.69  monthly=£50,554.69  round_budget_pct=0.020
2026-06-09 13:06:12 | INFO     | optimisation:1976 |   [SEQ-OPT] month=1  opt=152.94  bau=138.67  curr=138.67
2026-06-09 13:06:12 | INFO     | optimisation:2057 |   [SEQ-OPT] opt=152.9409  bau=138.6686  current=138.6686  uplift_vs_bau=+10.3%
2026-06-09 13:06:12 | INFO     | analyze:657 |   Saved: seq_Current_Spend_summary/channels/monthly.csv
2026-06-09 13:06:12 | INFO     | analyze:623 | 
[SEQUENTIAL] Scenario 2: Budget +20% | type=forward | n_months=1 | budget=£60,666
2026-06-09 13:06:12 | INFO     | optimisation:455 |   [CALIB] media_impressions_clara_google: trace=0.23359  sim=0.14264  calib=1.63760
2026-06-09 13:06:12 | INFO     | optimisation:455 |   [CALIB] media_impressions_clara_dv360: trace=0.12021  sim=0.01951  calib=6.16179
2026-06-09 13:06:12 | INFO     | optimisation:455 |   [CALIB] media_impressions_clara_linkedin: trace=0.10181  sim=0.04521  calib=2.25211
2026-06-09 13:06:12 | INFO     | optimisation:455 |   [CALIB] media_impressions_clara_meta: trace=0.16439  sim=0.30947  calib=0.53118
2026-06-09 13:06:12 | INFO     | optimisation:374 |   [RSCALE] mu_base_z=-0.5047  y_base=70.28  rscale=40.3375  (y_std x (y_base+1))
2026-06-09 13:06:12 | INFO     | optimisation:1839 |   [SEQ-OPT] n_months=1  n_ppm=4  total=£60,665.63  monthly=£60,665.63  round_budget_pct=0.020
2026-06-09 13:06:12 | INFO     | optimisation:1976 |   [SEQ-OPT] month=1  opt=170.50  bau=165.38  curr=138.67
2026-06-09 13:06:12 | INFO     | optimisation:2057 |   [SEQ-OPT] opt=170.5015  bau=165.3788  current=138.6686  uplift_vs_bau=+3.1%
2026-06-09 13:06:12 | INFO     | analyze:657 |   Saved: seq_Budget_plus20pct_summary/channels/monthly.csv
2026-06-09 13:06:12 | INFO     | analyze:623 | 
[SEQUENTIAL] Scenario 3: Budget -20% | type=forward | n_months=1 | budget=£40,444
2026-06-09 13:06:12 | INFO     | optimisation:455 |   [CALIB] media_impressions_clara_google: trace=0.23359  sim=0.14264  calib=1.63760
2026-06-09 13:06:12 | INFO     | optimisation:455 |   [CALIB] media_impressions_clara_dv360: trace=0.12021  sim=0.01951  calib=6.16179
2026-06-09 13:06:12 | INFO     | optimisation:455 |   [CALIB] media_impressions_clara_linkedin: trace=0.10181  sim=0.04521  calib=2.25211
2026-06-09 13:06:12 | INFO     | optimisation:455 |   [CALIB] media_impressions_clara_meta: trace=0.16439  sim=0.30947  calib=0.53118
2026-06-09 13:06:12 | INFO     | optimisation:374 |   [RSCALE] mu_base_z=-0.5047  y_base=70.28  rscale=40.3375  (y_std x (y_base+1))
2026-06-09 13:06:12 | INFO     | optimisation:1839 |   [SEQ-OPT] n_months=1  n_ppm=4  total=£40,443.76  monthly=£40,443.76  round_budget_pct=0.020
2026-06-09 13:06:13 | INFO     | optimisation:1976 |   [SEQ-OPT] month=1  opt=125.84  bau=106.97  curr=138.67
2026-06-09 13:06:13 | INFO     | optimisation:2057 |   [SEQ-OPT] opt=125.8449  bau=106.9651  current=138.6686  uplift_vs_bau=+17.6%
2026-06-09 13:06:13 | INFO     | analyze:657 |   Saved: seq_Budget_20pct_summary/channels/monthly.csv
2026-06-09 13:06:13 | INFO     | analyze:671 |   Saved: sequential_opt/optimisation_scenarios.csv
2026-06-09 13:06:13 | INFO     | analyze:922 |   [SEQUENTIAL] Excel written: Bayesian_Output\sequential_results.xlsx
2026-06-09 13:06:14 | INFO     | export:707 |   Written Optimisation_Scenarios tab to model_results.xlsx
2026-06-09 13:06:14 | INFO     | analyze:687 |   Written Optimisation_Scenarios tab to model_results.xlsx
2026-06-09 13:06:14 | INFO     | analysis:1674 |   Saved: Bayesian_Output\sequential_opt\waterfall_optimizer.png
2026-06-09 13:06:14 | INFO     | analysis:1778 |   Saved: Bayesian_Output\sequential_opt\efficiency_scorecard.png
2026-06-09 13:06:14 | INFO     | analyze:709 |   Saved waterfall + scorecard for scenario: Current Spend
2026-06-09 13:06:14 | INFO     | analyze:715 | [SEQUENTIAL] Done.
2026-06-09 13:07:37 | INFO     | pipeline:196 | [LOAD] trace.nc  <- Bayesian_Output\trace.nc
2026-06-09 13:07:37 | INFO     | pipeline:199 | [LOAD] prep.pkl  <- Bayesian_Output\prep.pkl
2026-06-09 13:07:37 | DEBUG    | optimisation:2158 |   [CPP] Loaded source CSV: wkly_clara_data_31Jul 2.csv
2026-06-09 13:07:37 | INFO     | optimisation:2222 |   [CPP] media_impressions_clara_google            Impressions      CPM (GBP / 1000 imps) = 9.596978  [computed from data]
2026-06-09 13:07:37 | INFO     | optimisation:2222 |   [CPP] media_impressions_clara_dv360             Impressions      CPM (GBP / 1000 imps) = 1.602880  [computed from data]
2026-06-09 13:07:37 | INFO     | optimisation:2222 |   [CPP] media_impressions_clara_linkedin          Impressions      CPM (GBP / 1000 imps) = 11.532971  [computed from data]
2026-06-09 13:07:37 | INFO     | optimisation:2222 |   [CPP] media_impressions_clara_meta              Impressions      CPM (GBP / 1000 imps) = 5.908476  [computed from data]
2026-06-09 13:07:37 | INFO     | analyze:99 | 
  Channel metric types and cost-per-unit rates:
  Channel                                       Metric           Rate
  --------------------------------------------------------------------------------
  media_impressions_clara_google                Impressions      9.596978  (CPM (GBP / 1000 imps))
  media_impressions_clara_dv360                 Impressions      1.602880  (CPM (GBP / 1000 imps))
  media_impressions_clara_linkedin              Impressions      11.532971  (CPM (GBP / 1000 imps))
  media_impressions_clara_meta                  Impressions      5.908476  (CPM (GBP / 1000 imps))
2026-06-09 13:07:37 | INFO     | analyze:623 | 
[SEQUENTIAL] Scenario 1: Current Spend | type=forward | n_months=1 | budget=£50,555
2026-06-09 13:07:37 | INFO     | optimisation:455 |   [CALIB] media_impressions_clara_google: trace=0.23359  sim=0.14264  calib=1.63760
2026-06-09 13:07:37 | INFO     | optimisation:455 |   [CALIB] media_impressions_clara_dv360: trace=0.12021  sim=0.01951  calib=6.16179
2026-06-09 13:07:37 | INFO     | optimisation:455 |   [CALIB] media_impressions_clara_linkedin: trace=0.10181  sim=0.04521  calib=2.25211
2026-06-09 13:07:37 | INFO     | optimisation:455 |   [CALIB] media_impressions_clara_meta: trace=0.16439  sim=0.30947  calib=0.53118
2026-06-09 13:07:37 | INFO     | optimisation:374 |   [RSCALE] mu_base_z=-0.5047  y_base=70.28  rscale=40.3375  (y_std x (y_base+1))
2026-06-09 13:07:37 | INFO     | optimisation:1839 |   [SEQ-OPT] n_months=1  n_ppm=4  total=£50,554.69  monthly=£50,554.69  round_budget_pct=0.020
2026-06-09 13:07:37 | INFO     | optimisation:1976 |   [SEQ-OPT] month=1  opt=152.94  bau=138.67  curr=138.67
2026-06-09 13:07:37 | INFO     | optimisation:2057 |   [SEQ-OPT] opt=152.9409  bau=138.6686  current=138.6686  uplift_vs_bau=+10.3%
2026-06-09 13:07:37 | INFO     | analyze:657 |   Saved: seq_Current_Spend_summary/channels/monthly.csv
2026-06-09 13:07:37 | INFO     | analyze:623 | 
[SEQUENTIAL] Scenario 2: Budget +20% | type=forward | n_months=1 | budget=£60,666
2026-06-09 13:07:37 | INFO     | optimisation:455 |   [CALIB] media_impressions_clara_google: trace=0.23359  sim=0.14264  calib=1.63760
2026-06-09 13:07:37 | INFO     | optimisation:455 |   [CALIB] media_impressions_clara_dv360: trace=0.12021  sim=0.01951  calib=6.16179
2026-06-09 13:07:37 | INFO     | optimisation:455 |   [CALIB] media_impressions_clara_linkedin: trace=0.10181  sim=0.04521  calib=2.25211
2026-06-09 13:07:37 | INFO     | optimisation:455 |   [CALIB] media_impressions_clara_meta: trace=0.16439  sim=0.30947  calib=0.53118
2026-06-09 13:07:37 | INFO     | optimisation:374 |   [RSCALE] mu_base_z=-0.5047  y_base=70.28  rscale=40.3375  (y_std x (y_base+1))
2026-06-09 13:07:37 | INFO     | optimisation:1839 |   [SEQ-OPT] n_months=1  n_ppm=4  total=£60,665.63  monthly=£60,665.63  round_budget_pct=0.020
2026-06-09 13:07:38 | INFO     | optimisation:1976 |   [SEQ-OPT] month=1  opt=170.50  bau=165.38  curr=138.67
2026-06-09 13:07:38 | INFO     | optimisation:2057 |   [SEQ-OPT] opt=170.5015  bau=165.3788  current=138.6686  uplift_vs_bau=+3.1%
2026-06-09 13:07:38 | INFO     | analyze:657 |   Saved: seq_Budget_plus20pct_summary/channels/monthly.csv
2026-06-09 13:07:38 | INFO     | analyze:623 | 
[SEQUENTIAL] Scenario 3: Budget -20% | type=forward | n_months=1 | budget=£40,444
2026-06-09 13:07:38 | INFO     | optimisation:455 |   [CALIB] media_impressions_clara_google: trace=0.23359  sim=0.14264  calib=1.63760
2026-06-09 13:07:38 | INFO     | optimisation:455 |   [CALIB] media_impressions_clara_dv360: trace=0.12021  sim=0.01951  calib=6.16179
2026-06-09 13:07:38 | INFO     | optimisation:455 |   [CALIB] media_impressions_clara_linkedin: trace=0.10181  sim=0.04521  calib=2.25211
2026-06-09 13:07:38 | INFO     | optimisation:455 |   [CALIB] media_impressions_clara_meta: trace=0.16439  sim=0.30947  calib=0.53118
2026-06-09 13:07:38 | INFO     | optimisation:374 |   [RSCALE] mu_base_z=-0.5047  y_base=70.28  rscale=40.3375  (y_std x (y_base+1))
2026-06-09 13:07:38 | INFO     | optimisation:1839 |   [SEQ-OPT] n_months=1  n_ppm=4  total=£40,443.76  monthly=£40,443.76  round_budget_pct=0.020
2026-06-09 13:07:38 | INFO     | optimisation:1976 |   [SEQ-OPT] month=1  opt=125.84  bau=106.97  curr=138.67
2026-06-09 13:07:38 | INFO     | optimisation:2057 |   [SEQ-OPT] opt=125.8449  bau=106.9651  current=138.6686  uplift_vs_bau=+17.6%
2026-06-09 13:07:38 | INFO     | analyze:657 |   Saved: seq_Budget_20pct_summary/channels/monthly.csv
2026-06-09 13:07:38 | INFO     | analyze:671 |   Saved: sequential_opt/optimisation_scenarios.csv
2026-06-09 13:07:38 | INFO     | analyze:922 |   [SEQUENTIAL] Excel written: Bayesian_Output\sequential_results.xlsx
2026-06-09 13:07:39 | INFO     | export:707 |   Written Optimisation_Scenarios tab to model_results.xlsx
2026-06-09 13:07:39 | INFO     | analyze:687 |   Written Optimisation_Scenarios tab to model_results.xlsx
2026-06-09 13:07:40 | INFO     | analysis:1674 |   Saved: Bayesian_Output\sequential_opt\waterfall_optimizer.png
2026-06-09 13:07:40 | INFO     | analysis:1778 |   Saved: Bayesian_Output\sequential_opt\efficiency_scorecard.png
2026-06-09 13:07:40 | INFO     | analyze:709 |   Saved waterfall + scorecard for scenario: Current Spend
2026-06-09 13:07:40 | INFO     | analyze:715 | [SEQUENTIAL] Done.
2026-06-09 13:21:12 | INFO     | pipeline:196 | [LOAD] trace.nc  <- Bayesian_Output\trace.nc
2026-06-09 13:21:13 | INFO     | pipeline:199 | [LOAD] prep.pkl  <- Bayesian_Output\prep.pkl
2026-06-09 13:21:13 | DEBUG    | optimisation:2165 |   [CPP] Loaded source CSV: wkly_clara_data_31Jul 2.csv
2026-06-09 13:21:13 | INFO     | optimisation:2229 |   [CPP] media_impressions_clara_google            Impressions      CPM (GBP / 1000 imps) = 9.596978  [computed from data]
2026-06-09 13:21:13 | INFO     | optimisation:2229 |   [CPP] media_impressions_clara_dv360             Impressions      CPM (GBP / 1000 imps) = 1.602880  [computed from data]
2026-06-09 13:21:13 | INFO     | optimisation:2229 |   [CPP] media_impressions_clara_linkedin          Impressions      CPM (GBP / 1000 imps) = 11.532971  [computed from data]
2026-06-09 13:21:13 | INFO     | optimisation:2229 |   [CPP] media_impressions_clara_meta              Impressions      CPM (GBP / 1000 imps) = 5.908476  [computed from data]
2026-06-09 13:21:13 | INFO     | analyze:99 | 
  Channel metric types and cost-per-unit rates:
  Channel                                       Metric           Rate
  --------------------------------------------------------------------------------
  media_impressions_clara_google                Impressions      9.596978  (CPM (GBP / 1000 imps))
  media_impressions_clara_dv360                 Impressions      1.602880  (CPM (GBP / 1000 imps))
  media_impressions_clara_linkedin              Impressions      11.532971  (CPM (GBP / 1000 imps))
  media_impressions_clara_meta                  Impressions      5.908476  (CPM (GBP / 1000 imps))
2026-06-09 13:21:13 | INFO     | analyze:623 | 
[SEQUENTIAL] Scenario 1: Current Spend | type=forward | n_months=1 | budget=£50,555
2026-06-09 13:21:13 | INFO     | optimisation:455 |   [CALIB] media_impressions_clara_google: trace=0.23359  sim=0.14264  calib=1.63760
2026-06-09 13:21:13 | INFO     | optimisation:455 |   [CALIB] media_impressions_clara_dv360: trace=0.12021  sim=0.01951  calib=6.16179
2026-06-09 13:21:13 | INFO     | optimisation:455 |   [CALIB] media_impressions_clara_linkedin: trace=0.10181  sim=0.04521  calib=2.25211
2026-06-09 13:21:13 | INFO     | optimisation:455 |   [CALIB] media_impressions_clara_meta: trace=0.16439  sim=0.30947  calib=0.53118
2026-06-09 13:21:13 | INFO     | optimisation:374 |   [RSCALE] mu_base_z=-0.5047  y_base=70.28  rscale=40.3375  (y_std x (y_base+1))
2026-06-09 13:21:13 | INFO     | optimisation:1839 |   [SEQ-OPT] n_months=1  n_ppm=4  total=£50,554.69  monthly=£50,554.69  round_budget_pct=0.020
2026-06-09 13:21:13 | INFO     | optimisation:1983 |   [SEQ-OPT] month=1  opt=63.90  bau=50.19  curr=50.19
2026-06-09 13:21:13 | INFO     | optimisation:2064 |   [SEQ-OPT] opt=63.8982  bau=50.1876  current=50.1876  uplift_vs_bau=+27.3%
2026-06-09 13:21:13 | INFO     | analyze:657 |   Saved: seq_Current_Spend_summary/channels/monthly.csv
2026-06-09 13:21:13 | INFO     | analyze:623 | 
[SEQUENTIAL] Scenario 2: Budget +20% | type=forward | n_months=1 | budget=£60,666
2026-06-09 13:21:13 | INFO     | optimisation:455 |   [CALIB] media_impressions_clara_google: trace=0.23359  sim=0.14264  calib=1.63760
2026-06-09 13:21:13 | INFO     | optimisation:455 |   [CALIB] media_impressions_clara_dv360: trace=0.12021  sim=0.01951  calib=6.16179
2026-06-09 13:21:13 | INFO     | optimisation:455 |   [CALIB] media_impressions_clara_linkedin: trace=0.10181  sim=0.04521  calib=2.25211
2026-06-09 13:21:13 | INFO     | optimisation:455 |   [CALIB] media_impressions_clara_meta: trace=0.16439  sim=0.30947  calib=0.53118
2026-06-09 13:21:13 | INFO     | optimisation:374 |   [RSCALE] mu_base_z=-0.5047  y_base=70.28  rscale=40.3375  (y_std x (y_base+1))
2026-06-09 13:21:13 | INFO     | optimisation:1839 |   [SEQ-OPT] n_months=1  n_ppm=4  total=£60,665.63  monthly=£60,665.63  round_budget_pct=0.020
2026-06-09 13:21:13 | INFO     | optimisation:1983 |   [SEQ-OPT] month=1  opt=71.84  bau=66.68  curr=50.19
2026-06-09 13:21:13 | INFO     | optimisation:2064 |   [SEQ-OPT] opt=71.8412  bau=66.6757  current=50.1876  uplift_vs_bau=+7.8%
2026-06-09 13:21:13 | INFO     | analyze:657 |   Saved: seq_Budget_plus20pct_summary/channels/monthly.csv
2026-06-09 13:21:13 | INFO     | analyze:623 | 
[SEQUENTIAL] Scenario 3: Budget -20% | type=forward | n_months=1 | budget=£40,444
2026-06-09 13:21:13 | INFO     | optimisation:455 |   [CALIB] media_impressions_clara_google: trace=0.23359  sim=0.14264  calib=1.63760
2026-06-09 13:21:13 | INFO     | optimisation:455 |   [CALIB] media_impressions_clara_dv360: trace=0.12021  sim=0.01951  calib=6.16179
2026-06-09 13:21:13 | INFO     | optimisation:455 |   [CALIB] media_impressions_clara_linkedin: trace=0.10181  sim=0.04521  calib=2.25211
2026-06-09 13:21:13 | INFO     | optimisation:455 |   [CALIB] media_impressions_clara_meta: trace=0.16439  sim=0.30947  calib=0.53118
2026-06-09 13:21:13 | INFO     | optimisation:374 |   [RSCALE] mu_base_z=-0.5047  y_base=70.28  rscale=40.3375  (y_std x (y_base+1))
2026-06-09 13:21:13 | INFO     | optimisation:1839 |   [SEQ-OPT] n_months=1  n_ppm=4  total=£40,443.76  monthly=£40,443.76  round_budget_pct=0.020
2026-06-09 13:21:13 | INFO     | optimisation:1983 |   [SEQ-OPT] month=1  opt=54.42  bau=36.56  curr=50.19
2026-06-09 13:21:13 | INFO     | optimisation:2064 |   [SEQ-OPT] opt=54.4197  bau=36.5589  current=50.1876  uplift_vs_bau=+48.9%
2026-06-09 13:21:13 | INFO     | analyze:657 |   Saved: seq_Budget_20pct_summary/channels/monthly.csv
2026-06-09 13:21:13 | INFO     | analyze:671 |   Saved: sequential_opt/optimisation_scenarios.csv
2026-06-09 13:21:14 | INFO     | analyze:922 |   [SEQUENTIAL] Excel written: Bayesian_Output\sequential_results.xlsx
2026-06-09 13:21:15 | INFO     | export:707 |   Written Optimisation_Scenarios tab to model_results.xlsx
2026-06-09 13:21:15 | INFO     | analyze:687 |   Written Optimisation_Scenarios tab to model_results.xlsx
2026-06-09 13:21:15 | INFO     | analysis:1674 |   Saved: Bayesian_Output\sequential_opt\waterfall_optimizer.png
2026-06-09 13:21:15 | INFO     | analysis:1778 |   Saved: Bayesian_Output\sequential_opt\efficiency_scorecard.png
2026-06-09 13:21:15 | INFO     | analyze:709 |   Saved waterfall + scorecard for scenario: Current Spend
2026-06-09 13:21:15 | INFO     | analyze:715 | [SEQUENTIAL] Done.
2026-06-09 14:30:42 | INFO     | pipeline:196 | [LOAD] trace.nc  <- Bayesian_Output\trace.nc
2026-06-09 14:30:43 | INFO     | pipeline:199 | [LOAD] prep.pkl  <- Bayesian_Output\prep.pkl
2026-06-09 14:30:43 | DEBUG    | optimisation:2262 |   [CPP] Loaded source CSV: wkly_clara_data_31Jul 2.csv
2026-06-09 14:30:43 | INFO     | optimisation:2326 |   [CPP] media_impressions_clara_google            Impressions      CPM (GBP / 1000 imps) = 9.596978  [computed from data]
2026-06-09 14:30:43 | INFO     | optimisation:2326 |   [CPP] media_impressions_clara_dv360             Impressions      CPM (GBP / 1000 imps) = 1.602880  [computed from data]
2026-06-09 14:30:43 | INFO     | optimisation:2326 |   [CPP] media_impressions_clara_linkedin          Impressions      CPM (GBP / 1000 imps) = 11.532971  [computed from data]
2026-06-09 14:30:43 | INFO     | optimisation:2326 |   [CPP] media_impressions_clara_meta              Impressions      CPM (GBP / 1000 imps) = 5.908476  [computed from data]
2026-06-09 14:30:43 | INFO     | analyze:99 | 
  Channel metric types and cost-per-unit rates:
  Channel                                       Metric           Rate
  --------------------------------------------------------------------------------
  media_impressions_clara_google                Impressions      9.596978  (CPM (GBP / 1000 imps))
  media_impressions_clara_dv360                 Impressions      1.602880  (CPM (GBP / 1000 imps))
  media_impressions_clara_linkedin              Impressions      11.532971  (CPM (GBP / 1000 imps))
  media_impressions_clara_meta                  Impressions      5.908476  (CPM (GBP / 1000 imps))
2026-06-09 14:30:43 | INFO     | analyze:623 | 
[SEQUENTIAL] Scenario 1: Current Spend | type=forward | n_months=1 | budget=£50,555
2026-06-09 14:30:43 | INFO     | optimisation:455 |   [CALIB] media_impressions_clara_google: trace=0.23359  sim=0.14264  calib=1.63760
2026-06-09 14:30:43 | INFO     | optimisation:455 |   [CALIB] media_impressions_clara_dv360: trace=0.12021  sim=0.01951  calib=6.16179
2026-06-09 14:30:43 | INFO     | optimisation:455 |   [CALIB] media_impressions_clara_linkedin: trace=0.10181  sim=0.04521  calib=2.25211
2026-06-09 14:30:43 | INFO     | optimisation:455 |   [CALIB] media_impressions_clara_meta: trace=0.16439  sim=0.30947  calib=0.53118
2026-06-09 14:30:43 | WARNING  | optimisation:1894 |   [SEQ-OPT] n_samples=1 is too low for reliable HDI bands. Increase to ≥50 for meaningful uncertainty quantification. The allocation PATH uses posterior-mean parameters regardless, but HDI columns in df_channels will reflect near-zero variance.
2026-06-09 14:30:43 | INFO     | optimisation:374 |   [RSCALE] mu_base_z=-0.5047  y_base=70.28  rscale=40.3375  (y_std x (y_base+1))
2026-06-09 14:30:43 | INFO     | optimisation:1934 |   [SEQ-OPT] n_months=1  n_ppm=4  total=£50,554.69  monthly=£50,554.69  round_budget_pct=0.020
2026-06-09 14:30:43 | INFO     | optimisation:2080 |   [SEQ-OPT] month=1  opt=54.40  bau=42.04  curr=42.04
2026-06-09 14:30:43 | INFO     | optimisation:2161 |   [SEQ-OPT] opt=54.4031  bau=42.0351  current=42.0351  uplift_vs_bau=+29.4%
2026-06-09 14:30:43 | INFO     | analyze:657 |   Saved: seq_Current_Spend_summary/channels/monthly.csv
2026-06-09 14:30:43 | INFO     | analyze:623 | 
[SEQUENTIAL] Scenario 2: Budget +20% | type=forward | n_months=1 | budget=£60,666
2026-06-09 14:30:43 | INFO     | optimisation:455 |   [CALIB] media_impressions_clara_google: trace=0.23359  sim=0.14264  calib=1.63760
2026-06-09 14:30:43 | INFO     | optimisation:455 |   [CALIB] media_impressions_clara_dv360: trace=0.12021  sim=0.01951  calib=6.16179
2026-06-09 14:30:43 | INFO     | optimisation:455 |   [CALIB] media_impressions_clara_linkedin: trace=0.10181  sim=0.04521  calib=2.25211
2026-06-09 14:30:43 | INFO     | optimisation:455 |   [CALIB] media_impressions_clara_meta: trace=0.16439  sim=0.30947  calib=0.53118
2026-06-09 14:30:43 | WARNING  | optimisation:1894 |   [SEQ-OPT] n_samples=1 is too low for reliable HDI bands. Increase to ≥50 for meaningful uncertainty quantification. The allocation PATH uses posterior-mean parameters regardless, but HDI columns in df_channels will reflect near-zero variance.
2026-06-09 14:30:43 | INFO     | optimisation:374 |   [RSCALE] mu_base_z=-0.5047  y_base=70.28  rscale=40.3375  (y_std x (y_base+1))
2026-06-09 14:30:43 | INFO     | optimisation:1934 |   [SEQ-OPT] n_months=1  n_ppm=4  total=£60,665.63  monthly=£60,665.63  round_budget_pct=0.020
2026-06-09 14:30:43 | INFO     | optimisation:2080 |   [SEQ-OPT] month=1  opt=62.21  bau=57.51  curr=42.04
2026-06-09 14:30:43 | INFO     | optimisation:2161 |   [SEQ-OPT] opt=62.2147  bau=57.5117  current=42.0351  uplift_vs_bau=+8.2%
2026-06-09 14:30:43 | INFO     | analyze:657 |   Saved: seq_Budget_plus20pct_summary/channels/monthly.csv
2026-06-09 14:30:43 | INFO     | analyze:623 | 
[SEQUENTIAL] Scenario 3: Budget -20% | type=forward | n_months=1 | budget=£40,444
2026-06-09 14:30:43 | INFO     | optimisation:455 |   [CALIB] media_impressions_clara_google: trace=0.23359  sim=0.14264  calib=1.63760
2026-06-09 14:30:43 | INFO     | optimisation:455 |   [CALIB] media_impressions_clara_dv360: trace=0.12021  sim=0.01951  calib=6.16179
2026-06-09 14:30:43 | INFO     | optimisation:455 |   [CALIB] media_impressions_clara_linkedin: trace=0.10181  sim=0.04521  calib=2.25211
2026-06-09 14:30:43 | INFO     | optimisation:455 |   [CALIB] media_impressions_clara_meta: trace=0.16439  sim=0.30947  calib=0.53118
2026-06-09 14:30:43 | WARNING  | optimisation:1894 |   [SEQ-OPT] n_samples=1 is too low for reliable HDI bands. Increase to ≥50 for meaningful uncertainty quantification. The allocation PATH uses posterior-mean parameters regardless, but HDI columns in df_channels will reflect near-zero variance.
2026-06-09 14:30:43 | INFO     | optimisation:374 |   [RSCALE] mu_base_z=-0.5047  y_base=70.28  rscale=40.3375  (y_std x (y_base+1))
2026-06-09 14:30:43 | INFO     | optimisation:1934 |   [SEQ-OPT] n_months=1  n_ppm=4  total=£40,443.76  monthly=£40,443.76  round_budget_pct=0.020
2026-06-09 14:30:44 | INFO     | optimisation:2080 |   [SEQ-OPT] month=1  opt=45.14  bau=29.49  curr=42.04
2026-06-09 14:30:44 | INFO     | optimisation:2161 |   [SEQ-OPT] opt=45.1415  bau=29.4862  current=42.0351  uplift_vs_bau=+53.1%
2026-06-09 14:30:44 | INFO     | analyze:657 |   Saved: seq_Budget_20pct_summary/channels/monthly.csv
2026-06-09 14:30:44 | INFO     | analyze:671 |   Saved: sequential_opt/optimisation_scenarios.csv
2026-06-09 14:30:44 | INFO     | analyze:922 |   [SEQUENTIAL] Excel written: Bayesian_Output\sequential_results.xlsx
2026-06-09 14:30:45 | INFO     | export:707 |   Written Optimisation_Scenarios tab to model_results.xlsx
2026-06-09 14:30:45 | INFO     | analyze:687 |   Written Optimisation_Scenarios tab to model_results.xlsx
2026-06-09 14:30:46 | INFO     | analysis:1674 |   Saved: Bayesian_Output\sequential_opt\waterfall_optimizer.png
2026-06-09 14:30:46 | INFO     | analysis:1778 |   Saved: Bayesian_Output\sequential_opt\efficiency_scorecard.png
2026-06-09 14:30:46 | INFO     | analyze:709 |   Saved waterfall + scorecard for scenario: Current Spend
2026-06-09 14:30:46 | INFO     | analyze:715 | [SEQUENTIAL] Done.
